-- phpMyAdmin SQL Dump
-- version 4.9.5
-- https://www.phpmyadmin.net/
--
-- Host: localhost:3306
-- Generation Time: Dec 09, 2020 at 12:52 PM
-- Server version: 10.3.27-MariaDB
-- PHP Version: 7.3.6

SET SQL_MODE = "NO_AUTO_VALUE_ON_ZERO";
SET AUTOCOMMIT = 0;
START TRANSACTION;
SET time_zone = "+00:00";


/*!40101 SET @OLD_CHARACTER_SET_CLIENT=@@CHARACTER_SET_CLIENT */;
/*!40101 SET @OLD_CHARACTER_SET_RESULTS=@@CHARACTER_SET_RESULTS */;
/*!40101 SET @OLD_COLLATION_CONNECTION=@@COLLATION_CONNECTION */;
/*!40101 SET NAMES utf8mb4 */;

--
-- Database: `u8745197_spos`
--

-- --------------------------------------------------------

--
-- Table structure for table `tec_categories`
--

CREATE TABLE `tec_categories` (
  `id` int(11) NOT NULL,
  `code` varchar(20) NOT NULL,
  `name` varchar(55) NOT NULL,
  `image` varchar(100) DEFAULT 'no_image.png'
) ENGINE=InnoDB DEFAULT CHARSET=utf8;

--
-- Dumping data for table `tec_categories`
--

INSERT INTO `tec_categories` (`id`, `code`, `name`, `image`) VALUES
(1, 'G01', 'General', 'no_image.png');

-- --------------------------------------------------------

--
-- Table structure for table `tec_combo_items`
--

CREATE TABLE `tec_combo_items` (
  `id` int(11) NOT NULL,
  `product_id` int(11) NOT NULL,
  `item_code` varchar(20) NOT NULL,
  `quantity` decimal(12,4) NOT NULL,
  `price` decimal(25,4) DEFAULT NULL,
  `cost` decimal(25,4) DEFAULT NULL
) ENGINE=InnoDB DEFAULT CHARSET=utf8;

-- --------------------------------------------------------

--
-- Table structure for table `tec_customers`
--

CREATE TABLE `tec_customers` (
  `id` int(11) NOT NULL,
  `name` varchar(55) NOT NULL,
  `cf1` varchar(255) NOT NULL,
  `cf2` varchar(255) NOT NULL,
  `phone` varchar(20) NOT NULL,
  `email` varchar(100) NOT NULL,
  `store_id` int(11) DEFAULT NULL
) ENGINE=InnoDB DEFAULT CHARSET=utf8;

--
-- Dumping data for table `tec_customers`
--

INSERT INTO `tec_customers` (`id`, `name`, `cf1`, `cf2`, `phone`, `email`, `store_id`) VALUES
(1, 'Walk-in Client', '', '', '012345678', 'customer@tecdiary.com', NULL),
(2, 'Tami', '', '', '', '', NULL),
(3, 'CNN', '', '', 'FTG', '', NULL),
(4, 'Wn', '', '', '', '', NULL),
(5, 'Udin', '', '', '', '', NULL),
(6, 'Fauzi', '', '', '', '', NULL),
(7, 'Tiga putri', '', '', '', '', NULL),
(8, 'Uda padang', '', '', '', '', NULL),
(9, 'Iman', '', '', '', '', NULL),
(10, 'Uda ali', '', '', '', '', NULL),
(11, 'H dadang', '', '', '', '', NULL),
(12, 'Abah haji', '', '', '', '', NULL),
(13, 'H asep', '', '', '', '', NULL),
(14, 'Rrn', '', '', '', '', NULL),
(15, 'Kpk', '', '', '', '', NULL),
(16, 'Andri d7', '', '', '', '', NULL),
(17, 'Bayu d5', '', '', '', '', NULL);

-- --------------------------------------------------------

--
-- Table structure for table `tec_expenses`
--

CREATE TABLE `tec_expenses` (
  `id` int(11) NOT NULL,
  `date` timestamp NOT NULL DEFAULT current_timestamp(),
  `reference` varchar(50) NOT NULL,
  `amount` decimal(25,4) NOT NULL,
  `note` varchar(1000) DEFAULT NULL,
  `created_by` varchar(55) NOT NULL,
  `attachment` varchar(55) DEFAULT NULL,
  `store_id` int(11) NOT NULL DEFAULT 1
) ENGINE=InnoDB DEFAULT CHARSET=utf8;

-- --------------------------------------------------------

--
-- Table structure for table `tec_gift_cards`
--

CREATE TABLE `tec_gift_cards` (
  `id` int(11) NOT NULL,
  `date` timestamp NOT NULL DEFAULT current_timestamp(),
  `card_no` varchar(20) NOT NULL,
  `value` decimal(25,4) NOT NULL,
  `customer_id` int(11) DEFAULT NULL,
  `balance` decimal(25,4) NOT NULL,
  `expiry` date DEFAULT NULL,
  `created_by` int(11) DEFAULT NULL,
  `store_id` int(11) DEFAULT NULL
) ENGINE=InnoDB DEFAULT CHARSET=utf8;

-- --------------------------------------------------------

--
-- Table structure for table `tec_groups`
--

CREATE TABLE `tec_groups` (
  `id` mediumint(8) UNSIGNED NOT NULL,
  `name` varchar(20) NOT NULL,
  `description` varchar(100) NOT NULL
) ENGINE=InnoDB DEFAULT CHARSET=utf8;

--
-- Dumping data for table `tec_groups`
--

INSERT INTO `tec_groups` (`id`, `name`, `description`) VALUES
(1, 'admin', 'Administrator'),
(2, 'staff', 'Staff');

-- --------------------------------------------------------

--
-- Table structure for table `tec_login_attempts`
--

CREATE TABLE `tec_login_attempts` (
  `id` mediumint(8) UNSIGNED NOT NULL,
  `ip_address` varbinary(16) NOT NULL,
  `login` varchar(100) NOT NULL,
  `time` int(11) UNSIGNED DEFAULT NULL
) ENGINE=InnoDB DEFAULT CHARSET=utf8;

-- --------------------------------------------------------

--
-- Table structure for table `tec_payments`
--

CREATE TABLE `tec_payments` (
  `id` int(11) NOT NULL,
  `date` timestamp NULL DEFAULT current_timestamp(),
  `sale_id` int(11) DEFAULT NULL,
  `customer_id` int(11) DEFAULT NULL,
  `transaction_id` varchar(50) DEFAULT NULL,
  `paid_by` varchar(20) NOT NULL,
  `cheque_no` varchar(20) DEFAULT NULL,
  `cc_no` varchar(20) DEFAULT NULL,
  `cc_holder` varchar(25) DEFAULT NULL,
  `cc_month` varchar(2) DEFAULT NULL,
  `cc_year` varchar(4) DEFAULT NULL,
  `cc_type` varchar(20) DEFAULT NULL,
  `amount` decimal(25,4) NOT NULL,
  `currency` varchar(3) DEFAULT NULL,
  `created_by` int(11) NOT NULL,
  `attachment` varchar(55) DEFAULT NULL,
  `note` varchar(1000) DEFAULT NULL,
  `pos_paid` decimal(25,4) DEFAULT 0.0000,
  `pos_balance` decimal(25,4) DEFAULT 0.0000,
  `gc_no` varchar(20) DEFAULT NULL,
  `reference` varchar(50) DEFAULT NULL,
  `updated_by` int(11) DEFAULT NULL,
  `updated_at` timestamp NULL DEFAULT NULL,
  `store_id` int(11) NOT NULL DEFAULT 1
) ENGINE=InnoDB DEFAULT CHARSET=utf8;

--
-- Dumping data for table `tec_payments`
--

INSERT INTO `tec_payments` (`id`, `date`, `sale_id`, `customer_id`, `transaction_id`, `paid_by`, `cheque_no`, `cc_no`, `cc_holder`, `cc_month`, `cc_year`, `cc_type`, `amount`, `currency`, `created_by`, `attachment`, `note`, `pos_paid`, `pos_balance`, `gc_no`, `reference`, `updated_by`, `updated_at`, `store_id`) VALUES
(34, '2020-12-05 06:30:55', 34, 1, NULL, 'cash', '', '', '', '', '', '', 169000.0000, NULL, 4, NULL, '', 169000.0000, 0.0000, '', NULL, NULL, NULL, 1),
(35, '2020-12-05 07:15:20', 35, 4, NULL, 'cash', '', '', '', '', '', '', 503000.0000, NULL, 4, NULL, '', 503000.0000, 0.0000, '', NULL, NULL, NULL, 1),
(36, '2020-12-05 07:18:51', 36, 1, NULL, 'cash', '', '', '', '', '', '', 149000.0000, NULL, 4, NULL, '', 149000.0000, 0.0000, '', NULL, NULL, NULL, 1),
(37, '2020-12-05 07:23:51', 37, 8, NULL, 'cash', '', '', '', '', '', '', 112000.0000, NULL, 4, NULL, '', 112000.0000, 0.0000, '', NULL, NULL, NULL, 1),
(38, '2020-12-05 07:32:25', 38, 8, NULL, 'cash', '', '', '', '', '', '', 124000.0000, NULL, 4, NULL, '', 124000.0000, 0.0000, '', NULL, NULL, NULL, 1),
(39, '2020-12-05 07:46:59', 39, 1, NULL, 'cash', '', '', '', '', '', '', 165000.0000, NULL, 4, NULL, '', 165000.0000, 0.0000, '', NULL, NULL, NULL, 1),
(40, '2020-12-05 07:52:03', 40, 9, NULL, 'cash', '', '', '', '', '', '', 430000.0000, NULL, 4, NULL, '', 430000.0000, 0.0000, '', NULL, NULL, NULL, 1),
(41, '2020-12-05 07:55:25', 41, 1, NULL, 'cash', '', '', '', '', '', '', 68000.0000, NULL, 4, NULL, '', 68000.0000, 0.0000, '', NULL, NULL, NULL, 1),
(42, '2020-12-05 07:58:13', 42, 1, NULL, 'cash', '', '', '', '', '', '', 69000.0000, NULL, 4, NULL, '', 69000.0000, 0.0000, '', NULL, NULL, NULL, 1),
(43, '2020-12-05 08:14:09', 43, 1, NULL, 'cash', '', '', '', '', '', '', 37000.0000, NULL, 4, NULL, '', 37000.0000, 0.0000, '', NULL, NULL, NULL, 1),
(44, '2020-12-05 08:21:40', 44, 1, NULL, 'cash', '', '', '', '', '', '', 70000.0000, NULL, 4, NULL, '', 70000.0000, 0.0000, '', NULL, NULL, NULL, 1),
(45, '2020-12-05 08:25:06', 45, 1, NULL, 'cash', '', '', '', '', '', '', 11000.0000, NULL, 4, NULL, '', 11000.0000, 0.0000, '', NULL, NULL, NULL, 1),
(46, '2020-12-05 08:31:16', 46, 1, NULL, 'cash', '', '', '', '', '', '', 10000.0000, NULL, 4, NULL, '', 10000.0000, 0.0000, '', NULL, NULL, NULL, 1),
(47, '2020-12-05 08:49:24', 47, 10, NULL, 'cash', '', '', '', '', '', '', 239000.0000, NULL, 4, NULL, '', 239000.0000, 0.0000, '', NULL, NULL, NULL, 1),
(48, '2020-12-05 08:54:50', 48, 1, NULL, 'cash', '', '', '', '', '', '', 52000.0000, NULL, 4, NULL, '', 52000.0000, 0.0000, '', NULL, NULL, NULL, 1),
(49, '2020-12-05 09:03:37', 49, 11, NULL, 'cash', '', '', '', '', '', '', 180000.0000, NULL, 4, NULL, '', 180000.0000, 0.0000, '', NULL, NULL, NULL, 1),
(50, '2020-12-05 09:22:55', 50, 1, NULL, 'cash', '', '', '', '', '', '', 70000.0000, NULL, 4, NULL, '', 70000.0000, 0.0000, '', NULL, NULL, NULL, 1),
(51, '2020-12-05 09:25:17', 51, 1, NULL, 'cash', '', '', '', '', '', '', 20000.0000, NULL, 4, NULL, '', 20000.0000, 0.0000, '', NULL, NULL, NULL, 1),
(52, '2020-12-05 09:43:05', 52, 1, NULL, 'cash', '', '', '', '', '', '', 30000.0000, NULL, 4, NULL, '', 30000.0000, 0.0000, '', NULL, NULL, NULL, 1),
(53, '2020-12-05 09:59:09', 53, 1, NULL, 'cash', '', '', '', '', '', '', 5000.0000, NULL, 4, NULL, '', 5000.0000, 0.0000, '', NULL, NULL, NULL, 1),
(54, '2020-12-05 10:00:31', 54, 1, NULL, 'cash', '', '', '', '', '', '', 105000.0000, NULL, 4, NULL, '', 105000.0000, 0.0000, '', NULL, NULL, NULL, 1),
(55, '2020-12-05 10:13:44', 55, 1, NULL, 'cash', '', '', '', '', '', '', 33000.0000, NULL, 4, NULL, '', 50000.0000, 17000.0000, '', NULL, NULL, NULL, 1),
(56, '2020-12-05 10:20:38', 56, 1, NULL, 'cash', '', '', '', '', '', '', 94000.0000, NULL, 4, NULL, '', 100000.0000, 6000.0000, '', NULL, NULL, NULL, 1),
(57, '2020-12-05 10:45:26', 57, 1, NULL, 'cash', '', '', '', '', '', '', 5000.0000, NULL, 4, NULL, '', 5000.0000, 0.0000, '', NULL, NULL, NULL, 1),
(58, '2020-12-05 10:57:04', 58, 1, NULL, 'cash', '', '', '', '', '', '', 339000.0000, NULL, 4, NULL, '', 339000.0000, 0.0000, '', NULL, NULL, NULL, 1),
(59, '2020-12-05 10:58:32', 59, 1, NULL, 'cash', '', '', '', '', '', '', 24000.0000, NULL, 4, NULL, '', 24000.0000, 0.0000, '', NULL, NULL, NULL, 1),
(60, '2020-12-05 11:02:09', 60, 1, NULL, 'cash', '', '', '', '', '', '', 28000.0000, NULL, 4, NULL, '', 28000.0000, 0.0000, '', NULL, NULL, NULL, 1),
(61, '2020-12-05 11:12:49', 61, 1, NULL, 'cash', '', '', '', '', '', '', 7000.0000, NULL, 4, NULL, '', 7000.0000, 0.0000, '', NULL, NULL, NULL, 1),
(62, '2020-12-05 11:26:13', 62, 1, NULL, 'cash', '', '', '', '', '', '', 410000.0000, NULL, 4, NULL, '', 410000.0000, 0.0000, '', NULL, NULL, NULL, 1),
(63, '2020-12-05 11:57:06', 63, 1, NULL, 'cash', '', '', '', '', '', '', 34000.0000, NULL, 4, NULL, '', 34000.0000, 0.0000, '', NULL, NULL, NULL, 1),
(64, '2020-12-05 12:14:01', 64, 1, NULL, 'cash', '', '', '', '', '', '', 20000.0000, NULL, 4, NULL, '', 20000.0000, 0.0000, '', NULL, NULL, NULL, 1),
(65, '2020-12-05 12:24:36', 65, 1, NULL, 'cash', '', '', '', '', '', '', 26000.0000, NULL, 4, NULL, '', 26000.0000, 0.0000, '', NULL, NULL, NULL, 1),
(66, '2020-12-05 12:32:24', 66, 3, NULL, 'cash', '', '', '', '', '', '', 1130000.0000, NULL, 4, NULL, '', 1130000.0000, 0.0000, '', NULL, NULL, NULL, 1),
(67, '2020-12-05 12:45:56', 67, 1, NULL, 'cash', '', '', '', '', '', '', 72000.0000, NULL, 4, NULL, '', 72000.0000, 0.0000, '', NULL, NULL, NULL, 1),
(68, '2020-12-05 12:50:15', 68, 1, NULL, 'cash', '', '', '', '', '', '', 69000.0000, NULL, 4, NULL, '', 69000.0000, 0.0000, '', NULL, NULL, NULL, 1),
(69, '2020-12-05 13:08:29', 69, 1, NULL, 'cash', '', '', '', '', '', '', 40000.0000, NULL, 4, NULL, '', 40000.0000, 0.0000, '', NULL, NULL, NULL, 1),
(70, '2020-12-05 13:09:28', 70, 1, NULL, 'cash', '', '', '', '', '', '', 120000.0000, NULL, 4, NULL, '', 120000.0000, 0.0000, '', NULL, NULL, NULL, 1),
(71, '2020-12-05 13:47:10', 71, 1, NULL, 'cash', '', '', '', '', '', '', 10000.0000, NULL, 4, NULL, '', 10000.0000, 0.0000, '', NULL, NULL, NULL, 1),
(72, '2020-12-05 14:04:54', 72, 1, NULL, 'cash', '', '', '', '', '', '', 17000.0000, NULL, 4, NULL, '', 17000.0000, 0.0000, '', NULL, NULL, NULL, 1),
(73, '2020-12-05 14:36:16', 73, 1, NULL, 'cash', '', '', '', '', '', '', 111000.0000, NULL, 4, NULL, '', 111000.0000, 0.0000, '', NULL, NULL, NULL, 1),
(74, '2020-12-05 14:41:34', 74, 1, NULL, 'cash', '', '', '', '', '', '', 24000.0000, NULL, 4, NULL, '', 24000.0000, 0.0000, '', NULL, NULL, NULL, 1),
(75, '2020-12-05 14:56:56', 75, 1, NULL, 'cash', '', '', '', '', '', '', 70000.0000, NULL, 4, NULL, '', 70000.0000, 0.0000, '', NULL, NULL, NULL, 1),
(76, '2020-12-05 14:59:58', 76, 1, NULL, 'cash', '', '', '', '', '', '', 975000.0000, NULL, 4, NULL, '', 975000.0000, 0.0000, '', NULL, NULL, NULL, 1),
(77, '2020-12-05 15:09:44', 77, 1, NULL, 'cash', '', '', '', '', '', '', 436500.0000, NULL, 4, NULL, '', 436500.0000, 0.0000, '', NULL, NULL, NULL, 1),
(78, '2020-12-05 15:54:00', 78, 1, NULL, 'cash', '', '', '', '', '', '', 10000.0000, NULL, 4, NULL, '', 10000.0000, 0.0000, '', NULL, NULL, NULL, 1),
(79, '2020-12-05 16:09:01', 79, 1, NULL, 'cash', '', '', '', '', '', '', 40000.0000, NULL, 4, NULL, '', 50000.0000, 10000.0000, '', NULL, NULL, NULL, 1),
(80, '2020-12-05 16:46:02', 80, 1, NULL, 'cash', '', '', '', '', '', '', 10000.0000, NULL, 4, NULL, '', 10000.0000, 0.0000, '', NULL, NULL, NULL, 1),
(81, '2020-12-06 04:52:07', 81, 1, NULL, 'cash', '', '', '', '', '', '', 216000.0000, NULL, 4, NULL, '', 216000.0000, 0.0000, '', NULL, NULL, NULL, 1),
(82, '2020-12-06 05:36:49', 82, 1, NULL, 'cash', '', '', '', '', '', '', 10000.0000, NULL, 4, NULL, '', 10000.0000, 0.0000, '', NULL, NULL, NULL, 1),
(83, '2020-12-06 05:42:21', 83, 1, NULL, 'cash', '', '', '', '', '', '', 59000.0000, NULL, 4, NULL, '', 59000.0000, 0.0000, '', NULL, NULL, NULL, 1),
(84, '2020-12-06 06:03:42', 84, 1, NULL, 'cash', '', '', '', '', '', '', 5000.0000, NULL, 4, NULL, '', 5000.0000, 0.0000, '', NULL, NULL, NULL, 1),
(85, '2020-12-06 06:08:43', 85, 1, NULL, 'cash', '', '', '', '', '', '', 20000.0000, NULL, 4, NULL, '', 20000.0000, 0.0000, '', NULL, NULL, NULL, 1),
(86, '2020-12-06 06:28:32', 86, 1, NULL, 'cash', '', '', '', '', '', '', 5000.0000, NULL, 4, NULL, '', 5000.0000, 0.0000, '', NULL, NULL, NULL, 1),
(87, '2020-12-06 06:32:38', 87, 1, NULL, 'cash', '', '', '', '', '', '', 210000.0000, NULL, 4, NULL, '', 210000.0000, 0.0000, '', NULL, NULL, NULL, 1),
(88, '2020-12-06 06:36:22', 88, 1, NULL, 'cash', '', '', '', '', '', '', 20000.0000, NULL, 4, NULL, '', 20000.0000, 0.0000, '', NULL, NULL, NULL, 1),
(89, '2020-12-06 07:04:42', 89, 1, NULL, 'cash', '', '', '', '', '', '', 131000.0000, NULL, 4, NULL, '', 131000.0000, 0.0000, '', NULL, NULL, NULL, 1),
(90, '2020-12-06 07:07:00', 90, 1, NULL, 'cash', '', '', '', '', '', '', 121000.0000, NULL, 4, NULL, '', 121000.0000, 0.0000, '', NULL, NULL, NULL, 1),
(91, '2020-12-06 07:16:31', 91, 1, NULL, 'cash', '', '', '', '', '', '', 331000.0000, NULL, 4, NULL, '', 331000.0000, 0.0000, '', NULL, NULL, NULL, 1),
(92, '2020-12-06 07:21:54', 92, 1, NULL, 'cash', '', '', '', '', '', '', 223000.0000, NULL, 4, NULL, '', 223000.0000, 0.0000, '', NULL, NULL, NULL, 1),
(93, '2020-12-06 07:26:25', 93, 1, NULL, 'cash', '', '', '', '', '', '', 20000.0000, NULL, 4, NULL, '', 20000.0000, 0.0000, '', NULL, NULL, NULL, 1),
(94, '2020-12-06 07:39:56', 94, 1, NULL, 'cash', '', '', '', '', '', '', 43000.0000, NULL, 4, NULL, '', 43000.0000, 0.0000, '', NULL, NULL, NULL, 1),
(95, '2020-12-06 07:44:09', 95, 1, NULL, 'cash', '', '', '', '', '', '', 60000.0000, NULL, 4, NULL, '', 60000.0000, 0.0000, '', NULL, NULL, NULL, 1),
(96, '2020-12-06 07:48:40', 96, 1, NULL, 'cash', '', '', '', '', '', '', 59000.0000, NULL, 4, NULL, '', 59000.0000, 0.0000, '', NULL, NULL, NULL, 1),
(97, '2020-12-06 07:54:53', 97, 1, NULL, 'cash', '', '', '', '', '', '', 54000.0000, NULL, 4, NULL, '', 54000.0000, 0.0000, '', NULL, NULL, NULL, 1),
(98, '2020-12-06 07:55:43', 98, 1, NULL, 'cash', '', '', '', '', '', '', 20000.0000, NULL, 4, NULL, '', 20000.0000, 0.0000, '', NULL, NULL, NULL, 1),
(99, '2020-12-06 07:57:56', 99, 1, NULL, 'cash', '', '', '', '', '', '', 34000.0000, NULL, 4, NULL, '', 34000.0000, 0.0000, '', NULL, NULL, NULL, 1),
(100, '2020-12-06 08:02:04', 100, 1, NULL, 'cash', '', '', '', '', '', '', 40000.0000, NULL, 4, NULL, '', 50000.0000, 10000.0000, '', NULL, NULL, NULL, 1),
(101, '2020-12-06 08:08:28', 101, 1, NULL, 'cash', '', '', '', '', '', '', 45000.0000, NULL, 4, NULL, '', 45000.0000, 0.0000, '', NULL, NULL, NULL, 1),
(102, '2020-12-06 08:15:23', 102, 1, NULL, 'cash', '', '', '', '', '', '', 10000.0000, NULL, 4, NULL, '', 10000.0000, 0.0000, '', NULL, NULL, NULL, 1),
(103, '2020-12-06 08:42:34', 103, 1, NULL, 'cash', '', '', '', '', '', '', 404000.0000, NULL, 4, NULL, '', 404000.0000, 0.0000, '', NULL, NULL, NULL, 1),
(104, '2020-12-06 08:53:12', 104, 1, NULL, 'cash', '', '', '', '', '', '', 86000.0000, NULL, 4, NULL, '', 86000.0000, 0.0000, '', NULL, NULL, NULL, 1),
(105, '2020-12-06 08:56:19', 105, 1, NULL, 'cash', '', '', '', '', '', '', 10000.0000, NULL, 4, NULL, '', 10000.0000, 0.0000, '', NULL, NULL, NULL, 1),
(106, '2020-12-06 09:20:37', 106, 1, NULL, 'cash', '', '', '', '', '', '', 292000.0000, NULL, 4, NULL, '', 292000.0000, 0.0000, '', NULL, NULL, NULL, 1),
(107, '2020-12-06 09:49:57', 107, 1, NULL, 'cash', '', '', '', '', '', '', 103000.0000, NULL, 4, NULL, '', 103000.0000, 0.0000, '', NULL, NULL, NULL, 1),
(108, '2020-12-06 09:55:13', 108, 1, NULL, 'cash', '', '', '', '', '', '', 24000.0000, NULL, 4, NULL, '', 24000.0000, 0.0000, '', NULL, NULL, NULL, 1),
(109, '2020-12-06 09:57:04', 109, 1, NULL, 'cash', '', '', '', '', '', '', 10000.0000, NULL, 4, NULL, '', 10000.0000, 0.0000, '', NULL, NULL, NULL, 1),
(110, '2020-12-06 10:02:25', 110, 1, NULL, 'cash', '', '', '', '', '', '', 35000.0000, NULL, 4, NULL, '', 35000.0000, 0.0000, '', NULL, NULL, NULL, 1),
(111, '2020-12-06 10:31:59', 111, 1, NULL, 'cash', '', '', '', '', '', '', 32000.0000, NULL, 4, NULL, '', 32000.0000, 0.0000, '', NULL, NULL, NULL, 1),
(112, '2020-12-06 10:33:05', 112, 1, NULL, 'cash', '', '', '', '', '', '', 24000.0000, NULL, 4, NULL, '', 24000.0000, 0.0000, '', NULL, NULL, NULL, 1),
(113, '2020-12-06 10:37:21', 113, 1, NULL, 'cash', '', '', '', '', '', '', 15000.0000, NULL, 4, NULL, '', 15000.0000, 0.0000, '', NULL, NULL, NULL, 1),
(114, '2020-12-06 10:38:14', 114, 1, NULL, 'cash', '', '', '', '', '', '', 20000.0000, NULL, 4, NULL, '', 20000.0000, 0.0000, '', NULL, NULL, NULL, 1),
(115, '2020-12-06 10:43:09', 115, 1, NULL, 'cash', '', '', '', '', '', '', 10000.0000, NULL, 4, NULL, '', 10000.0000, 0.0000, '', NULL, NULL, NULL, 1),
(116, '2020-12-06 10:49:00', 116, 1, NULL, 'cash', '', '', '', '', '', '', 50000.0000, NULL, 4, NULL, '', 50000.0000, 0.0000, '', NULL, NULL, NULL, 1),
(117, '2020-12-06 11:00:34', 117, 1, NULL, 'cash', '', '', '', '', '', '', 45000.0000, NULL, 4, NULL, '', 45000.0000, 0.0000, '', NULL, NULL, NULL, 1),
(118, '2020-12-06 11:14:18', 118, 1, NULL, 'cash', '', '', '', '', '', '', 66000.0000, NULL, 4, NULL, '', 66000.0000, 0.0000, '', NULL, NULL, NULL, 1),
(119, '2020-12-06 11:39:06', 119, 13, NULL, 'cash', '', '', '', '', '', '', 177000.0000, NULL, 4, NULL, '', 177000.0000, 0.0000, '', NULL, NULL, NULL, 1),
(120, '2020-12-06 12:03:40', 120, 1, NULL, 'cash', '', '', '', '', '', '', 60000.0000, NULL, 4, NULL, '', 60000.0000, 0.0000, '', NULL, NULL, NULL, 1),
(121, '2020-12-06 12:06:11', 121, 1, NULL, 'cash', '', '', '', '', '', '', 20000.0000, NULL, 4, NULL, '', 20000.0000, 0.0000, '', NULL, NULL, NULL, 1),
(122, '2020-12-06 12:14:50', 122, 3, NULL, 'cash', '', '', '', '', '', '', 1166500.0000, NULL, 4, NULL, '', 1166500.0000, 0.0000, '', NULL, NULL, NULL, 1),
(123, '2020-12-06 12:26:50', 123, 1, NULL, 'cash', '', '', '', '', '', '', 69000.0000, NULL, 4, NULL, '', 69000.0000, 0.0000, '', NULL, NULL, NULL, 1),
(124, '2020-12-06 12:31:05', 124, 1, NULL, 'cash', '', '', '', '', '', '', 22000.0000, NULL, 4, NULL, '', 22000.0000, 0.0000, '', NULL, NULL, NULL, 1),
(125, '2020-12-06 13:05:43', 125, 1, NULL, 'cash', '', '', '', '', '', '', 60000.0000, NULL, 4, NULL, '', 60000.0000, 0.0000, '', NULL, NULL, NULL, 1),
(126, '2020-12-06 13:12:33', 126, 6, NULL, 'cash', '', '', '', '', '', '', 125000.0000, NULL, 4, NULL, '', 125000.0000, 0.0000, '', NULL, NULL, NULL, 1),
(127, '2020-12-06 13:31:32', 127, 1, NULL, 'cash', '', '', '', '', '', '', 158000.0000, NULL, 4, NULL, '', 158000.0000, 0.0000, '', NULL, NULL, NULL, 1),
(128, '2020-12-06 13:32:27', 128, 1, NULL, 'cash', '', '', '', '', '', '', 158000.0000, NULL, 4, NULL, '', 158000.0000, 0.0000, '', NULL, NULL, NULL, 1),
(129, '2020-12-06 13:42:23', 129, 1, NULL, 'cash', '', '', '', '', '', '', 48000.0000, NULL, 4, NULL, '', 48000.0000, 0.0000, '', NULL, NULL, NULL, 1),
(130, '2020-12-06 13:44:29', 130, 1, NULL, 'cash', '', '', '', '', '', '', 30000.0000, NULL, 4, NULL, '', 30000.0000, 0.0000, '', NULL, NULL, NULL, 1),
(131, '2020-12-06 14:19:17', 131, 1, NULL, 'cash', '', '', '', '', '', '', 25000.0000, NULL, 4, NULL, '', 25000.0000, 0.0000, '', NULL, NULL, NULL, 1),
(132, '2020-12-06 14:29:28', 132, 1, NULL, 'cash', '', '', '', '', '', '', 10000.0000, NULL, 4, NULL, '', 10000.0000, 0.0000, '', NULL, NULL, NULL, 1),
(133, '2020-12-06 14:49:37', 133, 1, NULL, 'cash', '', '', '', '', '', '', 75000.0000, NULL, 4, NULL, '', 100000.0000, 25000.0000, '', NULL, NULL, NULL, 1),
(134, '2020-12-06 14:54:34', 134, 1, NULL, 'cash', '', '', '', '', '', '', 45000.0000, NULL, 4, NULL, '', 50000.0000, 5000.0000, '', NULL, NULL, NULL, 1),
(135, '2020-12-06 15:22:24', 135, 1, NULL, 'cash', '', '', '', '', '', '', 335000.0000, NULL, 4, NULL, '', 335000.0000, 0.0000, '', NULL, NULL, NULL, 1),
(136, '2020-12-06 15:24:15', 136, 1, NULL, 'cash', '', '', '', '', '', '', 93000.0000, NULL, 4, NULL, '', 93000.0000, 0.0000, '', NULL, NULL, NULL, 1),
(137, '2020-12-06 15:25:51', 137, 1, NULL, 'cash', '', '', '', '', '', '', 159000.0000, NULL, 4, NULL, '', 159000.0000, 0.0000, '', NULL, NULL, NULL, 1),
(138, '2020-12-06 15:29:35', 138, 1, NULL, 'cash', '', '', '', '', '', '', 148000.0000, NULL, 4, NULL, '', 148000.0000, 0.0000, '', NULL, NULL, NULL, 1),
(139, '2020-12-06 15:30:20', 139, 1, NULL, 'cash', '', '', '', '', '', '', 24000.0000, NULL, 4, NULL, '', 24000.0000, 0.0000, '', NULL, NULL, NULL, 1),
(140, '2020-12-06 16:06:00', 140, 1, NULL, 'cash', '', '', '', '', '', '', 26000.0000, NULL, 4, NULL, '', 26000.0000, 0.0000, '', NULL, NULL, NULL, 1),
(141, '2020-12-07 05:05:29', 141, 1, NULL, 'cash', '', '', '', '', '', '', 103000.0000, NULL, 4, NULL, '', 103000.0000, 0.0000, '', NULL, NULL, NULL, 1),
(142, '2020-12-07 05:10:17', 142, 1, NULL, 'cash', '', '', '', '', '', '', 65000.0000, NULL, 4, NULL, '', 65000.0000, 0.0000, '', NULL, NULL, NULL, 1),
(143, '2020-12-07 05:10:49', 143, 1, NULL, 'cash', '', '', '', '', '', '', 53000.0000, NULL, 4, NULL, '', 53000.0000, 0.0000, '', NULL, NULL, NULL, 1),
(144, '2020-12-07 05:10:49', 144, 1, NULL, 'cash', '', '', '', '', '', '', 53000.0000, NULL, 4, NULL, '', 53000.0000, 0.0000, '', NULL, NULL, NULL, 1),
(145, '2020-12-07 06:28:38', 145, 1, NULL, 'cash', '', '', '', '', '', '', 384000.0000, NULL, 4, NULL, '', 384000.0000, 0.0000, '', NULL, NULL, NULL, 1),
(146, '2020-12-07 06:37:58', 146, 1, NULL, 'cash', '', '', '', '', '', '', 174000.0000, NULL, 4, NULL, '', 174000.0000, 0.0000, '', NULL, NULL, NULL, 1),
(147, '2020-12-07 06:50:14', 147, 1, NULL, 'cash', '', '', '', '', '', '', 65000.0000, NULL, 4, NULL, '', 65000.0000, 0.0000, '', NULL, NULL, NULL, 1),
(148, '2020-12-07 06:54:08', 148, 1, NULL, 'cash', '', '', '', '', '', '', 40000.0000, NULL, 4, NULL, '', 50000.0000, 10000.0000, '', NULL, NULL, NULL, 1),
(149, '2020-12-07 07:03:35', 149, 1, NULL, 'cash', '', '', '', '', '', '', 164000.0000, NULL, 4, NULL, '', 164000.0000, 0.0000, '', NULL, NULL, NULL, 1),
(150, '2020-12-07 07:04:12', 150, 1, NULL, 'cash', '', '', '', '', '', '', 10000.0000, NULL, 4, NULL, '', 10000.0000, 0.0000, '', NULL, NULL, NULL, 1),
(151, '2020-12-07 07:20:42', 151, 1, NULL, 'cash', '', '', '', '', '', '', 359000.0000, NULL, 4, NULL, '', 359000.0000, 0.0000, '', NULL, NULL, NULL, 1),
(152, '2020-12-07 07:36:50', 152, 1, NULL, 'cash', '', '', '', '', '', '', 179000.0000, NULL, 4, NULL, '', 179000.0000, 0.0000, '', NULL, NULL, NULL, 1),
(153, '2020-12-07 07:43:10', 153, 1, NULL, 'cash', '', '', '', '', '', '', 82000.0000, NULL, 4, NULL, '', 82000.0000, 0.0000, '', NULL, NULL, NULL, 1),
(154, '2020-12-07 07:57:45', 154, 1, NULL, 'cash', '', '', '', '', '', '', 87000.0000, NULL, 4, NULL, '', 87000.0000, 0.0000, '', NULL, NULL, NULL, 1),
(155, '2020-12-07 08:52:54', 155, 1, NULL, 'cash', '', '', '', '', '', '', 155000.0000, NULL, 4, NULL, '', 155000.0000, 0.0000, '', NULL, NULL, NULL, 1),
(156, '2020-12-07 08:57:16', 156, 1, NULL, 'cash', '', '', '', '', '', '', 190000.0000, NULL, 4, NULL, '', 190000.0000, 0.0000, '', NULL, NULL, NULL, 1),
(157, '2020-12-07 09:01:17', 157, 1, NULL, 'cash', '', '', '', '', '', '', 324000.0000, NULL, 4, NULL, '', 324000.0000, 0.0000, '', NULL, NULL, NULL, 1),
(158, '2020-12-07 09:02:01', 158, 1, NULL, 'cash', '', '', '', '', '', '', 55000.0000, NULL, 4, NULL, '', 55000.0000, 0.0000, '', NULL, NULL, NULL, 1),
(159, '2020-12-07 09:12:22', 159, 1, NULL, 'cash', '', '', '', '', '', '', 24000.0000, NULL, 4, NULL, '', 24000.0000, 0.0000, '', NULL, NULL, NULL, 1),
(160, '2020-12-07 09:26:35', 160, 1, NULL, 'cash', '', '', '', '', '', '', 10000.0000, NULL, 4, NULL, '', 10000.0000, 0.0000, '', NULL, NULL, NULL, 1),
(161, '2020-12-07 09:29:20', 161, 1, NULL, 'cash', '', '', '', '', '', '', 15000.0000, NULL, 4, NULL, '', 15000.0000, 0.0000, '', NULL, NULL, NULL, 1),
(162, '2020-12-07 09:31:55', 162, 1, NULL, 'cash', '', '', '', '', '', '', 15000.0000, NULL, 4, NULL, '', 15000.0000, 0.0000, '', NULL, NULL, NULL, 1),
(163, '2020-12-07 09:42:14', 163, 1, NULL, 'cash', '', '', '', '', '', '', 24000.0000, NULL, 4, NULL, '', 24000.0000, 0.0000, '', NULL, NULL, NULL, 1),
(164, '2020-12-07 09:44:31', 164, 1, NULL, 'cash', '', '', '', '', '', '', 45000.0000, NULL, 4, NULL, '', 45000.0000, 0.0000, '', NULL, NULL, NULL, 1),
(165, '2020-12-07 09:50:38', 165, 1, NULL, 'cash', '', '', '', '', '', '', 108000.0000, NULL, 4, NULL, '', 108000.0000, 0.0000, '', NULL, NULL, NULL, 1),
(166, '2020-12-07 09:51:02', 166, 1, NULL, 'cash', '', '', '', '', '', '', 65000.0000, NULL, 4, NULL, '', 65000.0000, 0.0000, '', NULL, NULL, NULL, 1),
(167, '2020-12-07 09:52:05', 167, 1, NULL, 'cash', '', '', '', '', '', '', 10000.0000, NULL, 4, NULL, '', 10000.0000, 0.0000, '', NULL, NULL, NULL, 1),
(168, '2020-12-07 10:10:05', 168, 1, NULL, 'cash', '', '', '', '', '', '', 18000.0000, NULL, 4, NULL, '', 18000.0000, 0.0000, '', NULL, NULL, NULL, 1),
(169, '2020-12-07 10:11:50', 169, 1, NULL, 'cash', '', '', '', '', '', '', 69700.0000, NULL, 4, NULL, '', 69700.0000, 0.0000, '', NULL, NULL, NULL, 1),
(170, '2020-12-07 10:30:55', 170, 1, NULL, 'cash', '', '', '', '', '', '', 283000.0000, NULL, 4, NULL, '', 283000.0000, 0.0000, '', NULL, NULL, NULL, 1),
(171, '2020-12-07 10:35:25', 171, 1, NULL, 'cash', '', '', '', '', '', '', 187000.0000, NULL, 4, NULL, '', 187000.0000, 0.0000, '', NULL, NULL, NULL, 1),
(172, '2020-12-07 10:52:11', 172, 1, NULL, 'cash', '', '', '', '', '', '', 115000.0000, NULL, 4, NULL, '', 115000.0000, 0.0000, '', NULL, NULL, NULL, 1),
(173, '2020-12-07 10:54:29', 173, 1, NULL, 'cash', '', '', '', '', '', '', 20000.0000, NULL, 4, NULL, '', 20000.0000, 0.0000, '', NULL, NULL, NULL, 1),
(174, '2020-12-07 11:25:19', 174, 1, NULL, 'cash', '', '', '', '', '', '', 30000.0000, NULL, 4, NULL, '', 30000.0000, 0.0000, '', NULL, NULL, NULL, 1),
(175, '2020-12-07 11:59:09', 175, 1, NULL, 'cash', '', '', '', '', '', '', 15000.0000, NULL, 4, NULL, '', 15000.0000, 0.0000, '', NULL, NULL, NULL, 1),
(176, '2020-12-07 12:19:08', 176, 1, NULL, 'cash', '', '', '', '', '', '', 57000.0000, NULL, 4, NULL, '', 57000.0000, 0.0000, '', NULL, NULL, NULL, 1),
(177, '2020-12-07 12:43:33', 178, 7, NULL, 'cash', '', '', '', '', '', '', 300000.0000, NULL, 4, NULL, '', 300000.0000, -61000.0000, '', NULL, NULL, NULL, 1),
(178, '2020-12-07 12:44:38', 179, 14, NULL, 'cash', '', '', '', '', '', '', 266012.0000, NULL, 4, NULL, '', 266012.0000, 0.0000, '', NULL, NULL, NULL, 1),
(179, '2020-12-07 12:47:55', 180, 1, NULL, 'cash', '', '', '', '', '', '', 65000.0000, NULL, 4, NULL, '', 65000.0000, 0.0000, '', NULL, NULL, NULL, 1),
(180, '2020-12-07 12:57:15', 181, 7, NULL, 'cash', '', '', '', '', '', '', 400000.0000, NULL, 4, NULL, '', 400000.0000, -199000.0000, '', NULL, NULL, NULL, 1),
(181, '2020-12-07 13:13:36', 182, 1, NULL, 'cash', '', '', '', '', '', '', 6000.0000, NULL, 4, NULL, '', 6000.0000, 0.0000, '', NULL, NULL, NULL, 1),
(182, '2020-12-07 13:29:19', 183, 15, NULL, 'cash', '', '', '', '', '', '', 572000.0000, NULL, 4, NULL, '', 572000.0000, 0.0000, '', NULL, NULL, NULL, 1),
(183, '2020-12-07 13:30:42', 184, 1, NULL, 'cash', '', '', '', '', '', '', 52000.0000, NULL, 4, NULL, '', 52000.0000, 0.0000, '', NULL, NULL, NULL, 1),
(184, '2020-12-07 13:34:57', 185, 1, NULL, 'cash', '', '', '', '', '', '', 1081000.0000, NULL, 4, NULL, '', 1081000.0000, 0.0000, '', NULL, NULL, NULL, 1),
(185, '2020-12-07 13:35:32', 186, 1, NULL, 'cash', '', '', '', '', '', '', 65000.0000, NULL, 4, NULL, '', 65000.0000, 0.0000, '', NULL, NULL, NULL, 1),
(186, '2020-12-07 13:38:39', 187, 1, NULL, 'cash', '', '', '', '', '', '', 67000.0000, NULL, 4, NULL, '', 67000.0000, 0.0000, '', NULL, NULL, NULL, 1),
(187, '2020-12-07 13:52:36', 188, 1, NULL, 'cash', '', '', '', '', '', '', 273000.0000, NULL, 4, NULL, '', 273000.0000, 0.0000, '', NULL, NULL, NULL, 1),
(188, '2020-12-07 13:59:03', 189, 1, NULL, 'cash', '', '', '', '', '', '', 35000.0000, NULL, 4, NULL, '', 35000.0000, 0.0000, '', NULL, NULL, NULL, 1),
(189, '2020-12-07 14:06:25', 190, 1, NULL, 'cash', '', '', '', '', '', '', 51000.0000, NULL, 4, NULL, '', 51000.0000, 0.0000, '', NULL, NULL, NULL, 1),
(190, '2020-12-07 14:32:47', 191, 1, NULL, 'cash', '', '', '', '', '', '', 52000.0000, NULL, 4, NULL, '', 52000.0000, 0.0000, '', NULL, NULL, NULL, 1),
(191, '2020-12-07 14:53:57', 192, 1, NULL, 'cash', '', '', '', '', '', '', 45000.0000, NULL, 4, NULL, '', 45000.0000, 0.0000, '', NULL, NULL, NULL, 1),
(192, '2020-12-07 14:54:50', 193, 1, NULL, 'cash', '', '', '', '', '', '', 7000.0000, NULL, 4, NULL, '', 7000.0000, 0.0000, '', NULL, NULL, NULL, 1),
(193, '2020-12-07 15:29:20', 195, 1, NULL, 'cash', '', '', '', '', '', '', 93000.0000, NULL, 4, NULL, '', 93000.0000, 0.0000, '', NULL, NULL, NULL, 1),
(194, '2020-12-07 15:31:12', 196, 1, NULL, 'cash', '', '', '', '', '', '', 370000.0000, NULL, 4, NULL, '', 370000.0000, 0.0000, '', NULL, NULL, NULL, 1),
(195, '2020-12-07 15:32:49', 197, 1, NULL, 'cash', '', '', '', '', '', '', 34000.0000, NULL, 4, NULL, '', 34000.0000, 0.0000, '', NULL, NULL, NULL, 1),
(196, '2020-12-07 15:35:57', 198, 1, NULL, 'cash', '', '', '', '', '', '', 10000.0000, NULL, 4, NULL, '', 10000.0000, 0.0000, '', NULL, NULL, NULL, 1),
(197, '2020-12-07 15:39:44', 199, 1, NULL, 'cash', '', '', '', '', '', '', 7000.0000, NULL, 4, NULL, '', 7000.0000, 0.0000, '', NULL, NULL, NULL, 1),
(198, '2020-12-07 15:43:16', 200, 1, NULL, 'cash', '', '', '', '', '', '', 35000.0000, NULL, 4, NULL, '', 35000.0000, 0.0000, '', NULL, NULL, NULL, 1),
(199, '2020-12-07 15:44:55', 201, 1, NULL, 'cash', '', '', '', '', '', '', 20000.0000, NULL, 4, NULL, '', 20000.0000, 0.0000, '', NULL, NULL, NULL, 1),
(200, '2020-12-07 16:08:37', 202, 1, NULL, 'cash', '', '', '', '', '', '', 40000.0000, NULL, 4, NULL, '', 40000.0000, 0.0000, '', NULL, NULL, NULL, 1),
(201, '2020-12-07 16:10:39', 203, 1, NULL, 'cash', '', '', '', '', '', '', 10000.0000, NULL, 4, NULL, '', 10000.0000, 0.0000, '', NULL, NULL, NULL, 1),
(202, '2020-12-07 16:11:14', 204, 1, NULL, 'cash', '', '', '', '', '', '', 10000.0000, NULL, 4, NULL, '', 10000.0000, 0.0000, '', NULL, NULL, NULL, 1),
(203, '2020-12-07 16:17:13', 205, 1, NULL, 'cash', '', '', '', '', '', '', 20000.0000, NULL, 4, NULL, '', 20000.0000, 0.0000, '', NULL, NULL, NULL, 1),
(204, '2020-12-08 03:12:41', 206, 1, NULL, 'cash', '', '', '', '', '', '', 35000.0000, NULL, 4, NULL, '', 35000.0000, 0.0000, '', NULL, NULL, NULL, 1),
(205, '2020-12-08 03:22:43', 207, 1, NULL, 'cash', '', '', '', '', '', '', 49000.0000, NULL, 4, NULL, '', 49000.0000, 0.0000, '', NULL, NULL, NULL, 1),
(206, '2020-12-08 03:25:45', 208, 1, NULL, 'cash', '', '', '', '', '', '', 35000.0000, NULL, 4, NULL, '', 35000.0000, 0.0000, '', NULL, NULL, NULL, 1),
(207, '2020-12-08 03:56:37', 209, 1, NULL, 'cash', '', '', '', '', '', '', 20000.0000, NULL, 4, NULL, '', 20000.0000, 0.0000, '', NULL, NULL, NULL, 1),
(208, '2020-12-08 04:05:25', 210, 1, NULL, 'cash', '', '', '', '', '', '', 101000.0000, NULL, 4, NULL, '', 101000.0000, 0.0000, '', NULL, NULL, NULL, 1),
(209, '2020-12-08 04:27:17', 211, 1, NULL, 'cash', '', '', '', '', '', '', 215000.0000, NULL, 4, NULL, '', 215000.0000, 0.0000, '', NULL, NULL, NULL, 1),
(210, '2020-12-08 04:34:06', 212, 1, NULL, 'cash', '', '', '', '', '', '', 60000.0000, NULL, 4, NULL, '', 60000.0000, 0.0000, '', NULL, NULL, NULL, 1),
(211, '2020-12-08 05:39:00', 213, 1, NULL, 'cash', '', '', '', '', '', '', 154000.0000, NULL, 4, NULL, '', 154000.0000, 0.0000, '', NULL, NULL, NULL, 1),
(212, '2020-12-08 05:39:22', 214, 1, NULL, 'cash', '', '', '', '', '', '', 450000.0000, NULL, 4, NULL, '', 450000.0000, 0.0000, '', NULL, NULL, NULL, 1),
(213, '2020-12-08 05:46:27', 215, 1, NULL, 'cash', '', '', '', '', '', '', 15000.0000, NULL, 4, NULL, '', 15000.0000, 0.0000, '', NULL, NULL, NULL, 1),
(214, '2020-12-08 06:04:33', 216, 1, NULL, 'cash', '', '', '', '', '', '', 100000.0000, NULL, 4, NULL, '', 100000.0000, 0.0000, '', NULL, NULL, NULL, 1),
(215, '2020-12-08 07:58:36', 217, 1, NULL, 'cash', '', '', '', '', '', '', 363000.0000, NULL, 4, NULL, '', 363000.0000, 0.0000, '', NULL, NULL, NULL, 1),
(216, '2020-12-08 07:59:15', 218, 1, NULL, 'cash', '', '', '', '', '', '', 63000.0000, NULL, 4, NULL, '', 63000.0000, 0.0000, '', NULL, NULL, NULL, 1),
(217, '2020-12-08 08:01:12', 219, 1, NULL, 'cash', '', '', '', '', '', '', 244000.0000, NULL, 4, NULL, '', 244000.0000, 0.0000, '', NULL, NULL, NULL, 1),
(218, '2020-12-08 08:02:52', 220, 1, NULL, 'cash', '', '', '', '', '', '', 227000.0000, NULL, 4, NULL, '', 227000.0000, 0.0000, '', NULL, NULL, NULL, 1),
(219, '2020-12-08 08:05:52', 221, 1, NULL, 'cash', '', '', '', '', '', '', 164000.0000, NULL, 4, NULL, '', 164000.0000, 0.0000, '', NULL, NULL, NULL, 1),
(220, '2020-12-08 08:06:43', 222, 1, NULL, 'cash', '', '', '', '', '', '', 40000.0000, NULL, 4, NULL, '', 40000.0000, 0.0000, '', NULL, NULL, NULL, 1),
(221, '2020-12-08 08:09:06', 223, 1, NULL, 'cash', '', '', '', '', '', '', 300000.0000, NULL, 4, NULL, '', 300000.0000, 0.0000, '', NULL, NULL, NULL, 1),
(222, '2020-12-08 08:12:37', 224, 1, NULL, 'cash', '', '', '', '', '', '', 60000.0000, NULL, 4, NULL, '', 60000.0000, 0.0000, '', NULL, NULL, NULL, 1),
(223, '2020-12-08 08:16:26', 225, 1, NULL, 'cash', '', '', '', '', '', '', 130500.0000, NULL, 4, NULL, '', 130500.0000, 0.0000, '', NULL, NULL, NULL, 1),
(224, '2020-12-08 08:17:02', 226, 1, NULL, 'cash', '', '', '', '', '', '', 36000.0000, NULL, 4, NULL, '', 36000.0000, 0.0000, '', NULL, NULL, NULL, 1),
(225, '2020-12-08 08:22:42', 227, 1, NULL, 'cash', '', '', '', '', '', '', 132000.0000, NULL, 4, NULL, '', 132000.0000, 0.0000, '', NULL, NULL, NULL, 1),
(226, '2020-12-08 08:56:18', 228, 1, NULL, 'cash', '', '', '', '', '', '', 127000.0000, NULL, 4, NULL, '', 127000.0000, 0.0000, '', NULL, NULL, NULL, 1),
(227, '2020-12-08 08:57:55', 229, 1, NULL, 'cash', '', '', '', '', '', '', 70000.0000, NULL, 4, NULL, '', 70000.0000, 0.0000, '', NULL, NULL, NULL, 1),
(228, '2020-12-08 09:00:44', 230, 1, NULL, 'cash', '', '', '', '', '', '', 10000.0000, NULL, 4, NULL, '', 10000.0000, 0.0000, '', NULL, NULL, NULL, 1),
(229, '2020-12-08 09:08:33', 231, 1, NULL, 'cash', '', '', '', '', '', '', 124000.0000, NULL, 4, NULL, '', 124000.0000, 0.0000, '', NULL, NULL, NULL, 1),
(230, '2020-12-08 09:19:55', 232, 7, NULL, 'cash', '', '', '', '', '', '', 385000.0000, NULL, 4, NULL, '', 400000.0000, 15000.0000, '', NULL, NULL, NULL, 1),
(231, '2020-12-08 09:22:26', 235, 1, NULL, 'cash', '', '', '', '', '', '', 42000.0000, NULL, 4, NULL, '', 42000.0000, 0.0000, '', NULL, NULL, NULL, 1),
(232, '2020-12-08 09:32:37', 236, 1, NULL, 'cash', '', '', '', '', '', '', 10000.0000, NULL, 4, NULL, '', 10000.0000, 0.0000, '', NULL, NULL, NULL, 1),
(233, '2020-12-08 09:35:05', 237, 1, NULL, 'cash', '', '', '', '', '', '', 24000.0000, NULL, 4, NULL, '', 24000.0000, 0.0000, '', NULL, NULL, NULL, 1),
(234, '2020-12-08 09:36:39', 238, 1, NULL, 'cash', '', '', '', '', '', '', 20000.0000, NULL, 4, NULL, '', 20000.0000, 0.0000, '', NULL, NULL, NULL, 1),
(235, '2020-12-08 09:43:30', 239, 1, NULL, 'cash', '', '', '', '', '', '', 69000.0000, NULL, 4, NULL, '', 69000.0000, 0.0000, '', NULL, NULL, NULL, 1),
(236, '2020-12-08 09:46:03', 240, 1, NULL, 'cash', '', '', '', '', '', '', 17000.0000, NULL, 4, NULL, '', 17000.0000, 0.0000, '', NULL, NULL, NULL, 1),
(237, '2020-12-08 09:55:39', 241, 1, NULL, 'cash', '', '', '', '', '', '', 17000.0000, NULL, 4, NULL, '', 17000.0000, 0.0000, '', NULL, NULL, NULL, 1),
(238, '2020-12-08 09:56:27', 242, 1, NULL, 'cash', '', '', '', '', '', '', 25000.0000, NULL, 4, NULL, '', 25000.0000, 0.0000, '', NULL, NULL, NULL, 1),
(239, '2020-12-08 09:59:18', 243, 1, NULL, 'cash', '', '', '', '', '', '', 10000.0000, NULL, 4, NULL, '', 10000.0000, 0.0000, '', NULL, NULL, NULL, 1),
(240, '2020-12-08 10:00:16', 244, 1, NULL, 'cash', '', '', '', '', '', '', 5000.0000, NULL, 4, NULL, '', 5000.0000, 0.0000, '', NULL, NULL, NULL, 1),
(241, '2020-12-08 10:46:11', 245, 1, NULL, 'cash', '', '', '', '', '', '', 68000.0000, NULL, 4, NULL, '', 68000.0000, 0.0000, '', NULL, NULL, NULL, 1),
(242, '2020-12-08 11:17:59', 246, 1, NULL, 'cash', '', '', '', '', '', '', 53000.0000, NULL, 4, NULL, '', 53000.0000, 0.0000, '', NULL, NULL, NULL, 1),
(243, '2020-12-08 11:32:06', 247, 1, NULL, 'cash', '', '', '', '', '', '', 20000.0000, NULL, 4, NULL, '', 20000.0000, 0.0000, '', NULL, NULL, NULL, 1),
(244, '2020-12-08 13:22:45', 248, 1, NULL, 'cash', '', '', '', '', '', '', 256000.0000, NULL, 4, NULL, '', 256000.0000, 0.0000, '', NULL, NULL, NULL, 1),
(245, '2020-12-08 13:22:48', 249, 1, NULL, 'cash', '', '', '', '', '', '', 256000.0000, NULL, 4, NULL, '', 256000.0000, 0.0000, '', NULL, NULL, NULL, 1),
(246, '2020-12-08 13:22:53', 250, 1, NULL, 'cash', '', '', '', '', '', '', 256000.0000, NULL, 4, NULL, '', 256000.0000, 0.0000, '', NULL, NULL, NULL, 1),
(247, '2020-12-08 13:22:53', 251, 1, NULL, 'cash', '', '', '', '', '', '', 256000.0000, NULL, 4, NULL, '', 256000.0000, 0.0000, '', NULL, NULL, NULL, 1),
(248, '2020-12-08 13:27:59', 252, 1, NULL, 'cash', '', '', '', '', '', '', 1304000.0000, NULL, 4, NULL, '', 1304000.0000, 0.0000, '', NULL, NULL, NULL, 1),
(249, '2020-12-08 13:31:48', 253, 1, NULL, 'cash', '', '', '', '', '', '', 75000.0000, NULL, 4, NULL, '', 75000.0000, 0.0000, '', NULL, NULL, NULL, 1),
(250, '2020-12-08 13:33:28', 254, 1, NULL, 'cash', '', '', '', '', '', '', 165000.0000, NULL, 4, NULL, '', 165000.0000, 0.0000, '', NULL, NULL, NULL, 1),
(251, '2020-12-08 14:11:43', 255, 1, NULL, 'cash', '', '', '', '', '', '', 90500.0000, NULL, 4, NULL, '', 90500.0000, 0.0000, '', NULL, NULL, NULL, 1),
(252, '2020-12-08 14:36:03', 256, 1, NULL, 'cash', '', '', '', '', '', '', 30000.0000, NULL, 4, NULL, '', 30000.0000, 0.0000, '', NULL, NULL, NULL, 1),
(253, '2020-12-08 15:00:13', 257, 1, NULL, 'cash', '', '', '', '', '', '', 428000.0000, NULL, 4, NULL, '', 428000.0000, 0.0000, '', NULL, NULL, NULL, 1),
(254, '2020-12-08 15:54:00', 258, 1, NULL, 'cash', '', '', '', '', '', '', 114000.0000, NULL, 4, NULL, '', 114000.0000, 0.0000, '', NULL, NULL, NULL, 1),
(255, '2020-12-08 15:54:59', 259, 1, NULL, 'cash', '', '', '', '', '', '', 52000.0000, NULL, 4, NULL, '', 52000.0000, 0.0000, '', NULL, NULL, NULL, 1),
(256, '2020-12-08 15:55:42', 260, 1, NULL, 'cash', '', '', '', '', '', '', 50500.0000, NULL, 4, NULL, '', 50500.0000, 0.0000, '', NULL, NULL, NULL, 1),
(257, '2020-12-08 16:55:03', 261, 1, NULL, 'cash', '', '', '', '', '', '', 100000.0000, NULL, 4, NULL, '', 100000.0000, 0.0000, '', NULL, NULL, NULL, 1),
(258, '2020-12-08 16:56:50', 262, 1, NULL, 'cash', '', '', '', '', '', '', 154000.0000, NULL, 4, NULL, '', 154000.0000, 0.0000, '', NULL, NULL, NULL, 1),
(259, '2020-12-08 16:57:12', 263, 1, NULL, 'cash', '', '', '', '', '', '', 33000.0000, NULL, 4, NULL, '', 33000.0000, 0.0000, '', NULL, NULL, NULL, 1),
(260, '2020-12-08 16:58:38', 264, 1, NULL, 'cash', '', '', '', '', '', '', 65000.0000, NULL, 4, NULL, '', 65000.0000, 0.0000, '', NULL, NULL, NULL, 1),
(261, '2020-12-08 16:59:00', 265, 1, NULL, 'cash', '', '', '', '', '', '', 50000.0000, NULL, 4, NULL, '', 50000.0000, 0.0000, '', NULL, NULL, NULL, 1),
(262, '2020-12-09 04:14:00', 266, 1, NULL, 'cash', '', '', '', '', '', '', 96000.0000, NULL, 4, NULL, '', 96000.0000, 0.0000, '', NULL, NULL, NULL, 1),
(263, '2020-12-09 04:57:24', 267, 1, NULL, 'cash', '', '', '', '', '', '', 42000.0000, NULL, 4, NULL, '', 42000.0000, 0.0000, '', NULL, NULL, NULL, 1),
(264, '2020-12-09 05:23:53', 268, 1, NULL, 'cash', '', '', '', '', '', '', 45000.0000, NULL, 4, NULL, '', 45000.0000, 0.0000, '', NULL, NULL, NULL, 1),
(265, '2020-12-09 05:48:17', 269, 1, NULL, 'cash', '', '', '', '', '', '', 50000.0000, NULL, 4, NULL, '', 50000.0000, 0.0000, '', NULL, NULL, NULL, 1);

-- --------------------------------------------------------

--
-- Table structure for table `tec_printers`
--

CREATE TABLE `tec_printers` (
  `id` int(11) NOT NULL,
  `title` varchar(55) NOT NULL,
  `type` varchar(25) NOT NULL,
  `profile` varchar(25) NOT NULL,
  `char_per_line` tinyint(3) UNSIGNED DEFAULT NULL,
  `path` varchar(255) DEFAULT NULL,
  `ip_address` varbinary(45) DEFAULT NULL,
  `port` varchar(10) DEFAULT NULL
) ENGINE=InnoDB DEFAULT CHARSET=utf8;

--
-- Dumping data for table `tec_printers`
--

INSERT INTO `tec_printers` (`id`, `title`, `type`, `profile`, `char_per_line`, `path`, `ip_address`, `port`) VALUES
(1, 'XPrinter', 'network', 'default', 45, '', 0x3139322e3136382e312e323030, '9100');

-- --------------------------------------------------------

--
-- Table structure for table `tec_products`
--

CREATE TABLE `tec_products` (
  `id` int(11) NOT NULL,
  `code` varchar(50) NOT NULL,
  `name` char(255) NOT NULL,
  `category_id` int(11) NOT NULL DEFAULT 1,
  `price` decimal(25,2) NOT NULL,
  `image` varchar(255) DEFAULT 'no_image.png',
  `tax` varchar(20) DEFAULT NULL,
  `cost` decimal(25,2) DEFAULT NULL,
  `tax_method` tinyint(1) DEFAULT 1,
  `quantity` decimal(15,4) DEFAULT 0.0000,
  `unit` varchar(20) NOT NULL,
  `barcode_symbology` varchar(20) NOT NULL DEFAULT 'code39',
  `type` varchar(20) NOT NULL DEFAULT 'standard',
  `details` text DEFAULT NULL,
  `alert_quantity` decimal(10,4) DEFAULT 0.0000
) ENGINE=InnoDB DEFAULT CHARSET=utf8;

--
-- Dumping data for table `tec_products`
--

INSERT INTO `tec_products` (`id`, `code`, `name`, `category_id`, `price`, `image`, `tax`, `cost`, `tax_method`, `quantity`, `unit`, `barcode_symbology`, `type`, `details`, `alert_quantity`) VALUES
(9, 'TKL1', 'tangkil', 1, 10000.00, '040dc3c1e2e225c0c45628324582d45a.jpg', '0', 0.00, 0, 0.0000, '1', 'code128', 'standard', '', 0.0000),
(10, 'DJ', 'Daun Jeruk', 1, 2000.00, '004c6f518eb045e7c8f83128b0fe3f08.jpg', '0', 0.00, 0, 0.0000, '2', 'code128', 'standard', '', 0.0000),
(12, 'ASM', 'ASEM', 1, 20000.00, 'b155230265faf63066278386aebf15c7.jpg', '0', 0.00, 0, 0.0000, '1', 'code128', 'standard', '', 0.0000),
(13, 'JHG', 'JAHE GAJAH', 1, 35000.00, '9347523befc06853d2961a759e8c4573.jpg', '0', 0.00, 0, 0.0000, '1', 'code128', 'standard', '', 0.0000),
(14, 'JHM', 'JAHE MERAH', 1, 40000.00, '14705df33e67aa1df3e45522083467d8.jpg', '0', 0.00, 0, 0.0000, '1', 'code128', 'standard', '', 0.0000),
(15, 'JHEMPRT', 'JAHE EMPRIT', 1, 45000.00, '6e37c9b8acc180aa516535b226ee60f8.jpg', '0', 0.00, 0, 0.0000, '1', 'code128', 'standard', '', 0.0000),
(16, 'KNYT', 'KUNYIT', 1, 7000.00, '5388b52a723ea8b8e463b03293937caa.jpg', '0', 0.00, 0, 0.0000, '1', 'code128', 'standard', '', 0.0000),
(17, 'KK', 'BIANG KUNYIT', 1, 7000.00, 'a5a599ca1db37fef349300b9e91e93f7.jpg', '0', 0.00, 0, 0.0000, '1', 'code128', 'standard', '', 0.0000),
(18, 'TMLWK', 'TEMULAWAK', 1, 12000.00, 'cccdb5d5e6621b7ac5bcafb9e48a8fcf.jpg', '0', 0.00, 0, 0.0000, '1', 'code128', 'standard', '', 0.0000),
(19, 'LJ', 'LAJA', 1, 10000.00, '83856a8112c605618ef9305eb8160fb2.jpg', '0', 0.00, 0, 0.0000, '1', 'code128', 'standard', '', 0.0000),
(20, 'PCNG', 'PICUNG', 1, 20000.00, '219f669a6955d747f70914f37886eb4c.jpg', '0', 0.00, 0, 0.0000, '1', 'code128', 'standard', '', 0.0000),
(21, 'KCR', 'KENCUR', 1, 33000.00, '05dcfd461d53963f52c1ba3cee8c93f9.jpg', '0', 0.00, 0, 0.0000, '1', 'code128', 'standard', '', 0.0000),
(22, 'SRH', 'SEREH', 1, 5000.00, '64795cb700c68b25a147d9f134211b2a.jpg', '0', 0.00, 0, 0.0000, '1', 'code128', 'standard', '', 0.0000),
(23, 'SLM', 'DAUN SALAM', 1, 5000.00, '8aecdc9c0f96f8561b5ae215fdc01530.jpg', '0', 0.00, 0, 0.0000, '1', 'code128', 'standard', '', 0.0000),
(24, 'TMK', 'TEMU KUNCI', 1, 10000.00, '3440e5ec555c37d31ba9fbcbb7492f64.jpg', '0', 0.00, 0, 0.0000, '1', 'code128', 'standard', '', 0.0000),
(25, 'TMI', 'TEMU IRENG', 1, 15000.00, '8e3cb9b817ad2495f0350c293be51ab9.jpg', '0', 0.00, 0, 0.0000, '1', 'code128', 'standard', '', 0.0000),
(26, 'JRKNPS', 'JERUK NIPIS', 1, 12000.00, '641ded7ca65687ae48835be170a82877.jpg', '0', 0.00, 0, 0.0000, '1', 'code128', 'standard', 'f', 0.0000),
(27, 'JRKLMN', 'JERUK LEMON', 1, 12000.00, 'c7c8f0090532f1c645626a52e26aaa68.jpg', '0', 0.00, 0, 0.0000, '1', 'code128', 'standard', '', 0.0000),
(28, 'JRKLIMO', 'JERUK LIMO', 1, 30000.00, 'ae47421d89029b413f79188656d99978.jpg', '0', 0.00, 0, 0.0000, '1', 'code128', 'standard', '', 0.0000),
(29, 'PPY', 'PEPAYA', 1, 2000.00, 'eee9145a5009041905dddc3db48d1534.jpg', '0', 0.00, 0, 0.0000, '1', 'code128', 'standard', '', 0.0000),
(30, 'DAUNTKL', 'DAUN TANGKIL', 1, 15000.00, '315492992fe4be1bf5589c29cc1004ce.jpg', '0', 0.00, 0, 0.0000, '1', 'code128', 'standard', '', 0.0000),
(31, 'DAUNKCR', 'DAUN KENCUR', 1, 1000.00, '63bf6fc0bd3f73b71a81356b6e431661.jpg', '0', 0.00, 0, 0.0000, '2', 'code128', 'standard', '', 0.0000),
(32, 'JERUKPRS', 'JERUK PERES', 1, 12000.00, 'bfd734d1a15d1c00b874d4eaea54d0c4.jpg', '0', 0.00, 0, 0.0000, '1', 'code128', 'standard', '', 0.0000);

-- --------------------------------------------------------

--
-- Table structure for table `tec_product_store_qty`
--

CREATE TABLE `tec_product_store_qty` (
  `id` int(11) NOT NULL,
  `product_id` int(11) NOT NULL,
  `store_id` int(11) NOT NULL,
  `quantity` decimal(15,4) NOT NULL DEFAULT 0.0000,
  `price` decimal(25,4) DEFAULT NULL
) ENGINE=InnoDB DEFAULT CHARSET=utf8;

--
-- Dumping data for table `tec_product_store_qty`
--

INSERT INTO `tec_product_store_qty` (`id`, `product_id`, `store_id`, `quantity`, `price`) VALUES
(1, 1, 1, -6.0000, 21000.0000),
(2, 2, 1, 100.0000, 4000.0000),
(3, 3, 1, 96.0000, 6800.0000),
(4, 4, 1, 99.0000, 11500.0000),
(5, 5, 1, 0.0000, 10000.0000),
(6, 6, 1, 185.0000, 5000.0000),
(7, 7, 1, 17.0000, 5000.0000),
(8, 8, 1, 98.0000, 5000.0000),
(9, 9, 1, 53.0000, 10000.0000),
(10, 10, 1, 134.0000, 2000.0000),
(11, 11, 1, 780.0000, 7000.0000),
(12, 12, 1, 32.0000, 20000.0000),
(13, 13, 1, 94.0000, 35000.0000),
(14, 14, 1, 0.0000, 40000.0000),
(15, 15, 1, 14.0000, 45000.0000),
(16, 16, 1, 733.0000, 7000.0000),
(17, 17, 1, 255.0000, 7000.0000),
(18, 18, 1, 19.0000, 12000.0000),
(19, 19, 1, -6.0000, 10000.0000),
(20, 20, 1, 32.0000, 20000.0000),
(21, 21, 1, 176.0000, 33000.0000),
(22, 22, 1, 57.0000, 5000.0000),
(23, 23, 1, 25.0000, 5000.0000),
(24, 24, 1, 0.0000, 10000.0000),
(25, 25, 1, 0.0000, 15000.0000),
(26, 26, 1, 51.0000, 12000.0000),
(27, 27, 1, 13.0000, 12000.0000),
(28, 28, 1, 17.0000, 30000.0000),
(29, 29, 1, 0.0000, 2000.0000),
(30, 30, 1, 14.0000, 15000.0000),
(31, 31, 1, 275.0000, 1000.0000),
(32, 32, 1, 0.0000, 12000.0000);

-- --------------------------------------------------------

--
-- Table structure for table `tec_purchases`
--

CREATE TABLE `tec_purchases` (
  `id` int(11) NOT NULL,
  `reference` varchar(100) DEFAULT NULL,
  `date` datetime NOT NULL,
  `supplier_id` int(11) NOT NULL,
  `supplier_name` varchar(55) NOT NULL,
  `total` decimal(25,4) NOT NULL,
  `product_discount` decimal(25,4) DEFAULT NULL,
  `order_discount_id` varchar(20) DEFAULT NULL,
  `order_discount` decimal(25,4) DEFAULT NULL,
  `total_discount` decimal(25,4) DEFAULT NULL,
  `product_tax` decimal(25,4) DEFAULT NULL,
  `order_tax_id` varchar(20) DEFAULT NULL,
  `order_tax` decimal(25,4) DEFAULT NULL,
  `total_tax` decimal(25,4) DEFAULT NULL,
  `grand_total` decimal(25,4) NOT NULL,
  `total_items` int(11) DEFAULT NULL,
  `total_quantity` decimal(15,4) DEFAULT NULL,
  `paid` decimal(25,4) NOT NULL DEFAULT 0.0000,
  `created_by` int(11) DEFAULT NULL,
  `updated_by` int(11) DEFAULT NULL,
  `updated_at` datetime DEFAULT NULL,
  `note` varchar(1000) DEFAULT NULL,
  `received` tinyint(1) DEFAULT NULL,
  `attachment` varchar(255) DEFAULT NULL,
  `status` varchar(20) NOT NULL DEFAULT 'unpaid',
  `rounding` decimal(10,4) DEFAULT NULL,
  `store_id` int(11) NOT NULL DEFAULT 1,
  `hold_ref` varchar(255) DEFAULT NULL
) ENGINE=InnoDB DEFAULT CHARSET=utf8;

--
-- Dumping data for table `tec_purchases`
--

INSERT INTO `tec_purchases` (`id`, `reference`, `date`, `supplier_id`, `supplier_name`, `total`, `product_discount`, `order_discount_id`, `order_discount`, `total_discount`, `product_tax`, `order_tax_id`, `order_tax`, `total_tax`, `grand_total`, `total_items`, `total_quantity`, `paid`, `created_by`, `updated_by`, `updated_at`, `note`, `received`, `attachment`, `status`, `rounding`, `store_id`, `hold_ref`) VALUES
(36, '', '2020-12-05 02:28:00', 9, '', 37500.0000, NULL, NULL, NULL, NULL, NULL, NULL, NULL, NULL, 0.0000, NULL, NULL, 37500.0000, 1, NULL, NULL, '', 1, NULL, 'paid', NULL, 1, NULL),
(37, '', '2020-12-05 02:31:00', 9, '', 3774000.0000, NULL, NULL, NULL, NULL, NULL, NULL, NULL, NULL, 0.0000, NULL, NULL, 3774000.0000, 1, NULL, NULL, '', 1, NULL, 'paid', NULL, 1, NULL),
(38, '', '2020-12-05 02:33:00', 9, '', 36000.0000, NULL, NULL, NULL, NULL, NULL, NULL, NULL, NULL, 0.0000, NULL, NULL, 36000.0000, 1, NULL, NULL, '', 1, NULL, 'paid', NULL, 1, NULL),
(39, '', '2020-12-05 02:35:00', 9, '', 75000.0000, NULL, NULL, NULL, NULL, NULL, NULL, NULL, NULL, 0.0000, NULL, NULL, 75000.0000, 1, NULL, NULL, '', 1, NULL, 'paid', NULL, 1, NULL),
(40, '', '2020-12-05 02:36:00', 9, '', 270000.0000, NULL, NULL, NULL, NULL, NULL, NULL, NULL, NULL, 0.0000, NULL, NULL, 270000.0000, 1, NULL, NULL, '', 1, NULL, 'paid', NULL, 1, NULL),
(41, '', '2020-12-05 02:37:00', 9, '', 495000.0000, NULL, NULL, NULL, NULL, NULL, NULL, NULL, NULL, 0.0000, NULL, NULL, 495000.0000, 1, NULL, NULL, '', 1, NULL, 'paid', NULL, 1, NULL),
(42, '', '2020-12-05 02:39:00', 9, '', 21000.0000, NULL, NULL, NULL, NULL, NULL, NULL, NULL, NULL, 0.0000, NULL, NULL, 21000.0000, 1, NULL, NULL, '', 1, NULL, 'paid', NULL, 1, NULL),
(43, '', '2020-12-05 02:40:00', 9, '', 1356000.0000, NULL, NULL, NULL, NULL, NULL, NULL, NULL, NULL, 0.0000, NULL, NULL, 1356000.0000, 1, NULL, NULL, '', 1, NULL, 'paid', NULL, 1, NULL),
(44, '', '2020-12-05 02:41:00', 9, '', 1156000.0000, NULL, NULL, NULL, NULL, NULL, NULL, NULL, NULL, 0.0000, NULL, NULL, 1156000.0000, 1, NULL, NULL, '', 1, NULL, 'paid', NULL, 1, NULL),
(45, '', '2020-12-05 02:42:00', 9, '', 227500.0000, NULL, NULL, NULL, NULL, NULL, NULL, NULL, NULL, 0.0000, NULL, NULL, 227500.0000, 1, NULL, NULL, '', 1, NULL, 'paid', NULL, 1, NULL),
(46, '', '2020-12-05 02:43:00', 9, '', 123000.0000, NULL, NULL, NULL, NULL, NULL, NULL, NULL, NULL, 0.0000, NULL, NULL, 123000.0000, 1, NULL, NULL, '', 1, NULL, 'paid', NULL, 1, NULL),
(47, '', '2020-12-05 02:45:00', 9, '', 1170000.0000, NULL, NULL, NULL, NULL, NULL, NULL, NULL, NULL, 0.0000, NULL, NULL, 0.0000, 1, NULL, NULL, '', 1, NULL, 'unpaid', NULL, 1, NULL),
(48, '', '2020-12-05 02:45:00', 9, '', 14000.0000, NULL, NULL, NULL, NULL, NULL, NULL, NULL, NULL, 0.0000, NULL, NULL, 14000.0000, 1, NULL, NULL, '', 1, NULL, 'paid', NULL, 1, NULL),
(49, '', '2020-12-05 12:19:00', 9, '', 216000.0000, NULL, NULL, NULL, NULL, NULL, NULL, NULL, NULL, 0.0000, NULL, NULL, 216000.0000, 1, NULL, NULL, '', 1, NULL, 'paid', NULL, 1, NULL),
(50, '', '2020-12-05 13:13:00', 9, '', 1710000.0000, NULL, NULL, NULL, NULL, NULL, NULL, NULL, NULL, 0.0000, NULL, NULL, 1710000.0000, 1, NULL, NULL, '', 1, NULL, 'paid', NULL, 1, NULL),
(51, '', '2020-12-05 13:17:00', 9, '', 25000.0000, NULL, NULL, NULL, NULL, NULL, NULL, NULL, NULL, 0.0000, NULL, NULL, 25000.0000, 1, NULL, NULL, '', 1, NULL, 'paid', NULL, 1, NULL),
(52, '', '2020-12-05 13:19:00', 4, '', 540000.0000, NULL, NULL, NULL, NULL, NULL, NULL, NULL, NULL, 0.0000, NULL, NULL, 540000.0000, 1, NULL, NULL, '', 1, NULL, 'paid', NULL, 1, NULL),
(54, '', '2020-12-05 13:49:00', 9, '', 50000.0000, NULL, NULL, NULL, NULL, NULL, NULL, NULL, NULL, 0.0000, NULL, NULL, 50000.0000, 1, NULL, NULL, '', 1, NULL, 'paid', NULL, 1, NULL),
(55, '', '2020-12-05 13:51:00', 9, '', 37500.0000, NULL, NULL, NULL, NULL, NULL, NULL, NULL, NULL, 0.0000, NULL, NULL, 37500.0000, 1, NULL, NULL, '', 1, NULL, 'paid', NULL, 1, NULL),
(56, '', '2020-12-05 14:10:00', 9, '', 150000.0000, NULL, NULL, NULL, NULL, NULL, NULL, NULL, NULL, 0.0000, NULL, NULL, 150000.0000, 1, NULL, NULL, '', 1, NULL, 'paid', NULL, 1, NULL),
(57, '', '2020-12-05 14:12:00', 9, '', 66000.0000, NULL, NULL, NULL, NULL, NULL, NULL, NULL, NULL, 0.0000, NULL, NULL, 66000.0000, 1, NULL, NULL, '', 1, NULL, 'paid', NULL, 1, NULL),
(58, '', '2020-12-05 14:13:00', 9, '', 288000.0000, NULL, NULL, NULL, NULL, NULL, NULL, NULL, NULL, 0.0000, NULL, NULL, 288000.0000, 1, NULL, NULL, '', 1, NULL, 'paid', NULL, 1, NULL),
(59, '', '2020-12-05 14:26:00', 9, '', 280000.0000, NULL, NULL, NULL, NULL, NULL, NULL, NULL, NULL, 0.0000, NULL, NULL, 280000.0000, 1, NULL, NULL, '', 1, NULL, 'paid', NULL, 1, NULL),
(60, '', '2020-12-05 14:28:00', 9, '', 82500.0000, NULL, NULL, NULL, NULL, NULL, NULL, NULL, NULL, 0.0000, NULL, NULL, 82500.0000, 1, NULL, NULL, '', 1, NULL, 'paid', NULL, 1, NULL),
(61, '', '2020-12-05 15:22:00', 9, '', 800000.0000, NULL, NULL, NULL, NULL, NULL, NULL, NULL, NULL, 0.0000, NULL, NULL, 0.0000, 1, NULL, NULL, '', 1, NULL, 'unpaid', NULL, 1, NULL),
(62, '', '2020-12-05 15:24:00', 9, '', 1680000.0000, NULL, NULL, NULL, NULL, NULL, NULL, NULL, NULL, 0.0000, NULL, NULL, 1680000.0000, 1, NULL, NULL, '', 1, NULL, 'paid', NULL, 1, NULL),
(63, '', '2020-12-05 15:25:00', 9, '', 450000.0000, NULL, NULL, NULL, NULL, NULL, NULL, NULL, NULL, 0.0000, NULL, NULL, 900000.0000, 1, NULL, NULL, '', 1, NULL, 'paid', NULL, 1, NULL),
(64, '', '2020-12-05 16:37:00', 10, '', 1872000.0000, NULL, NULL, NULL, NULL, NULL, NULL, NULL, NULL, 0.0000, NULL, NULL, 1872000.0000, 1, NULL, NULL, '', 1, '44a54d97878686313727d07a35410627.jpg', 'paid', NULL, 1, NULL),
(65, '', '2020-12-05 16:42:00', 9, '', 286000.0000, NULL, NULL, NULL, NULL, NULL, NULL, NULL, NULL, 0.0000, NULL, NULL, 286000.0000, 1, NULL, NULL, '', 1, NULL, 'paid', NULL, 1, NULL),
(66, '', '2020-12-05 17:31:00', 9, '', 870000.0000, NULL, NULL, NULL, NULL, NULL, NULL, NULL, NULL, 0.0000, NULL, NULL, 870000.0000, 1, NULL, NULL, '', 1, NULL, 'paid', NULL, 1, NULL),
(67, '', '2020-12-06 12:25:00', 9, '', 117000.0000, NULL, NULL, NULL, NULL, NULL, NULL, NULL, NULL, 0.0000, NULL, NULL, 117000.0000, 1, NULL, NULL, '', 1, NULL, 'paid', NULL, 1, NULL),
(68, '', '2020-12-06 12:27:00', 9, '', 30000.0000, NULL, NULL, NULL, NULL, NULL, NULL, NULL, NULL, 0.0000, NULL, NULL, 30000.0000, 1, NULL, NULL, '', 1, NULL, 'paid', NULL, 1, NULL),
(69, '', '2020-12-06 12:40:00', 9, '', 546000.0000, NULL, NULL, NULL, NULL, NULL, NULL, NULL, NULL, 0.0000, NULL, NULL, 560000.0000, 1, NULL, NULL, '', 1, NULL, 'paid', NULL, 1, NULL),
(70, '', '2020-12-06 12:41:00', 9, '', 230000.0000, NULL, NULL, NULL, NULL, NULL, NULL, NULL, NULL, 0.0000, NULL, NULL, 230000.0000, 1, NULL, NULL, '', 1, NULL, 'paid', NULL, 1, NULL),
(71, '', '2020-12-06 15:28:00', 9, '', 126000.0000, NULL, NULL, NULL, NULL, NULL, NULL, NULL, NULL, 0.0000, NULL, NULL, 126000.0000, 1, NULL, NULL, '', 1, NULL, 'paid', NULL, 1, NULL),
(72, '', '2020-12-06 15:29:00', 9, '', 105000.0000, NULL, NULL, NULL, NULL, NULL, NULL, NULL, NULL, 0.0000, NULL, NULL, 105000.0000, 1, NULL, NULL, '', 1, NULL, 'paid', NULL, 1, NULL),
(73, '', '2020-12-06 20:33:00', 9, '', 132000.0000, NULL, NULL, NULL, NULL, NULL, NULL, NULL, NULL, 0.0000, NULL, NULL, 132000.0000, 1, NULL, NULL, '', 1, NULL, 'paid', NULL, 1, NULL),
(74, '', '2020-12-06 22:04:00', 9, '', 95000.0000, NULL, NULL, NULL, NULL, NULL, NULL, NULL, NULL, 0.0000, NULL, NULL, 95000.0000, 1, NULL, NULL, '', 1, NULL, 'paid', NULL, 1, NULL),
(75, '', '2020-12-07 12:55:00', 13, '', 464000.0000, NULL, NULL, NULL, NULL, NULL, NULL, NULL, NULL, 0.0000, NULL, NULL, 464000.0000, 1, NULL, NULL, '', 1, NULL, 'paid', NULL, 1, NULL),
(76, '', '2020-12-07 13:52:00', 9, '', 165000.0000, NULL, NULL, NULL, NULL, NULL, NULL, NULL, NULL, 0.0000, NULL, NULL, 165000.0000, 1, NULL, NULL, '', 1, NULL, 'paid', NULL, 1, NULL),
(77, '', '2020-12-07 13:53:00', 9, '', 32500.0000, NULL, NULL, NULL, NULL, NULL, NULL, NULL, NULL, 0.0000, NULL, NULL, 32500.0000, 1, NULL, NULL, '', 1, NULL, 'paid', NULL, 1, NULL),
(78, '', '2020-12-07 13:56:00', 13, '', 2240000.0000, NULL, NULL, NULL, NULL, NULL, NULL, NULL, NULL, 0.0000, NULL, NULL, 2240000.0000, 1, NULL, NULL, '', 1, NULL, 'paid', NULL, 1, NULL),
(79, '', '2020-12-07 14:24:00', 9, '', 385000.0000, NULL, NULL, NULL, NULL, NULL, NULL, NULL, NULL, 0.0000, NULL, NULL, 385000.0000, 1, NULL, NULL, '', 1, NULL, 'paid', NULL, 1, NULL),
(80, '', '2020-12-07 15:55:00', 9, '', 360000.0000, NULL, NULL, NULL, NULL, NULL, NULL, NULL, NULL, 0.0000, NULL, NULL, 360000.0000, 1, NULL, NULL, '', 1, NULL, 'paid', NULL, 1, NULL),
(81, '', '2020-12-07 16:21:00', 14, '', 424500.0000, NULL, NULL, NULL, NULL, NULL, NULL, NULL, NULL, 0.0000, NULL, NULL, 424500.0000, 1, NULL, NULL, '', 1, NULL, 'paid', NULL, 1, NULL),
(82, '', '2020-12-07 17:47:00', 9, '', 1035000.0000, NULL, NULL, NULL, NULL, NULL, NULL, NULL, NULL, 0.0000, NULL, NULL, 1035000.0000, 1, NULL, NULL, '', 1, NULL, 'paid', NULL, 1, NULL),
(83, '', '2020-12-07 21:27:00', 9, '', 406000.0000, NULL, NULL, NULL, NULL, NULL, NULL, NULL, NULL, 0.0000, NULL, NULL, 0.0000, 1, NULL, NULL, '', 1, NULL, 'unpaid', NULL, 1, NULL),
(84, '', '2020-12-07 22:27:00', 9, '', 5208000.0000, NULL, NULL, NULL, NULL, NULL, NULL, NULL, NULL, 0.0000, NULL, NULL, 5208000.0000, 1, NULL, NULL, '', 1, NULL, 'paid', NULL, 1, NULL),
(85, '', '2020-12-08 11:50:00', 9, '', 264000.0000, NULL, NULL, NULL, NULL, NULL, NULL, NULL, NULL, 0.0000, NULL, NULL, 264000.0000, 1, NULL, NULL, '', 1, NULL, 'paid', NULL, 1, NULL),
(86, '', '2020-12-08 12:36:00', 9, '', 302500.0000, NULL, NULL, NULL, NULL, NULL, NULL, NULL, NULL, 0.0000, NULL, NULL, 302500.0000, 1, NULL, NULL, '', 1, NULL, 'paid', NULL, 1, NULL),
(87, '', '2020-12-08 15:15:00', 9, '', 190000.0000, NULL, NULL, NULL, NULL, NULL, NULL, NULL, NULL, 0.0000, NULL, NULL, 190000.0000, 1, NULL, NULL, '', 1, NULL, 'paid', NULL, 1, NULL),
(88, '', '2020-12-08 15:38:00', 7, '', 1050000.0000, NULL, NULL, NULL, NULL, NULL, NULL, NULL, NULL, 0.0000, NULL, NULL, 0.0000, 1, NULL, NULL, '', 1, NULL, 'unpaid', NULL, 1, NULL),
(89, '', '2020-12-08 16:29:00', 9, '', 160000.0000, NULL, NULL, NULL, NULL, NULL, NULL, NULL, NULL, 0.0000, NULL, NULL, 160000.0000, 1, NULL, NULL, '', 1, NULL, 'paid', NULL, 1, NULL),
(90, '', '2020-12-08 16:34:00', 9, '', 216000.0000, NULL, NULL, NULL, NULL, NULL, NULL, NULL, NULL, 0.0000, NULL, NULL, 216000.0000, 1, NULL, NULL, '', 1, NULL, 'paid', NULL, 1, NULL),
(91, '', '2020-12-08 16:39:00', 9, '', 230000.0000, NULL, NULL, NULL, NULL, NULL, NULL, NULL, NULL, 0.0000, NULL, NULL, 230000.0000, 1, NULL, NULL, '', 1, NULL, 'paid', NULL, 1, NULL),
(92, '', '2020-12-08 19:24:00', 9, '', 574200.0000, NULL, NULL, NULL, NULL, NULL, NULL, NULL, NULL, 0.0000, NULL, NULL, 0.0000, 1, NULL, NULL, '', 1, NULL, 'unpaid', NULL, 1, NULL),
(93, '', '2020-12-08 19:25:00', 9, '', 3331500.0000, NULL, NULL, NULL, NULL, NULL, NULL, NULL, NULL, 0.0000, NULL, NULL, 2000000.0000, 1, NULL, NULL, '', 1, NULL, 'paid', NULL, 1, NULL),
(95, '', '2020-12-08 19:41:00', 9, '', 255000.0000, NULL, NULL, NULL, NULL, NULL, NULL, NULL, NULL, 0.0000, NULL, NULL, 255000.0000, 1, NULL, NULL, '', 1, NULL, 'paid', NULL, 1, NULL);

-- --------------------------------------------------------

--
-- Table structure for table `tec_purchase_items`
--

CREATE TABLE `tec_purchase_items` (
  `id` int(11) NOT NULL,
  `purchase_id` int(11) NOT NULL,
  `product_id` int(11) NOT NULL,
  `quantity` decimal(15,4) NOT NULL,
  `cost` decimal(25,4) NOT NULL,
  `discount` decimal(25,4) NOT NULL,
  `subtotal` decimal(25,4) NOT NULL
) ENGINE=InnoDB DEFAULT CHARSET=utf8;

--
-- Dumping data for table `tec_purchase_items`
--

INSERT INTO `tec_purchase_items` (`id`, `purchase_id`, `product_id`, `quantity`, `cost`, `discount`, `subtotal`) VALUES
(13, 5, 7, 50.0000, 2000.0000, 0.0000, 100000.0000),
(14, 6, 6, 200.0000, 2500.0000, 0.0000, 500000.0000),
(15, 7, 8, 100.0000, 500.0000, 0.0000, 50000.0000),
(16, 8, 9, 70.0000, 4000.0000, 0.0000, 280000.0000),
(65, 36, 26, 5.0000, 7500.0000, 0.0000, 37500.0000),
(68, 37, 16, 1020.0000, 3700.0000, 0.0000, 3774000.0000),
(69, 38, 28, 2.0000, 18000.0000, 0.0000, 36000.0000),
(70, 39, 24, 15.0000, 5000.0000, 0.0000, 75000.0000),
(71, 40, 13, 9.0000, 30000.0000, 0.0000, 270000.0000),
(72, 41, 21, 18.0000, 27500.0000, 0.0000, 495000.0000),
(73, 42, 18, 7.0000, 3000.0000, 0.0000, 21000.0000),
(74, 43, 20, 113.0000, 12000.0000, 0.0000, 1356000.0000),
(75, 44, 17, 289.0000, 4000.0000, 0.0000, 1156000.0000),
(76, 45, 9, 35.0000, 6500.0000, 0.0000, 227500.0000),
(77, 46, 22, 41.0000, 3000.0000, 0.0000, 123000.0000),
(78, 47, 19, 180.0000, 6500.0000, 0.0000, 1170000.0000),
(79, 48, 10, 10.0000, 1400.0000, 0.0000, 14000.0000),
(89, 50, 13, 57.0000, 30000.0000, 0.0000, 1710000.0000),
(90, 54, 32, 5.0000, 10000.0000, 0.0000, 50000.0000),
(93, 57, 18, 22.0000, 3000.0000, 0.0000, 66000.0000),
(94, 58, 28, 16.0000, 18000.0000, 0.0000, 288000.0000),
(95, 49, 28, 12.0000, 18000.0000, 0.0000, 216000.0000),
(97, 51, 23, 10.0000, 2500.0000, 0.0000, 25000.0000),
(100, 52, 27, 60.0000, 9000.0000, 0.0000, 540000.0000),
(101, 55, 26, 5.0000, 7500.0000, 0.0000, 37500.0000),
(102, 56, 30, 15.0000, 10000.0000, 0.0000, 150000.0000),
(103, 59, 30, 28.0000, 10000.0000, 0.0000, 280000.0000),
(104, 60, 23, 33.0000, 2500.0000, 0.0000, 82500.0000),
(107, 63, 26, 60.0000, 7500.0000, 0.0000, 450000.0000),
(108, 62, 13, 56.0000, 30000.0000, 0.0000, 1680000.0000),
(109, 64, 21, 78.0000, 24000.0000, 0.0000, 1872000.0000),
(110, 65, 9, 44.0000, 6500.0000, 0.0000, 286000.0000),
(111, 66, 12, 60.0000, 14500.0000, 0.0000, 870000.0000),
(115, 70, 30, 23.0000, 10000.0000, 0.0000, 230000.0000),
(117, 68, 23, 12.0000, 2500.0000, 0.0000, 30000.0000),
(118, 67, 22, 39.0000, 3000.0000, 0.0000, 117000.0000),
(119, 71, 28, 7.0000, 18000.0000, 0.0000, 126000.0000),
(121, 69, 10, 39.0000, 14000.0000, 0.0000, 546000.0000),
(122, 72, 22, 35.0000, 3000.0000, 0.0000, 105000.0000),
(123, 73, 9, 22.0000, 6000.0000, 0.0000, 132000.0000),
(124, 74, 29, 95.0000, 1000.0000, 0.0000, 95000.0000),
(126, 76, 22, 55.0000, 3000.0000, 0.0000, 165000.0000),
(127, 77, 23, 13.0000, 2500.0000, 0.0000, 32500.0000),
(128, 78, 13, 80.0000, 28000.0000, 0.0000, 2240000.0000),
(129, 79, 26, 55.0000, 7000.0000, 0.0000, 385000.0000),
(130, 80, 9, 60.0000, 6000.0000, 0.0000, 360000.0000),
(131, 81, 9, 33.0000, 6500.0000, 0.0000, 214500.0000),
(132, 81, 30, 21.0000, 10000.0000, 0.0000, 210000.0000),
(133, 82, 12, 69.0000, 15000.0000, 0.0000, 1035000.0000),
(135, 84, 13, 186.0000, 28000.0000, 0.0000, 5208000.0000),
(151, 75, 27, 58.0000, 8000.0000, 0.0000, 464000.0000),
(154, 88, 21, 50.0000, 21000.0000, 0.0000, 1050000.0000),
(157, 86, 23, 13.0000, 2500.0000, 0.0000, 32500.0000),
(158, 86, 28, 18.0000, 15000.0000, 0.0000, 270000.0000),
(160, 87, 23, 40.0000, 2500.0000, 0.0000, 100000.0000),
(161, 87, 28, 5.0000, 18000.0000, 0.0000, 90000.0000),
(163, 91, 30, 23.0000, 10000.0000, 0.0000, 230000.0000),
(164, 85, 30, 24.0000, 11000.0000, 0.0000, 264000.0000),
(165, 89, 30, 16.0000, 10000.0000, 0.0000, 160000.0000),
(166, 90, 28, 12.0000, 18000.0000, 0.0000, 216000.0000),
(168, 93, 21, 133.0000, 24000.0000, 0.0000, 3192000.0000),
(169, 93, 31, 31.0000, 4500.0000, 0.0000, 139500.0000),
(174, 95, 28, 15.0000, 17000.0000, 0.0000, 255000.0000),
(175, 92, 19, 66.0000, 8700.0000, 0.0000, 574200.0000),
(177, 83, 19, 58.0000, 7000.0000, 0.0000, 406000.0000),
(178, 61, 15, 20.0000, 40000.0000, 0.0000, 800000.0000);

-- --------------------------------------------------------

--
-- Table structure for table `tec_purchase_payments`
--

CREATE TABLE `tec_purchase_payments` (
  `id` int(11) NOT NULL,
  `date` timestamp NULL DEFAULT current_timestamp(),
  `purchase_id` int(11) DEFAULT NULL,
  `supplier_id` int(11) DEFAULT NULL,
  `transaction_id` varchar(50) DEFAULT NULL,
  `paid_by` varchar(20) NOT NULL,
  `cheque_no` varchar(20) DEFAULT NULL,
  `cc_no` varchar(20) DEFAULT NULL,
  `cc_holder` varchar(25) DEFAULT NULL,
  `cc_month` varchar(2) DEFAULT NULL,
  `cc_year` varchar(4) DEFAULT NULL,
  `cc_type` varchar(20) DEFAULT NULL,
  `amount` decimal(25,4) NOT NULL,
  `currency` varchar(3) DEFAULT NULL,
  `created_by` int(11) NOT NULL,
  `attachment` varchar(55) DEFAULT NULL,
  `note` varchar(1000) DEFAULT NULL,
  `purchase_paid` decimal(25,4) DEFAULT 0.0000,
  `purchase_balance` decimal(25,4) DEFAULT 0.0000,
  `gc_no` varchar(20) DEFAULT NULL,
  `reference` varchar(50) DEFAULT NULL,
  `updated_by` int(11) DEFAULT NULL,
  `updated_at` timestamp NULL DEFAULT NULL,
  `store_id` int(11) NOT NULL DEFAULT 1
) ENGINE=InnoDB DEFAULT CHARSET=utf8;

--
-- Dumping data for table `tec_purchase_payments`
--

INSERT INTO `tec_purchase_payments` (`id`, `date`, `purchase_id`, `supplier_id`, `transaction_id`, `paid_by`, `cheque_no`, `cc_no`, `cc_holder`, `cc_month`, `cc_year`, `cc_type`, `amount`, `currency`, `created_by`, `attachment`, `note`, `purchase_paid`, `purchase_balance`, `gc_no`, `reference`, `updated_by`, `updated_at`, `store_id`) VALUES
(1, '2020-12-01 06:51:00', 11, 2, NULL, 'cash', '', '', '', '', '', 'Visa', 4800.0000, NULL, 1, NULL, '', 0.0000, 0.0000, '', '', NULL, NULL, 1),
(2, '2020-12-01 09:32:00', 13, 1, NULL, 'cash', '', '', '', '', '', 'Visa', 50000.0000, NULL, 1, NULL, '', 0.0000, 0.0000, '', '', NULL, NULL, 1),
(3, '2020-12-01 09:35:00', 14, 2, NULL, 'cash', '', '', '', '', '', 'Visa', 100000.0000, NULL, 1, NULL, '', 0.0000, 0.0000, '', '', NULL, NULL, 1),
(4, '2020-12-01 09:37:00', 15, 1, NULL, 'cash', '', '', '', '', '', 'Visa', 100000.0000, NULL, 1, NULL, '', 0.0000, 0.0000, '', '', NULL, NULL, 1),
(5, '2020-12-02 13:26:00', 18, 2, NULL, 'cash', '', '', '', '', '', 'Visa', 200000.0000, NULL, 1, NULL, '', 0.0000, 0.0000, '', '', NULL, NULL, 1),
(6, '2020-12-04 14:57:00', 19, 3, NULL, 'cash', '', '', '', '', '', 'Visa', 600000.0000, NULL, 1, NULL, '', 0.0000, 0.0000, '', '', NULL, NULL, 1),
(7, '2020-12-03 19:17:00', 20, 3, NULL, 'cash', '', '', '', '', '', 'Visa', 1120000.0000, NULL, 1, NULL, '', 0.0000, 0.0000, '', 'Belum dibaya', NULL, NULL, 1),
(8, '2020-12-03 19:20:00', 20, 11, NULL, 'cash', '', '', '', '', '', 'Visa', 0.0000, NULL, 1, NULL, 'Baru di bayar 500000<br>', 0.0000, 0.0000, '', '', NULL, NULL, 1),
(9, '2020-12-03 19:30:00', 20, 11, NULL, 'cash', '', '', '', '', '', 'Visa', 0.0000, NULL, 1, NULL, '', 0.0000, 0.0000, '', '', NULL, NULL, 1),
(10, '2020-12-03 19:32:00', 21, 9, NULL, 'cash', '', '', '', '', '', 'Visa', 500000.0000, NULL, 1, NULL, '', 0.0000, 0.0000, '', '', NULL, NULL, 1),
(11, '2020-12-03 19:41:00', 23, 11, NULL, 'cash', '', '', '', '', '', 'Visa', 500000.0000, NULL, 1, NULL, '', 0.0000, 0.0000, '', '', NULL, NULL, 1),
(12, '2020-12-03 19:44:00', 24, 9, NULL, 'cash', '', '', '', '', '', 'Visa', 1920000.0000, NULL, 1, NULL, '', 0.0000, 0.0000, '', '', NULL, NULL, 1),
(13, '2020-12-03 19:45:00', 23, 11, NULL, 'cash', '', '', '', '', '', 'Visa', 0.0000, NULL, 1, NULL, '', 0.0000, 0.0000, '', '', NULL, NULL, 1),
(14, '2020-12-03 19:49:00', 25, 9, NULL, 'cash', '', '', '', '', '', 'Visa', 520000.0000, NULL, 1, NULL, '', 0.0000, 0.0000, '', '', NULL, NULL, 1),
(15, '2020-12-03 19:49:00', 23, 11, NULL, 'cash', '', '', '', '', '', 'Visa', 0.0000, NULL, 1, NULL, '', 0.0000, 0.0000, '', '', NULL, NULL, 1),
(16, '2020-12-03 19:50:00', 23, 11, NULL, 'cash', '', '', '', '', '', 'Visa', 1120000.0000, NULL, 1, NULL, '', 0.0000, 0.0000, '', '', NULL, NULL, 1),
(17, '2020-12-03 19:51:00', 23, 11, NULL, 'cash', '', '', '', '', '', 'Visa', 0.0000, NULL, 1, NULL, '', 0.0000, 0.0000, '', '', NULL, NULL, 1),
(18, '2020-12-03 19:51:00', 23, 11, NULL, 'cash', '', '', '', '', '', 'Visa', 100000.0000, NULL, 1, NULL, '', 0.0000, 0.0000, '', '', NULL, NULL, 1),
(19, '2020-12-03 19:52:00', 23, 11, NULL, 'cash', '', '', '', '', '', 'Visa', 100000.0000, NULL, 1, NULL, '', 0.0000, 0.0000, '', '', NULL, NULL, 1),
(20, '2020-12-03 19:53:00', 23, 11, NULL, 'cash', '', '', '', '', '', 'Visa', 200000.0000, NULL, 1, NULL, '', 0.0000, 0.0000, '', '', NULL, NULL, 1),
(21, '2020-12-03 19:56:00', 27, 8, NULL, 'cash', '', '', '', '', '', 'Visa', 585000.0000, NULL, 1, NULL, '', 0.0000, 0.0000, '', '', NULL, NULL, 1),
(22, '2020-12-03 19:57:00', 28, 9, NULL, 'cash', '', '', '', '', '', 'Visa', 187500.0000, NULL, 1, NULL, '', 0.0000, 0.0000, '', '', NULL, NULL, 1),
(23, '2020-12-03 19:59:00', 29, 9, NULL, 'cash', '', '', '', '', '', 'Visa', 1400000.0000, NULL, 1, NULL, '', 0.0000, 0.0000, '', '', NULL, NULL, 1),
(24, '2020-12-03 20:00:00', 30, 9, NULL, 'cash', '', '', '', '', '', 'Visa', 3700000.0000, NULL, 1, NULL, '', 0.0000, 0.0000, '', '', NULL, NULL, 1),
(25, '2020-12-03 20:02:00', 31, 4, NULL, 'cash', '', '', '', '', '', 'Visa', 450000.0000, NULL, 1, NULL, '', 0.0000, 0.0000, '', '', NULL, NULL, 1),
(26, '2020-12-03 20:03:00', 32, 9, NULL, 'cash', '', '', '', '', '', 'Visa', 15000.0000, NULL, 1, NULL, '', 0.0000, 0.0000, '', '', NULL, NULL, 1),
(27, '2020-12-03 20:05:00', 33, 9, NULL, 'cash', '', '', '', '', '', 'Visa', 50000.0000, NULL, 1, NULL, '', 0.0000, 0.0000, '', '', NULL, NULL, 1),
(28, '2020-12-04 19:20:00', 34, 9, NULL, 'cash', '', '', '', '', '', 'Visa', 3774000.0000, NULL, 1, NULL, '', 0.0000, 0.0000, '', '', NULL, NULL, 1),
(29, '2020-12-04 19:20:00', 35, 9, NULL, 'cash', '', '', '', '', '', 'Visa', 3810000.0000, NULL, 1, NULL, '', 0.0000, 0.0000, '', '', NULL, NULL, 1),
(31, '2020-12-04 19:22:00', 35, 9, NULL, 'cash', '', '', '', '', '', 'Visa', 0.0000, NULL, 1, NULL, '', 0.0000, 0.0000, '', 'TITIP 2000000', NULL, NULL, 1),
(33, '2020-12-04 19:29:00', 36, 9, NULL, 'cash', '', '', '', '', '', 'Visa', 37500.0000, NULL, 1, NULL, '', 0.0000, 0.0000, '', '', NULL, NULL, 1),
(34, '2020-12-04 19:32:00', 37, 9, NULL, 'cash', '', '', '', '', '', 'Visa', 3774000.0000, NULL, 1, NULL, '', 0.0000, 0.0000, '', '', NULL, NULL, 1),
(35, '2020-12-04 19:33:00', 38, 9, NULL, 'cash', '', '', '', '', '', 'Visa', 36000.0000, NULL, 1, NULL, '', 0.0000, 0.0000, '', '', NULL, NULL, 1),
(36, '2020-12-04 19:36:00', 39, 9, NULL, 'cash', '', '', '', '', '', 'Visa', 75000.0000, NULL, 1, NULL, '', 0.0000, 0.0000, '', '', NULL, NULL, 1),
(37, '2020-12-04 19:37:00', 40, 9, NULL, 'cash', '', '', '', '', '', 'Visa', 270000.0000, NULL, 1, NULL, '', 0.0000, 0.0000, '', '', NULL, NULL, 1),
(38, '2020-12-04 19:40:00', 42, 9, NULL, 'cash', '', '', '', '', '', 'Visa', 21000.0000, NULL, 1, NULL, '', 0.0000, 0.0000, '', '', NULL, NULL, 1),
(39, '2020-12-04 19:41:00', 43, 9, NULL, 'cash', '', '', '', '', '', 'Visa', 1356000.0000, NULL, 1, NULL, '', 0.0000, 0.0000, '', '', NULL, NULL, 1),
(40, '2020-12-04 19:42:00', 44, 9, NULL, 'cash', '', '', '', '', '', 'Visa', 1156000.0000, NULL, 1, NULL, '', 0.0000, 0.0000, '', '', NULL, NULL, 1),
(41, '2020-12-04 19:43:00', 45, 9, NULL, 'cash', '', '', '', '', '', 'Visa', 227500.0000, NULL, 1, NULL, '', 0.0000, 0.0000, '', '', NULL, NULL, 1),
(42, '2020-12-04 19:44:00', 46, 9, NULL, 'cash', '', '', '', '', '', 'Visa', 123000.0000, NULL, 1, NULL, '', 0.0000, 0.0000, '', '', NULL, NULL, 1),
(43, '2020-12-04 19:47:00', 48, 9, NULL, 'cash', '', '', '', '', '', 'Visa', 14000.0000, NULL, 1, NULL, '', 0.0000, 0.0000, '', '', NULL, NULL, 1),
(44, '2020-12-05 06:17:00', 49, 9, NULL, 'cash', '', '', '', '', '', 'Visa', 216000.0000, NULL, 1, NULL, '', 0.0000, 0.0000, '', '', NULL, NULL, 1),
(45, '2020-12-05 06:18:00', 51, 9, NULL, 'cash', '', '', '', '', '', 'Visa', 25000.0000, NULL, 1, NULL, '', 0.0000, 0.0000, '', '', NULL, NULL, 1),
(46, '2020-12-05 06:40:00', 53, 9, NULL, 'cash', '', '', '', '', '', 'Visa', 75000.0000, NULL, 1, NULL, '', 0.0000, 0.0000, '', '', NULL, NULL, 1),
(47, '2020-12-05 06:42:00', 50, 9, NULL, 'cash', '', '', '', '', '', 'Visa', 1710000.0000, NULL, 1, NULL, '', 0.0000, 0.0000, '', '', NULL, NULL, 1),
(48, '2020-12-05 07:21:00', 54, 9, NULL, 'cash', '', '', '', '', '', 'Visa', 50000.0000, NULL, 1, NULL, '', 0.0000, 0.0000, '', '', NULL, NULL, 1),
(49, '2020-12-05 07:23:00', 56, 9, NULL, 'cash', '', '', '', '', '', 'Visa', 150000.0000, NULL, 1, NULL, '', 0.0000, 0.0000, '', '', NULL, NULL, 1),
(50, '2020-12-05 07:23:00', 57, 9, NULL, 'cash', '', '', '', '', '', 'Visa', 66000.0000, NULL, 1, NULL, '', 0.0000, 0.0000, '', '', NULL, NULL, 1),
(51, '2020-12-05 07:23:00', 58, 9, NULL, 'cash', '', '', '', '', '', 'Visa', 288000.0000, NULL, 1, NULL, '', 0.0000, 0.0000, '', '', NULL, NULL, 1),
(52, '2020-12-05 07:27:00', 59, 9, NULL, 'cash', '', '', '', '', '', 'Visa', 280000.0000, NULL, 1, NULL, '', 0.0000, 0.0000, '', '', NULL, NULL, 1),
(53, '2020-12-05 07:29:00', 60, 9, NULL, 'cash', '', '', '', '', '', 'Visa', 82500.0000, NULL, 1, NULL, '', 0.0000, 0.0000, '', '', NULL, NULL, 1),
(54, '2020-12-05 08:27:00', 63, 9, NULL, 'cash', '', '', '', '', '', 'Visa', 450000.0000, NULL, 1, NULL, '', 0.0000, 0.0000, '', '', NULL, NULL, 1),
(55, '2020-12-05 08:27:00', 63, 9, NULL, 'cash', '', '', '', '', '', 'Visa', 450000.0000, NULL, 1, NULL, '', 0.0000, 0.0000, '', '', NULL, NULL, 1),
(56, '2020-12-05 09:32:00', 55, 9, NULL, 'cash', '', '', '', '', '', 'Visa', 37500.0000, NULL, 1, NULL, '', 0.0000, 0.0000, '', '', NULL, NULL, 1),
(57, '2020-12-05 09:34:00', 41, 9, NULL, 'cash', '', '', '', '', '', 'Visa', 495000.0000, NULL, 1, NULL, '', 0.0000, 0.0000, '', '', NULL, NULL, 1),
(58, '2020-12-05 09:41:00', 64, 10, NULL, 'cash', '', '', '', '', '', 'Visa', 1872000.0000, NULL, 1, NULL, '', 0.0000, 0.0000, '', '', NULL, NULL, 1),
(59, '2020-12-05 09:43:00', 65, 9, NULL, 'cash', '', '', '', '', '', 'Visa', 286000.0000, NULL, 1, NULL, '', 0.0000, 0.0000, '', '', NULL, NULL, 1),
(60, '2020-12-06 06:21:00', 68, 9, NULL, 'cash', '', '', '', '', '', 'Visa', 30000.0000, NULL, 1, NULL, '', 0.0000, 0.0000, '', '', NULL, NULL, 1),
(61, '2020-12-06 06:22:00', 67, 9, NULL, 'cash', '', '', '', '', '', 'Visa', 117000.0000, NULL, 1, NULL, '', 0.0000, 0.0000, '', '', NULL, NULL, 1),
(62, '2020-12-06 08:32:00', 70, 9, NULL, 'cash', '', '', '', '', '', 'Visa', 230000.0000, NULL, 1, NULL, '', 0.0000, 0.0000, '', '', NULL, NULL, 1),
(63, '2020-12-06 08:33:00', 69, 9, NULL, 'cash', '', '', '', '', '', 'Visa', 560000.0000, NULL, 1, NULL, '', 0.0000, 0.0000, '', '', NULL, NULL, 1),
(64, '2020-12-06 09:33:00', 71, 9, NULL, 'cash', '', '', '', '', '', 'Visa', 126000.0000, NULL, 1, NULL, '', 0.0000, 0.0000, '', '', NULL, NULL, 1),
(65, '2020-12-06 09:34:00', 72, 9, NULL, 'cash', '', '', '', '', '', 'Visa', 105000.0000, NULL, 1, NULL, '', 0.0000, 0.0000, '', '', NULL, NULL, 1),
(66, '2020-12-06 15:05:00', 73, 9, NULL, 'cash', '', '', '', '', '', 'Visa', 132000.0000, NULL, 1, NULL, '', 0.0000, 0.0000, '', '', NULL, NULL, 1),
(67, '2020-12-06 15:05:00', 74, 9, NULL, 'cash', '', '', '', '', '', 'Visa', 95000.0000, NULL, 1, NULL, '', 0.0000, 0.0000, '', '', NULL, NULL, 1),
(68, '2020-12-06 15:05:00', 66, 9, NULL, 'cash', '', '', '', '', '', 'Visa', 870000.0000, NULL, 1, NULL, '', 0.0000, 0.0000, '', '', NULL, NULL, 1),
(69, '2020-12-06 15:06:00', 62, 9, NULL, 'cash', '', '', '', '', '', 'Visa', 1680000.0000, NULL, 1, NULL, '', 0.0000, 0.0000, '', '', NULL, NULL, 1),
(70, '2020-12-06 15:08:00', 52, 4, NULL, 'cash', '', '', '', '', '', 'Visa', 540000.0000, NULL, 1, NULL, '', 0.0000, 0.0000, '', '', NULL, NULL, 1),
(71, '2020-12-07 06:55:00', 76, 9, NULL, 'cash', '', '', '', '', '', 'Visa', 165000.0000, NULL, 1, NULL, '', 0.0000, 0.0000, '', '', NULL, NULL, 1),
(72, '2020-12-07 06:55:00', 77, 9, NULL, 'cash', '', '', '', '', '', 'Visa', 32500.0000, NULL, 1, NULL, '', 0.0000, 0.0000, '', '', NULL, NULL, 1),
(73, '2020-12-07 06:57:00', 78, 13, NULL, 'cash', '', '', '', '', '', 'Visa', 2240000.0000, NULL, 1, NULL, '', 0.0000, 0.0000, '', '', NULL, NULL, 1),
(74, '2020-12-07 07:25:00', 79, 9, NULL, 'cash', '', '', '', '', '', 'Visa', 385000.0000, NULL, 1, NULL, '', 0.0000, 0.0000, '', '', NULL, NULL, 1),
(75, '2020-12-07 08:56:00', 80, 9, NULL, 'cash', '', '', '', '', '', 'Visa', 360000.0000, NULL, 1, NULL, '', 0.0000, 0.0000, '', '', NULL, NULL, 1),
(76, '2020-12-07 09:22:00', 81, 14, NULL, 'cash', '', '', '', '', '', 'Visa', 424500.0000, NULL, 1, NULL, '', 0.0000, 0.0000, '', '', NULL, NULL, 1),
(77, '2020-12-07 10:48:00', 82, 9, NULL, 'cash', '', '', '', '', '', 'Visa', 1035000.0000, NULL, 1, NULL, '', 0.0000, 0.0000, '', '', NULL, NULL, 1),
(78, '2020-12-07 15:28:00', 84, 9, NULL, 'cash', '', '', '', '', '', 'Visa', 5208000.0000, NULL, 1, NULL, '', 0.0000, 0.0000, '', '', NULL, NULL, 1),
(79, '2020-12-08 05:38:00', 86, 9, NULL, 'cash', '', '', '', '', '', 'Visa', 302500.0000, NULL, 1, NULL, '', 0.0000, 0.0000, '', '', NULL, NULL, 1),
(80, '2020-12-08 08:14:00', 85, 9, NULL, 'cash', '', '', '', '', '', 'Visa', 264000.0000, NULL, 1, NULL, '', 0.0000, 0.0000, '', '', NULL, NULL, 1),
(81, '2020-12-08 08:19:00', 87, 9, NULL, 'cash', '', '', '', '', '', 'Visa', 190000.0000, NULL, 1, NULL, '', 0.0000, 0.0000, '', '', NULL, NULL, 1),
(82, '2020-12-08 09:34:00', 89, 9, NULL, 'cash', '', '', '', '', '', 'Visa', 160000.0000, NULL, 1, NULL, '', 0.0000, 0.0000, '', '', NULL, NULL, 1),
(83, '2020-12-08 09:38:00', 90, 9, NULL, 'cash', '', '', '', '', '', 'Visa', 216000.0000, NULL, 1, NULL, '', 0.0000, 0.0000, '', '', NULL, NULL, 1),
(84, '2020-12-08 09:41:00', 91, 9, NULL, 'cash', '', '', '', '', '', 'Visa', 230000.0000, NULL, 1, NULL, '', 0.0000, 0.0000, '', '', NULL, NULL, 1),
(85, '2020-12-08 12:27:00', 93, 9, NULL, 'cash', '', '', '', '', '', 'Visa', 2000000.0000, NULL, 1, NULL, '', 0.0000, 0.0000, '', '', NULL, NULL, 1),
(86, '2020-12-08 12:43:00', 95, 9, NULL, 'cash', '', '', '', '', '', 'Visa', 255000.0000, NULL, 1, NULL, '', 0.0000, 0.0000, '', '', NULL, NULL, 1),
(87, '2020-12-08 12:43:00', 94, 9, NULL, 'cash', '', '', '', '', '', 'Visa', 2000000.0000, NULL, 1, NULL, '', 0.0000, 0.0000, '', '', NULL, NULL, 1),
(88, '2020-12-08 17:32:00', 96, 9, NULL, 'cash', '', '', '', '', '', 'Visa', 191400.0000, NULL, 1, NULL, '', 0.0000, 0.0000, '', '', NULL, NULL, 1),
(89, '2020-12-08 17:35:00', 75, 13, NULL, 'cash', '', '', '', '', '', 'Visa', 464000.0000, NULL, 1, NULL, '', 0.0000, 0.0000, '', '', NULL, NULL, 1);

-- --------------------------------------------------------

--
-- Table structure for table `tec_registers`
--

CREATE TABLE `tec_registers` (
  `id` int(11) NOT NULL,
  `date` timestamp NOT NULL DEFAULT current_timestamp(),
  `user_id` int(11) NOT NULL,
  `cash_in_hand` decimal(25,4) NOT NULL,
  `status` varchar(10) NOT NULL,
  `total_cash` decimal(25,4) DEFAULT NULL,
  `total_cheques` int(11) DEFAULT NULL,
  `total_cc_slips` int(11) DEFAULT NULL,
  `total_cash_submitted` decimal(25,4) DEFAULT NULL,
  `total_cheques_submitted` int(11) DEFAULT NULL,
  `total_cc_slips_submitted` int(11) DEFAULT NULL,
  `note` text DEFAULT NULL,
  `closed_at` timestamp NULL DEFAULT NULL,
  `transfer_opened_bills` varchar(50) DEFAULT NULL,
  `closed_by` int(11) DEFAULT NULL,
  `store_id` int(11) NOT NULL DEFAULT 1
) ENGINE=InnoDB DEFAULT CHARSET=utf8;

--
-- Dumping data for table `tec_registers`
--

INSERT INTO `tec_registers` (`id`, `date`, `user_id`, `cash_in_hand`, `status`, `total_cash`, `total_cheques`, `total_cc_slips`, `total_cash_submitted`, `total_cheques_submitted`, `total_cc_slips_submitted`, `note`, `closed_at`, `transfer_opened_bills`, `closed_by`, `store_id`) VALUES
(1, '2019-03-19 18:19:22', 1, 200.0000, 'close', 200.0000, 0, 0, 200.0000, 0, 0, '', '2020-11-28 03:49:20', NULL, 1, 1),
(2, '2020-11-28 03:50:23', 1, 1000.0000, 'close', 44470.0000, 0, 0, 44470.0000, 0, 0, 'Penjualan hari 1 - 28/11/2020', '2020-11-28 04:18:22', NULL, 1, 1),
(3, '2020-11-28 04:18:34', 1, 0.0000, 'close', 0.0000, 0, 0, 0.0000, 0, 0, '', '2020-11-28 05:04:53', NULL, 1, 1),
(4, '2020-11-28 05:09:02', 1, 1000.0000, 'close', 1000.0000, 0, 0, 1000.0000, 0, 0, '', '2020-11-28 05:09:45', NULL, 1, 1),
(5, '2020-11-28 05:13:12', 1, 1000.0000, 'close', 1000.0000, 0, 0, 1000.0000, 0, 0, '', '2020-11-28 05:35:27', NULL, 1, 1),
(6, '2020-11-28 05:35:56', 1, 0.0000, 'close', 0.0000, 0, 0, 0.0000, 0, 0, '', '2020-11-28 05:36:08', NULL, 1, 1),
(7, '2020-11-28 05:36:15', 1, 0.0000, 'close', 55000.0000, 0, 0, 55000.0000, 0, 0, '', '2020-11-29 08:56:00', NULL, 1, 1),
(8, '2020-11-28 13:37:42', 3, 200000.0000, 'close', 200000.0000, 0, 0, 200000.0000, 0, 0, '', '2020-11-29 04:30:17', NULL, 3, 1),
(9, '2020-11-29 04:30:27', 3, 200000.0000, 'close', 225000.0000, 0, 0, 225000.0000, 0, 0, '', '2020-11-29 04:31:15', NULL, 3, 1),
(10, '2020-11-29 08:32:17', 3, 100000.0000, 'close', 155000.0000, 0, 0, 155000.0000, 0, 0, '', '2020-11-30 03:39:48', NULL, 3, 1),
(11, '2020-11-29 14:48:56', 1, 0.0000, 'open', NULL, NULL, NULL, NULL, NULL, NULL, NULL, NULL, NULL, NULL, 1),
(12, '2020-12-03 10:14:10', 3, 100000.0000, 'close', 100000.0000, 0, 0, 100000.0000, 0, 0, '', '2020-12-03 10:15:53', NULL, 3, 1),
(13, '2020-12-03 16:54:41', 4, 100000.0000, 'open', NULL, NULL, NULL, NULL, NULL, NULL, NULL, NULL, NULL, NULL, 1),
(14, '2020-12-03 16:59:06', 4, 0.0000, 'open', NULL, NULL, NULL, NULL, NULL, NULL, NULL, NULL, NULL, NULL, 1),
(15, '2020-12-04 10:01:57', 4, 200000.0000, 'open', NULL, NULL, NULL, NULL, NULL, NULL, NULL, NULL, NULL, NULL, 1);

-- --------------------------------------------------------

--
-- Table structure for table `tec_sales`
--

CREATE TABLE `tec_sales` (
  `id` int(11) NOT NULL,
  `date` datetime NOT NULL,
  `customer_id` int(11) NOT NULL,
  `customer_name` varchar(55) NOT NULL,
  `total` decimal(25,4) NOT NULL,
  `product_discount` decimal(25,4) DEFAULT NULL,
  `order_discount_id` varchar(20) DEFAULT NULL,
  `order_discount` decimal(25,4) DEFAULT NULL,
  `total_discount` decimal(25,4) DEFAULT NULL,
  `product_tax` decimal(25,4) DEFAULT NULL,
  `order_tax_id` varchar(20) DEFAULT NULL,
  `order_tax` decimal(25,4) DEFAULT NULL,
  `total_tax` decimal(25,4) DEFAULT NULL,
  `grand_total` decimal(25,4) NOT NULL,
  `total_items` int(11) DEFAULT NULL,
  `total_quantity` decimal(15,4) DEFAULT NULL,
  `paid` decimal(25,4) DEFAULT NULL,
  `created_by` int(11) DEFAULT NULL,
  `updated_by` int(11) DEFAULT NULL,
  `updated_at` datetime DEFAULT NULL,
  `note` varchar(1000) DEFAULT NULL,
  `status` varchar(20) DEFAULT NULL,
  `rounding` decimal(10,4) DEFAULT NULL,
  `store_id` int(11) NOT NULL DEFAULT 1,
  `hold_ref` varchar(255) DEFAULT NULL
) ENGINE=InnoDB DEFAULT CHARSET=utf8;

--
-- Dumping data for table `tec_sales`
--

INSERT INTO `tec_sales` (`id`, `date`, `customer_id`, `customer_name`, `total`, `product_discount`, `order_discount_id`, `order_discount`, `total_discount`, `product_tax`, `order_tax_id`, `order_tax`, `total_tax`, `grand_total`, `total_items`, `total_quantity`, `paid`, `created_by`, `updated_by`, `updated_at`, `note`, `status`, `rounding`, `store_id`, `hold_ref`) VALUES
(34, '2020-12-05 13:30:55', 1, 'Walk-in Client', 169000.0000, 0.0000, NULL, 0.0000, 0.0000, 0.0000, '0%', 0.0000, 0.0000, 169000.0000, 6, 11.0000, 169000.0000, 4, NULL, NULL, '', 'paid', 0.0000, 1, ''),
(35, '2020-12-05 14:15:20', 4, 'Wn', 503000.0000, 0.0000, NULL, 0.0000, 0.0000, 0.0000, '0%', 0.0000, 0.0000, 503000.0000, 6, 33.0000, 503000.0000, 4, NULL, NULL, '', 'paid', 0.0000, 1, ''),
(36, '2020-12-05 14:18:51', 1, 'Walk-in Client', 149000.0000, 0.0000, NULL, 0.0000, 0.0000, 0.0000, '0%', 0.0000, 0.0000, 149000.0000, 3, 7.0000, 149000.0000, 4, NULL, NULL, '', 'paid', 0.0000, 1, ''),
(37, '2020-12-05 14:23:51', 8, 'Uda padang', 112000.0000, 0.0000, NULL, 0.0000, 0.0000, 0.0000, '0%', 0.0000, 0.0000, 112000.0000, 4, 11.0000, 112000.0000, 4, NULL, NULL, '', 'paid', 0.0000, 1, ''),
(38, '2020-12-05 14:32:25', 8, 'Uda padang', 124000.0000, 0.0000, NULL, 0.0000, 0.0000, 0.0000, '0%', 0.0000, 0.0000, 124000.0000, 2, 11.0000, 124000.0000, 4, NULL, NULL, '', 'paid', 0.0000, 1, ''),
(39, '2020-12-05 14:46:59', 1, 'Walk-in Client', 165000.0000, 0.0000, NULL, 0.0000, 0.0000, 0.0000, '0%', 0.0000, 0.0000, 165000.0000, 1, 5.0000, 165000.0000, 4, NULL, NULL, '', 'paid', 0.0000, 1, ''),
(40, '2020-12-05 14:52:03', 9, 'Iman', 430000.0000, 0.0000, NULL, 0.0000, 0.0000, 0.0000, '0%', 0.0000, 0.0000, 430000.0000, 9, 27.0000, 430000.0000, 4, NULL, NULL, '', 'paid', 0.0000, 1, ''),
(41, '2020-12-05 14:55:25', 1, 'Walk-in Client', 68000.0000, 0.0000, NULL, 0.0000, 0.0000, 0.0000, '0%', 0.0000, 0.0000, 68000.0000, 4, 4.0000, 68000.0000, 4, NULL, NULL, '', 'paid', 0.0000, 1, ''),
(42, '2020-12-05 14:58:13', 1, 'Walk-in Client', 69000.0000, 0.0000, NULL, 0.0000, 0.0000, 0.0000, '0%', 0.0000, 0.0000, 69000.0000, 4, 5.0000, 69000.0000, 4, NULL, NULL, '', 'paid', 0.0000, 1, ''),
(43, '2020-12-05 15:14:09', 1, 'Walk-in Client', 37000.0000, 0.0000, NULL, 0.0000, 0.0000, 0.0000, '0%', 0.0000, 0.0000, 37000.0000, 2, 2.0000, 37000.0000, 4, NULL, NULL, '', 'paid', 0.0000, 1, ''),
(44, '2020-12-05 15:21:40', 1, 'Walk-in Client', 70000.0000, 0.0000, NULL, 0.0000, 0.0000, 0.0000, '0%', 0.0000, 0.0000, 70000.0000, 1, 2.0000, 70000.0000, 4, NULL, NULL, '', 'paid', 0.0000, 1, ''),
(45, '2020-12-05 15:25:06', 1, 'Walk-in Client', 11000.0000, 0.0000, NULL, 0.0000, 0.0000, 0.0000, '0%', 0.0000, 0.0000, 11000.0000, 1, 1.0000, 11000.0000, 4, NULL, NULL, '', 'paid', 0.0000, 1, ''),
(46, '2020-12-05 15:31:16', 1, 'Walk-in Client', 10000.0000, 0.0000, NULL, 0.0000, 0.0000, 0.0000, '0%', 0.0000, 0.0000, 10000.0000, 1, 2.0000, 10000.0000, 4, NULL, NULL, '', 'paid', 0.0000, 1, ''),
(47, '2020-12-05 15:49:24', 10, 'Uda ali', 239000.0000, 0.0000, NULL, 0.0000, 0.0000, 0.0000, '0%', 0.0000, 0.0000, 239000.0000, 3, 9.0000, 239000.0000, 4, NULL, NULL, '', 'paid', 0.0000, 1, ''),
(48, '2020-12-05 15:54:50', 1, 'Walk-in Client', 52000.0000, 0.0000, NULL, 0.0000, 0.0000, 0.0000, '0%', 0.0000, 0.0000, 52000.0000, 3, 3.0000, 52000.0000, 4, NULL, NULL, '', 'paid', 0.0000, 1, ''),
(49, '2020-12-05 16:03:37', 11, 'H dadang', 180000.0000, 0.0000, NULL, 0.0000, 0.0000, 0.0000, '0%', 0.0000, 0.0000, 180000.0000, 2, 6.0000, 180000.0000, 4, NULL, NULL, '', 'paid', 0.0000, 1, ''),
(50, '2020-12-05 16:22:55', 1, 'Walk-in Client', 70000.0000, 0.0000, NULL, 0.0000, 0.0000, 0.0000, '0%', 0.0000, 0.0000, 70000.0000, 1, 2.0000, 70000.0000, 4, NULL, NULL, '', 'paid', 0.0000, 1, ''),
(51, '2020-12-05 16:25:17', 1, 'Walk-in Client', 20000.0000, 0.0000, NULL, 0.0000, 0.0000, 0.0000, '0%', 0.0000, 0.0000, 20000.0000, 1, 2.0000, 20000.0000, 4, NULL, NULL, '', 'paid', 0.0000, 1, ''),
(52, '2020-12-05 16:43:05', 1, 'Walk-in Client', 30000.0000, 0.0000, NULL, 0.0000, 0.0000, 0.0000, '0%', 0.0000, 0.0000, 30000.0000, 1, 1.0000, 30000.0000, 4, NULL, NULL, '', 'paid', 0.0000, 1, ''),
(53, '2020-12-05 16:59:09', 1, 'Walk-in Client', 5000.0000, 0.0000, NULL, 0.0000, 0.0000, 0.0000, '0%', 0.0000, 0.0000, 5000.0000, 1, 1.0000, 5000.0000, 4, NULL, NULL, '', 'paid', 0.0000, 1, ''),
(54, '2020-12-05 17:00:31', 1, 'Walk-in Client', 105000.0000, 0.0000, NULL, 0.0000, 0.0000, 0.0000, '0%', 0.0000, 0.0000, 105000.0000, 1, 3.0000, 105000.0000, 4, NULL, NULL, '', 'paid', 0.0000, 1, ''),
(55, '2020-12-05 17:13:44', 1, 'Walk-in Client', 33000.0000, 0.0000, NULL, 0.0000, 0.0000, 0.0000, '0%', 0.0000, 0.0000, 33000.0000, 1, 1.0000, 33000.0000, 4, NULL, NULL, '', 'paid', 0.0000, 1, ''),
(56, '2020-12-05 17:20:38', 1, 'Walk-in Client', 94000.0000, 0.0000, NULL, 0.0000, 0.0000, 0.0000, '0%', 0.0000, 0.0000, 94000.0000, 4, 9.0000, 94000.0000, 4, NULL, NULL, '', 'paid', 0.0000, 1, ''),
(57, '2020-12-05 17:45:26', 1, 'Walk-in Client', 5000.0000, 0.0000, NULL, 0.0000, 0.0000, 0.0000, '0%', 0.0000, 0.0000, 5000.0000, 1, 1.0000, 5000.0000, 4, NULL, NULL, '', 'paid', 0.0000, 1, ''),
(58, '2020-12-05 17:57:04', 1, 'Walk-in Client', 339000.0000, 0.0000, NULL, 0.0000, 0.0000, 0.0000, '0%', 0.0000, 0.0000, 339000.0000, 11, 23.0000, 339000.0000, 4, NULL, NULL, '', 'paid', 0.0000, 1, ''),
(59, '2020-12-05 17:58:32', 1, 'Walk-in Client', 24000.0000, 0.0000, NULL, 0.0000, 0.0000, 0.0000, '0%', 0.0000, 0.0000, 24000.0000, 2, 2.0000, 24000.0000, 4, NULL, NULL, '', 'paid', 0.0000, 1, ''),
(60, '2020-12-05 18:02:09', 1, 'Walk-in Client', 28000.0000, 0.0000, NULL, 0.0000, 0.0000, 0.0000, '0%', 0.0000, 0.0000, 28000.0000, 2, 4.0000, 28000.0000, 4, NULL, NULL, '', 'paid', 0.0000, 1, ''),
(61, '2020-12-05 18:12:49', 1, 'Walk-in Client', 7000.0000, 0.0000, NULL, 0.0000, 0.0000, 0.0000, '0%', 0.0000, 0.0000, 7000.0000, 1, 1.0000, 7000.0000, 4, NULL, NULL, '', 'paid', 0.0000, 1, ''),
(62, '2020-12-05 18:26:13', 1, 'Walk-in Client', 410000.0000, 0.0000, NULL, 0.0000, 0.0000, 0.0000, '0%', 0.0000, 0.0000, 410000.0000, 2, 15.0000, 410000.0000, 4, NULL, NULL, '', 'paid', 0.0000, 1, ''),
(63, '2020-12-05 18:57:06', 1, 'Walk-in Client', 34000.0000, 0.0000, NULL, 0.0000, 0.0000, 0.0000, '0%', 0.0000, 0.0000, 34000.0000, 2, 2.0000, 34000.0000, 4, NULL, NULL, '', 'paid', 0.0000, 1, ''),
(64, '2020-12-05 19:14:01', 1, 'Walk-in Client', 20000.0000, 0.0000, NULL, 0.0000, 0.0000, 0.0000, '0%', 0.0000, 0.0000, 20000.0000, 1, 2.0000, 20000.0000, 4, NULL, NULL, '', 'paid', 0.0000, 1, ''),
(65, '2020-12-05 19:24:36', 1, 'Walk-in Client', 26000.0000, 0.0000, NULL, 0.0000, 0.0000, 0.0000, '0%', 0.0000, 0.0000, 26000.0000, 1, 2.0000, 26000.0000, 4, NULL, NULL, '', 'paid', 0.0000, 1, ''),
(66, '2020-12-05 19:32:24', 3, 'CNN', 1130000.0000, 0.0000, NULL, 0.0000, 0.0000, 0.0000, '0%', 0.0000, 0.0000, 1130000.0000, 9, 65.0000, 1130000.0000, 4, NULL, NULL, '', 'paid', 0.0000, 1, ''),
(67, '2020-12-05 19:45:56', 1, 'Walk-in Client', 72000.0000, 0.0000, NULL, 0.0000, 0.0000, 0.0000, '0%', 0.0000, 0.0000, 72000.0000, 1, 6.0000, 72000.0000, 4, NULL, NULL, '', 'paid', 0.0000, 1, ''),
(68, '2020-12-05 19:50:15', 1, 'Walk-in Client', 69000.0000, 0.0000, NULL, 0.0000, 0.0000, 0.0000, '0%', 0.0000, 0.0000, 69000.0000, 4, 6.0000, 69000.0000, 4, NULL, NULL, '', 'paid', 0.0000, 1, ''),
(69, '2020-12-05 20:08:29', 1, 'Walk-in Client', 40000.0000, 0.0000, NULL, 0.0000, 0.0000, 0.0000, '0%', 0.0000, 0.0000, 40000.0000, 1, 5.0000, 40000.0000, 4, NULL, NULL, '', 'paid', 0.0000, 1, ''),
(70, '2020-12-05 20:09:28', 1, 'Walk-in Client', 120000.0000, 0.0000, NULL, 0.0000, 0.0000, 0.0000, '0%', 0.0000, 0.0000, 120000.0000, 1, 10.0000, 120000.0000, 4, NULL, NULL, '', 'paid', 0.0000, 1, ''),
(71, '2020-12-05 20:47:10', 1, 'Walk-in Client', 10000.0000, 0.0000, NULL, 0.0000, 0.0000, 0.0000, '0%', 0.0000, 0.0000, 10000.0000, 1, 1.0000, 10000.0000, 4, NULL, NULL, '', 'paid', 0.0000, 1, ''),
(72, '2020-12-05 21:04:54', 1, 'Walk-in Client', 17000.0000, 0.0000, NULL, 0.0000, 0.0000, 0.0000, '0%', 0.0000, 0.0000, 17000.0000, 2, 2.0000, 17000.0000, 4, NULL, NULL, '', 'paid', 0.0000, 1, ''),
(73, '2020-12-05 21:36:16', 1, 'Walk-in Client', 111000.0000, 0.0000, NULL, 0.0000, 0.0000, 0.0000, '0%', 0.0000, 0.0000, 111000.0000, 5, 5.0000, 111000.0000, 4, NULL, NULL, '', 'paid', 0.0000, 1, ''),
(74, '2020-12-05 21:41:34', 1, 'Walk-in Client', 24000.0000, 0.0000, NULL, 0.0000, 0.0000, 0.0000, '0%', 0.0000, 0.0000, 24000.0000, 1, 2.0000, 24000.0000, 4, NULL, NULL, '', 'paid', 0.0000, 1, ''),
(75, '2020-12-05 21:56:56', 1, 'Walk-in Client', 70000.0000, 0.0000, NULL, 0.0000, 0.0000, 0.0000, '0%', 0.0000, 0.0000, 70000.0000, 4, 6.0000, 70000.0000, 4, NULL, NULL, '', 'paid', 0.0000, 1, ''),
(76, '2020-12-05 21:59:58', 1, 'Walk-in Client', 975000.0000, 0.0000, NULL, 0.0000, 0.0000, 0.0000, '0%', 0.0000, 0.0000, 975000.0000, 2, 65.0000, 975000.0000, 4, NULL, NULL, '', 'paid', 0.0000, 1, ''),
(77, '2020-12-05 22:09:44', 1, 'Walk-in Client', 436500.0000, 0.0000, NULL, 0.0000, 0.0000, 0.0000, '0%', 0.0000, 0.0000, 436500.0000, 3, 67.0000, 436500.0000, 4, NULL, NULL, '', 'paid', 0.0000, 1, ''),
(78, '2020-12-05 22:54:00', 1, 'Walk-in Client', 10000.0000, 0.0000, NULL, 0.0000, 0.0000, 0.0000, '0%', 0.0000, 0.0000, 10000.0000, 1, 2.0000, 10000.0000, 4, NULL, NULL, '', 'paid', 0.0000, 1, ''),
(79, '2020-12-05 23:09:01', 1, 'Walk-in Client', 40000.0000, 0.0000, NULL, 0.0000, 0.0000, 0.0000, '0%', 0.0000, 0.0000, 40000.0000, 1, 5.0000, 40000.0000, 4, NULL, NULL, '', 'paid', 0.0000, 1, ''),
(80, '2020-12-05 23:46:02', 1, 'Walk-in Client', 10000.0000, 0.0000, NULL, 0.0000, 0.0000, 0.0000, '0%', 0.0000, 0.0000, 10000.0000, 1, 1.0000, 10000.0000, 4, NULL, NULL, '', 'paid', 0.0000, 1, ''),
(81, '2020-12-06 11:52:07', 1, 'Walk-in Client', 216000.0000, 0.0000, NULL, 0.0000, 0.0000, 0.0000, '0%', 0.0000, 0.0000, 216000.0000, 8, 12.0000, 216000.0000, 4, NULL, NULL, '', 'paid', 0.0000, 1, ''),
(82, '2020-12-06 12:36:49', 1, 'Walk-in Client', 10000.0000, 0.0000, NULL, 0.0000, 0.0000, 0.0000, '0%', 0.0000, 0.0000, 10000.0000, 2, 2.0000, 10000.0000, 4, NULL, NULL, '', 'paid', 0.0000, 1, ''),
(83, '2020-12-06 12:42:21', 1, 'Walk-in Client', 59000.0000, 0.0000, NULL, 0.0000, 0.0000, 0.0000, '0%', 0.0000, 0.0000, 59000.0000, 3, 4.0000, 59000.0000, 4, NULL, NULL, '', 'paid', 0.0000, 1, ''),
(84, '2020-12-06 13:03:42', 1, 'Walk-in Client', 5000.0000, 0.0000, NULL, 0.0000, 0.0000, 0.0000, '0%', 0.0000, 0.0000, 5000.0000, 1, 1.0000, 5000.0000, 4, NULL, NULL, '', 'paid', 0.0000, 1, ''),
(85, '2020-12-06 13:08:43', 1, 'Walk-in Client', 20000.0000, 0.0000, NULL, 0.0000, 0.0000, 0.0000, '0%', 0.0000, 0.0000, 20000.0000, 1, 1.0000, 20000.0000, 4, NULL, NULL, '', 'paid', 0.0000, 1, ''),
(86, '2020-12-06 13:28:32', 1, 'Walk-in Client', 5000.0000, 0.0000, NULL, 0.0000, 0.0000, 0.0000, '0%', 0.0000, 0.0000, 5000.0000, 1, 1.0000, 5000.0000, 4, NULL, NULL, '', 'paid', 0.0000, 1, ''),
(87, '2020-12-06 13:32:38', 1, 'Walk-in Client', 210000.0000, 0.0000, NULL, 0.0000, 0.0000, 0.0000, '0%', 0.0000, 0.0000, 210000.0000, 2, 11.0000, 210000.0000, 4, NULL, NULL, '', 'paid', 0.0000, 1, ''),
(88, '2020-12-06 13:36:22', 1, 'Walk-in Client', 20000.0000, 0.0000, NULL, 0.0000, 0.0000, 0.0000, '0%', 0.0000, 0.0000, 20000.0000, 2, 2.0000, 20000.0000, 4, NULL, NULL, '', 'paid', 0.0000, 1, ''),
(89, '2020-12-06 14:04:42', 1, 'Walk-in Client', 131000.0000, 0.0000, NULL, 0.0000, 0.0000, 0.0000, '0%', 0.0000, 0.0000, 131000.0000, 6, 7.0000, 131000.0000, 4, NULL, NULL, '', 'paid', 0.0000, 1, ''),
(90, '2020-12-06 14:07:00', 1, 'Walk-in Client', 121000.0000, 0.0000, NULL, 0.0000, 0.0000, 0.0000, '0%', 0.0000, 0.0000, 121000.0000, 6, 6.0000, 121000.0000, 4, NULL, NULL, '', 'paid', 0.0000, 1, ''),
(91, '2020-12-06 14:16:31', 1, 'Walk-in Client', 331000.0000, 0.0000, NULL, 0.0000, 0.0000, 0.0000, '0%', 0.0000, 0.0000, 331000.0000, 6, 20.0000, 331000.0000, 4, NULL, NULL, '', 'paid', 0.0000, 1, ''),
(92, '2020-12-06 14:21:54', 1, 'Walk-in Client', 223000.0000, 0.0000, NULL, 0.0000, 0.0000, 0.0000, '0%', 0.0000, 0.0000, 223000.0000, 7, 17.0000, 223000.0000, 4, NULL, NULL, '', 'paid', 0.0000, 1, ''),
(93, '2020-12-06 14:26:25', 1, 'Walk-in Client', 20000.0000, 0.0000, NULL, 0.0000, 0.0000, 0.0000, '0%', 0.0000, 0.0000, 20000.0000, 1, 2.0000, 20000.0000, 4, NULL, NULL, '', 'paid', 0.0000, 1, ''),
(94, '2020-12-06 14:39:56', 1, 'Walk-in Client', 43000.0000, 0.0000, NULL, 0.0000, 0.0000, 0.0000, '0%', 0.0000, 0.0000, 43000.0000, 3, 3.0000, 43000.0000, 4, NULL, NULL, '', 'paid', 0.0000, 1, ''),
(95, '2020-12-06 14:44:09', 1, 'Walk-in Client', 60000.0000, 0.0000, NULL, 0.0000, 0.0000, 0.0000, '0%', 0.0000, 0.0000, 60000.0000, 2, 6.0000, 60000.0000, 4, NULL, NULL, '', 'paid', 0.0000, 1, ''),
(96, '2020-12-06 14:48:40', 1, 'Walk-in Client', 59000.0000, 0.0000, NULL, 0.0000, 0.0000, 0.0000, '0%', 0.0000, 0.0000, 59000.0000, 4, 7.0000, 59000.0000, 4, NULL, NULL, '', 'paid', 0.0000, 1, ''),
(97, '2020-12-06 14:54:53', 1, 'Walk-in Client', 54000.0000, 0.0000, NULL, 0.0000, 0.0000, 0.0000, '0%', 0.0000, 0.0000, 54000.0000, 1, 2.0000, 54000.0000, 4, NULL, NULL, '', 'paid', 0.0000, 1, ''),
(98, '2020-12-06 14:55:43', 1, 'Walk-in Client', 20000.0000, 0.0000, NULL, 0.0000, 0.0000, 0.0000, '0%', 0.0000, 0.0000, 20000.0000, 2, 7.0000, 20000.0000, 4, NULL, NULL, '', 'paid', 0.0000, 1, ''),
(99, '2020-12-06 14:57:56', 1, 'Walk-in Client', 34000.0000, 0.0000, NULL, 0.0000, 0.0000, 0.0000, '0%', 0.0000, 0.0000, 34000.0000, 1, 2.0000, 34000.0000, 4, NULL, NULL, '', 'paid', 0.0000, 1, ''),
(100, '2020-12-06 15:02:04', 1, 'Walk-in Client', 40000.0000, 0.0000, NULL, 0.0000, 0.0000, 0.0000, '0%', 0.0000, 0.0000, 40000.0000, 1, 2.0000, 40000.0000, 4, NULL, NULL, '', 'paid', 0.0000, 1, ''),
(101, '2020-12-06 15:08:28', 1, 'Walk-in Client', 45000.0000, 0.0000, NULL, 0.0000, 0.0000, 0.0000, '0%', 0.0000, 0.0000, 45000.0000, 2, 12.0000, 45000.0000, 4, NULL, NULL, '', 'paid', 0.0000, 1, ''),
(102, '2020-12-06 15:15:23', 1, 'Walk-in Client', 10000.0000, 0.0000, NULL, 0.0000, 0.0000, 0.0000, '0%', 0.0000, 0.0000, 10000.0000, 1, 5.0000, 10000.0000, 4, NULL, NULL, '', 'paid', 0.0000, 1, ''),
(103, '2020-12-06 15:42:34', 1, 'Walk-in Client', 404000.0000, 0.0000, NULL, 0.0000, 0.0000, 0.0000, '0%', 0.0000, 0.0000, 404000.0000, 9, 26.0000, 404000.0000, 4, NULL, NULL, '', 'paid', 0.0000, 1, ''),
(104, '2020-12-06 15:53:12', 1, 'Walk-in Client', 86000.0000, 0.0000, NULL, 0.0000, 0.0000, 0.0000, '0%', 0.0000, 0.0000, 86000.0000, 6, 7.0000, 86000.0000, 4, NULL, NULL, '', 'paid', 0.0000, 1, ''),
(105, '2020-12-06 15:56:19', 1, 'Walk-in Client', 10000.0000, 0.0000, NULL, 0.0000, 0.0000, 0.0000, '0%', 0.0000, 0.0000, 10000.0000, 1, 5.0000, 10000.0000, 4, NULL, NULL, '', 'paid', 0.0000, 1, ''),
(106, '2020-12-06 16:20:37', 1, 'Walk-in Client', 292000.0000, 0.0000, NULL, 0.0000, 0.0000, 0.0000, '0%', 0.0000, 0.0000, 292000.0000, 7, 22.0000, 292000.0000, 4, NULL, NULL, '', 'paid', 0.0000, 1, ''),
(107, '2020-12-06 16:49:57', 1, 'Walk-in Client', 103000.0000, 0.0000, NULL, 0.0000, 0.0000, 0.0000, '0%', 0.0000, 0.0000, 103000.0000, 2, 3.0000, 103000.0000, 4, NULL, NULL, '', 'paid', 0.0000, 1, ''),
(108, '2020-12-06 16:55:13', 1, 'Walk-in Client', 24000.0000, 0.0000, NULL, 0.0000, 0.0000, 0.0000, '0%', 0.0000, 0.0000, 24000.0000, 1, 2.0000, 24000.0000, 4, NULL, NULL, '', 'paid', 0.0000, 1, ''),
(109, '2020-12-06 16:57:04', 1, 'Walk-in Client', 10000.0000, 0.0000, NULL, 0.0000, 0.0000, 0.0000, '0%', 0.0000, 0.0000, 10000.0000, 1, 5.0000, 10000.0000, 4, NULL, NULL, '', 'paid', 0.0000, 1, ''),
(110, '2020-12-06 17:02:25', 1, 'Walk-in Client', 35000.0000, 0.0000, NULL, 0.0000, 0.0000, 0.0000, '0%', 0.0000, 0.0000, 35000.0000, 2, 3.0000, 35000.0000, 4, NULL, NULL, '', 'paid', 0.0000, 1, ''),
(111, '2020-12-06 17:31:59', 1, 'Walk-in Client', 32000.0000, 0.0000, NULL, 0.0000, 0.0000, 0.0000, '0%', 0.0000, 0.0000, 32000.0000, 4, 8.0000, 32000.0000, 4, NULL, NULL, '', 'paid', 0.0000, 1, ''),
(112, '2020-12-06 17:33:05', 1, 'Walk-in Client', 24000.0000, 0.0000, NULL, 0.0000, 0.0000, 0.0000, '0%', 0.0000, 0.0000, 24000.0000, 2, 3.0000, 24000.0000, 4, NULL, NULL, '', 'paid', 0.0000, 1, ''),
(113, '2020-12-06 17:37:21', 1, 'Walk-in Client', 15000.0000, 0.0000, NULL, 0.0000, 0.0000, 0.0000, '0%', 0.0000, 0.0000, 15000.0000, 1, 1.0000, 15000.0000, 4, NULL, NULL, '', 'paid', 0.0000, 1, ''),
(114, '2020-12-06 17:38:14', 1, 'Walk-in Client', 20000.0000, 0.0000, NULL, 0.0000, 0.0000, 0.0000, '0%', 0.0000, 0.0000, 20000.0000, 1, 2.0000, 20000.0000, 4, NULL, NULL, '', 'paid', 0.0000, 1, ''),
(115, '2020-12-06 17:43:09', 1, 'Walk-in Client', 10000.0000, 0.0000, NULL, 0.0000, 0.0000, 0.0000, '0%', 0.0000, 0.0000, 10000.0000, 1, 2.0000, 10000.0000, 4, NULL, NULL, '', 'paid', 0.0000, 1, ''),
(116, '2020-12-06 17:49:00', 1, 'Walk-in Client', 50000.0000, 0.0000, NULL, 0.0000, 0.0000, 0.0000, '0%', 0.0000, 0.0000, 50000.0000, 2, 11.0000, 50000.0000, 4, NULL, NULL, '', 'paid', 0.0000, 1, ''),
(117, '2020-12-06 18:00:34', 1, 'Walk-in Client', 45000.0000, 0.0000, NULL, 0.0000, 0.0000, 0.0000, '0%', 0.0000, 0.0000, 45000.0000, 2, 2.0000, 45000.0000, 4, NULL, NULL, '', 'paid', 0.0000, 1, ''),
(118, '2020-12-06 18:14:18', 1, 'Walk-in Client', 66000.0000, 0.0000, NULL, 0.0000, 0.0000, 0.0000, '0%', 0.0000, 0.0000, 66000.0000, 3, 4.0000, 66000.0000, 4, NULL, NULL, '', 'paid', 0.0000, 1, ''),
(119, '2020-12-06 18:39:06', 13, 'H asep', 177000.0000, 0.0000, NULL, 0.0000, 0.0000, 0.0000, '0%', 0.0000, 0.0000, 177000.0000, 4, 8.0000, 177000.0000, 4, NULL, NULL, '', 'paid', 0.0000, 1, 'Utang'),
(120, '2020-12-06 19:03:40', 1, 'Walk-in Client', 60000.0000, 0.0000, NULL, 0.0000, 0.0000, 0.0000, '0%', 0.0000, 0.0000, 60000.0000, 1, 3.0000, 60000.0000, 4, NULL, NULL, '', 'paid', 0.0000, 1, ''),
(121, '2020-12-06 19:06:11', 1, 'Walk-in Client', 20000.0000, 0.0000, NULL, 0.0000, 0.0000, 0.0000, '0%', 0.0000, 0.0000, 20000.0000, 1, 2.0000, 20000.0000, 4, NULL, NULL, '', 'paid', 0.0000, 1, ''),
(122, '2020-12-06 19:14:50', 3, 'CNN', 1166500.0000, 0.0000, NULL, 0.0000, 0.0000, 0.0000, '0%', 0.0000, 0.0000, 1166500.0000, 8, 82.0000, 1166500.0000, 4, NULL, NULL, '', 'paid', 0.0000, 1, 'Hutang'),
(123, '2020-12-06 19:26:50', 1, 'Walk-in Client', 69000.0000, 0.0000, NULL, 0.0000, 0.0000, 0.0000, '0%', 0.0000, 0.0000, 69000.0000, 4, 4.0000, 69000.0000, 4, NULL, NULL, '', 'paid', 0.0000, 1, ''),
(124, '2020-12-06 19:31:05', 1, 'Walk-in Client', 22000.0000, 0.0000, NULL, 0.0000, 0.0000, 0.0000, '0%', 0.0000, 0.0000, 22000.0000, 2, 2.0000, 22000.0000, 4, NULL, NULL, '', 'paid', 0.0000, 1, ''),
(125, '2020-12-06 20:05:43', 1, 'Walk-in Client', 60000.0000, 0.0000, NULL, 0.0000, 0.0000, 0.0000, '0%', 0.0000, 0.0000, 60000.0000, 1, 5.0000, 60000.0000, 4, NULL, NULL, '', 'paid', 0.0000, 1, ''),
(126, '2020-12-06 20:12:33', 6, 'Fauzi', 125000.0000, 0.0000, NULL, 0.0000, 0.0000, 0.0000, '0%', 0.0000, 0.0000, 125000.0000, 1, 5.0000, 125000.0000, 4, NULL, NULL, '', 'paid', 0.0000, 1, 'Ngutang'),
(127, '2020-12-06 20:31:32', 1, 'Walk-in Client', 158000.0000, 0.0000, NULL, 0.0000, 0.0000, 0.0000, '0%', 0.0000, 0.0000, 158000.0000, 6, 15.0000, 158000.0000, 4, NULL, NULL, '', 'paid', 0.0000, 1, ''),
(128, '2020-12-06 20:32:27', 1, 'Walk-in Client', 158000.0000, 0.0000, NULL, 0.0000, 0.0000, 0.0000, '0%', 0.0000, 0.0000, 158000.0000, 6, 15.0000, 158000.0000, 4, NULL, NULL, '', 'paid', 0.0000, 1, ''),
(129, '2020-12-06 20:42:23', 1, 'Walk-in Client', 48000.0000, 0.0000, NULL, 0.0000, 0.0000, 0.0000, '0%', 0.0000, 0.0000, 48000.0000, 2, 4.0000, 48000.0000, 4, NULL, NULL, '', 'paid', 0.0000, 1, ''),
(130, '2020-12-06 20:44:29', 1, 'Walk-in Client', 30000.0000, 0.0000, NULL, 0.0000, 0.0000, 0.0000, '0%', 0.0000, 0.0000, 30000.0000, 2, 3.0000, 30000.0000, 4, NULL, NULL, '', 'paid', 0.0000, 1, ''),
(131, '2020-12-06 21:19:17', 1, 'Walk-in Client', 25000.0000, 0.0000, NULL, 0.0000, 0.0000, 0.0000, '0%', 0.0000, 0.0000, 25000.0000, 3, 3.0000, 25000.0000, 4, NULL, NULL, '', 'paid', 0.0000, 1, ''),
(132, '2020-12-06 21:29:28', 1, 'Walk-in Client', 10000.0000, 0.0000, NULL, 0.0000, 0.0000, 0.0000, '0%', 0.0000, 0.0000, 10000.0000, 1, 5.0000, 10000.0000, 4, NULL, NULL, '', 'paid', 0.0000, 1, ''),
(133, '2020-12-06 21:49:37', 1, 'Walk-in Client', 75000.0000, 0.0000, NULL, 0.0000, 0.0000, 0.0000, '0%', 0.0000, 0.0000, 75000.0000, 3, 3.0000, 75000.0000, 4, NULL, NULL, '', 'paid', 0.0000, 1, ''),
(134, '2020-12-06 21:54:34', 1, 'Walk-in Client', 45000.0000, 0.0000, NULL, 0.0000, 0.0000, 0.0000, '0%', 0.0000, 0.0000, 45000.0000, 2, 2.0000, 45000.0000, 4, NULL, NULL, '', 'paid', 0.0000, 1, ''),
(135, '2020-12-06 22:22:24', 1, 'Walk-in Client', 335000.0000, 0.0000, NULL, 0.0000, 0.0000, 0.0000, '0%', 0.0000, 0.0000, 335000.0000, 2, 10.0000, 335000.0000, 4, NULL, NULL, '', 'paid', 0.0000, 1, ''),
(136, '2020-12-06 22:24:15', 1, 'Walk-in Client', 93000.0000, 0.0000, NULL, 0.0000, 0.0000, 0.0000, '0%', 0.0000, 0.0000, 93000.0000, 5, 8.0000, 93000.0000, 4, NULL, NULL, '', 'paid', 0.0000, 1, ''),
(137, '2020-12-06 22:25:51', 1, 'Walk-in Client', 159000.0000, 0.0000, NULL, 0.0000, 0.0000, 0.0000, '0%', 0.0000, 0.0000, 159000.0000, 3, 7.0000, 159000.0000, 4, NULL, NULL, '', 'paid', 0.0000, 1, ''),
(138, '2020-12-06 22:29:35', 1, 'Walk-in Client', 148000.0000, 0.0000, NULL, 0.0000, 0.0000, 0.0000, '0%', 0.0000, 0.0000, 148000.0000, 7, 19.0000, 148000.0000, 4, NULL, NULL, '', 'paid', 0.0000, 1, ''),
(139, '2020-12-06 22:30:20', 1, 'Walk-in Client', 24000.0000, 0.0000, NULL, 0.0000, 0.0000, 0.0000, '0%', 0.0000, 0.0000, 24000.0000, 2, 9.0000, 24000.0000, 4, NULL, NULL, '', 'paid', 0.0000, 1, ''),
(140, '2020-12-06 23:06:00', 1, 'Walk-in Client', 26000.0000, 0.0000, NULL, 0.0000, 0.0000, 0.0000, '0%', 0.0000, 0.0000, 26000.0000, 2, 4.0000, 26000.0000, 4, NULL, NULL, '', 'paid', 0.0000, 1, ''),
(141, '2020-12-07 12:05:29', 1, 'Walk-in Client', 103000.0000, 0.0000, NULL, 0.0000, 0.0000, 0.0000, '0%', 0.0000, 0.0000, 103000.0000, 6, 14.0000, 103000.0000, 4, NULL, NULL, '', 'paid', 0.0000, 1, ''),
(142, '2020-12-07 12:10:17', 1, 'Walk-in Client', 65000.0000, 0.0000, NULL, 0.0000, 0.0000, 0.0000, '0%', 0.0000, 0.0000, 65000.0000, 5, 5.0000, 65000.0000, 4, NULL, NULL, '', 'paid', 0.0000, 1, ''),
(143, '2020-12-07 12:10:49', 1, 'Walk-in Client', 53000.0000, 0.0000, NULL, 0.0000, 0.0000, 0.0000, '0%', 0.0000, 0.0000, 53000.0000, 3, 3.0000, 53000.0000, 4, NULL, NULL, '', 'paid', 0.0000, 1, ''),
(144, '2020-12-07 12:10:49', 1, 'Walk-in Client', 53000.0000, 0.0000, NULL, 0.0000, 0.0000, 0.0000, '0%', 0.0000, 0.0000, 53000.0000, 3, 3.0000, 53000.0000, 4, NULL, NULL, '', 'paid', 0.0000, 1, ''),
(145, '2020-12-07 13:28:38', 1, 'Walk-in Client', 384000.0000, 0.0000, NULL, 0.0000, 0.0000, 0.0000, '0%', 0.0000, 0.0000, 384000.0000, 4, 20.0000, 384000.0000, 4, NULL, NULL, '', 'paid', 0.0000, 1, ''),
(146, '2020-12-07 13:37:58', 1, 'Walk-in Client', 174000.0000, 0.0000, NULL, 0.0000, 0.0000, 0.0000, '0%', 0.0000, 0.0000, 174000.0000, 5, 11.0000, 174000.0000, 4, NULL, NULL, '', 'paid', 0.0000, 1, ''),
(147, '2020-12-07 13:50:14', 1, 'Walk-in Client', 65000.0000, 0.0000, NULL, 0.0000, 0.0000, 0.0000, '0%', 0.0000, 0.0000, 65000.0000, 1, 2.0000, 65000.0000, 4, NULL, NULL, '', 'paid', 0.0000, 1, ''),
(148, '2020-12-07 13:54:08', 1, 'Walk-in Client', 40000.0000, 0.0000, NULL, 0.0000, 0.0000, 0.0000, '0%', 0.0000, 0.0000, 40000.0000, 1, 5.0000, 40000.0000, 4, NULL, NULL, '', 'paid', 0.0000, 1, ''),
(149, '2020-12-07 14:03:35', 1, 'Walk-in Client', 164000.0000, 0.0000, NULL, 0.0000, 0.0000, 0.0000, '0%', 0.0000, 0.0000, 164000.0000, 3, 11.0000, 164000.0000, 4, NULL, NULL, '', 'paid', 0.0000, 1, ''),
(150, '2020-12-07 14:04:12', 1, 'Walk-in Client', 10000.0000, 0.0000, NULL, 0.0000, 0.0000, 0.0000, '0%', 0.0000, 0.0000, 10000.0000, 1, 5.0000, 10000.0000, 4, NULL, NULL, '', 'paid', 0.0000, 1, ''),
(151, '2020-12-07 14:20:42', 1, 'Walk-in Client', 359000.0000, 0.0000, NULL, 0.0000, 0.0000, 0.0000, '0%', 0.0000, 0.0000, 359000.0000, 7, 49.0000, 359000.0000, 4, NULL, NULL, '', 'paid', 0.0000, 1, ''),
(152, '2020-12-07 14:36:50', 1, 'Walk-in Client', 179000.0000, 0.0000, NULL, 0.0000, 0.0000, 0.0000, '0%', 0.0000, 0.0000, 179000.0000, 3, 10.0000, 179000.0000, 4, NULL, NULL, '', 'paid', 0.0000, 1, ''),
(153, '2020-12-07 14:43:10', 1, 'Walk-in Client', 82000.0000, 0.0000, NULL, 0.0000, 0.0000, 0.0000, '0%', 0.0000, 0.0000, 82000.0000, 2, 4.0000, 82000.0000, 4, NULL, NULL, '', 'paid', 0.0000, 1, ''),
(154, '2020-12-07 14:57:45', 1, 'Walk-in Client', 87000.0000, 0.0000, NULL, 0.0000, 0.0000, 0.0000, '0%', 0.0000, 0.0000, 87000.0000, 4, 5.0000, 87000.0000, 4, NULL, NULL, '', 'paid', 0.0000, 1, ''),
(155, '2020-12-07 15:52:54', 1, 'Walk-in Client', 155000.0000, 0.0000, NULL, 0.0000, 0.0000, 0.0000, '0%', 0.0000, 0.0000, 155000.0000, 3, 10.0000, 155000.0000, 4, NULL, NULL, '', 'paid', 0.0000, 1, ''),
(156, '2020-12-07 15:57:16', 1, 'Walk-in Client', 190000.0000, 0.0000, NULL, 0.0000, 0.0000, 0.0000, '0%', 0.0000, 0.0000, 190000.0000, 5, 12.0000, 190000.0000, 4, NULL, NULL, '', 'paid', 0.0000, 1, ''),
(157, '2020-12-07 16:01:17', 1, 'Walk-in Client', 324000.0000, 0.0000, NULL, 0.0000, 0.0000, 0.0000, '0%', 0.0000, 0.0000, 324000.0000, 5, 25.0000, 324000.0000, 4, NULL, NULL, '', 'paid', 0.0000, 1, ''),
(158, '2020-12-07 16:02:01', 1, 'Walk-in Client', 55000.0000, 0.0000, NULL, 0.0000, 0.0000, 0.0000, '0%', 0.0000, 0.0000, 55000.0000, 3, 3.0000, 55000.0000, 4, NULL, NULL, '', 'paid', 0.0000, 1, ''),
(159, '2020-12-07 16:12:22', 1, 'Walk-in Client', 24000.0000, 0.0000, NULL, 0.0000, 0.0000, 0.0000, '0%', 0.0000, 0.0000, 24000.0000, 1, 2.0000, 24000.0000, 4, NULL, NULL, '', 'paid', 0.0000, 1, ''),
(160, '2020-12-07 16:26:35', 1, 'Walk-in Client', 10000.0000, 0.0000, NULL, 0.0000, 0.0000, 0.0000, '0%', 0.0000, 0.0000, 10000.0000, 1, 5.0000, 10000.0000, 4, NULL, NULL, '', 'paid', 0.0000, 1, ''),
(161, '2020-12-07 16:29:20', 1, 'Walk-in Client', 15000.0000, 0.0000, NULL, 0.0000, 0.0000, 0.0000, '0%', 0.0000, 0.0000, 15000.0000, 1, 1.0000, 15000.0000, 4, NULL, NULL, '', 'paid', 0.0000, 1, ''),
(162, '2020-12-07 16:31:55', 1, 'Walk-in Client', 15000.0000, 0.0000, NULL, 0.0000, 0.0000, 0.0000, '0%', 0.0000, 0.0000, 15000.0000, 1, 1.0000, 15000.0000, 4, NULL, NULL, '', 'paid', 0.0000, 1, ''),
(163, '2020-12-07 16:42:14', 1, 'Walk-in Client', 24000.0000, 0.0000, NULL, 0.0000, 0.0000, 0.0000, '0%', 0.0000, 0.0000, 24000.0000, 2, 2.0000, 24000.0000, 4, NULL, NULL, '', 'paid', 0.0000, 1, ''),
(164, '2020-12-07 16:44:31', 1, 'Walk-in Client', 45000.0000, 0.0000, NULL, 0.0000, 0.0000, 0.0000, '0%', 0.0000, 0.0000, 45000.0000, 1, 3.0000, 45000.0000, 4, NULL, NULL, '', 'paid', 0.0000, 1, ''),
(165, '2020-12-07 16:50:38', 1, 'Walk-in Client', 108000.0000, 0.0000, NULL, 0.0000, 0.0000, 0.0000, '0%', 0.0000, 0.0000, 108000.0000, 2, 12.0000, 108000.0000, 4, NULL, NULL, '', 'paid', 0.0000, 1, ''),
(166, '2020-12-07 16:51:02', 1, 'Walk-in Client', 65000.0000, 0.0000, NULL, 0.0000, 0.0000, 0.0000, '0%', 0.0000, 0.0000, 65000.0000, 3, 3.0000, 65000.0000, 4, NULL, NULL, '', 'paid', 0.0000, 1, ''),
(167, '2020-12-07 16:52:05', 1, 'Walk-in Client', 10000.0000, 0.0000, NULL, 0.0000, 0.0000, 0.0000, '0%', 0.0000, 0.0000, 10000.0000, 1, 1.0000, 10000.0000, 4, NULL, NULL, '', 'paid', 0.0000, 1, ''),
(168, '2020-12-07 17:10:05', 1, 'Walk-in Client', 18000.0000, 0.0000, NULL, 0.0000, 0.0000, 0.0000, '0%', 0.0000, 0.0000, 18000.0000, 3, 3.0000, 18000.0000, 4, NULL, NULL, '', 'paid', 0.0000, 1, ''),
(169, '2020-12-07 17:11:50', 1, 'Walk-in Client', 69700.0000, 0.0000, NULL, 0.0000, 0.0000, 0.0000, '0%', 0.0000, 0.0000, 69700.0000, 1, 41.0000, 69700.0000, 4, NULL, NULL, '', 'paid', 0.0000, 1, ''),
(170, '2020-12-07 17:30:55', 1, 'Walk-in Client', 283000.0000, 0.0000, NULL, 0.0000, 0.0000, 0.0000, '0%', 0.0000, 0.0000, 283000.0000, 6, 34.0000, 283000.0000, 4, NULL, NULL, '', 'paid', 0.0000, 1, ''),
(171, '2020-12-07 17:35:25', 1, 'Walk-in Client', 187000.0000, 0.0000, NULL, 0.0000, 0.0000, 0.0000, '0%', 0.0000, 0.0000, 187000.0000, 6, 17.0000, 187000.0000, 4, NULL, NULL, '', 'paid', 0.0000, 1, ''),
(172, '2020-12-07 17:52:11', 1, 'Walk-in Client', 115000.0000, 0.0000, NULL, 0.0000, 0.0000, 0.0000, '0%', 0.0000, 0.0000, 115000.0000, 2, 5.0000, 115000.0000, 4, NULL, NULL, '', 'paid', 0.0000, 1, ''),
(173, '2020-12-07 17:54:29', 1, 'Walk-in Client', 20000.0000, 0.0000, NULL, 0.0000, 0.0000, 0.0000, '0%', 0.0000, 0.0000, 20000.0000, 1, 10.0000, 20000.0000, 4, NULL, NULL, '', 'paid', 0.0000, 1, ''),
(174, '2020-12-07 18:25:19', 1, 'Walk-in Client', 30000.0000, 0.0000, NULL, 0.0000, 0.0000, 0.0000, '0%', 0.0000, 0.0000, 30000.0000, 2, 4.0000, 30000.0000, 4, NULL, NULL, '', 'paid', 0.0000, 1, ''),
(175, '2020-12-07 18:59:09', 1, 'Walk-in Client', 15000.0000, 0.0000, NULL, 0.0000, 0.0000, 0.0000, '0%', 0.0000, 0.0000, 15000.0000, 1, 1.0000, 15000.0000, 4, NULL, NULL, '', 'paid', 0.0000, 1, ''),
(176, '2020-12-07 19:19:08', 1, 'Walk-in Client', 57000.0000, 0.0000, NULL, 0.0000, 0.0000, 0.0000, '0%', 0.0000, 0.0000, 57000.0000, 4, 8.0000, 57000.0000, 4, NULL, NULL, '', 'paid', 0.0000, 1, ''),
(177, '2020-12-07 19:35:57', 4, 'Wn', 284000.0000, 0.0000, NULL, 0.0000, 0.0000, 0.0000, '0%', 0.0000, 0.0000, 284000.0000, 9, 21.0000, 0.0000, 4, NULL, NULL, '', 'unpaid', 0.0000, 1, 'Hutang'),
(178, '2020-12-07 19:43:33', 7, 'Tiga putri', 361000.0000, 0.0000, NULL, 0.0000, 0.0000, 0.0000, '0%', 0.0000, 0.0000, 361000.0000, 7, 27.0000, 300000.0000, 4, NULL, NULL, '', 'partial', 0.0000, 1, 'Titip 300000'),
(179, '2020-12-07 19:44:38', 14, 'Rrn', 266012.0000, 0.0000, NULL, 0.0000, 0.0000, 0.0000, '0%', 0.0000, 0.0000, 266012.0000, 10, 24.0000, 266012.0000, 4, NULL, NULL, '', 'paid', 0.0000, 1, 'Utang'),
(180, '2020-12-07 19:47:55', 1, 'Walk-in Client', 65000.0000, 0.0000, NULL, 0.0000, 0.0000, 0.0000, '0%', 0.0000, 0.0000, 65000.0000, 3, 8.0000, 65000.0000, 4, NULL, NULL, '', 'paid', 0.0000, 1, ''),
(181, '2020-12-07 19:57:15', 7, 'Tiga putri', 599000.0000, 0.0000, NULL, 0.0000, 0.0000, 0.0000, '0%', 0.0000, 0.0000, 599000.0000, 9, 52.0000, 400000.0000, 4, NULL, NULL, '', 'partial', 0.0000, 1, ''),
(182, '2020-12-07 20:13:36', 1, 'Walk-in Client', 6000.0000, 0.0000, NULL, 0.0000, 0.0000, 0.0000, '0%', 0.0000, 0.0000, 6000.0000, 1, 1.0000, 6000.0000, 4, NULL, NULL, '', 'paid', 0.0000, 1, ''),
(183, '2020-12-07 20:29:19', 15, 'Kpk', 572000.0000, 0.0000, NULL, 0.0000, 0.0000, 0.0000, '0%', 0.0000, 0.0000, 572000.0000, 10, 66.0000, 572000.0000, 4, NULL, NULL, '', 'paid', 0.0000, 1, ''),
(184, '2020-12-07 20:30:42', 1, 'Walk-in Client', 52000.0000, 0.0000, NULL, 0.0000, 0.0000, 0.0000, '0%', 0.0000, 0.0000, 52000.0000, 3, 3.0000, 52000.0000, 4, NULL, NULL, '', 'paid', 0.0000, 1, ''),
(185, '2020-12-07 20:34:57', 1, 'Walk-in Client', 1081000.0000, 0.0000, NULL, 0.0000, 0.0000, 0.0000, '0%', 0.0000, 0.0000, 1081000.0000, 9, 71.0000, 1081000.0000, 4, NULL, NULL, '', 'paid', 0.0000, 1, ''),
(186, '2020-12-07 20:35:32', 1, 'Walk-in Client', 65000.0000, 0.0000, NULL, 0.0000, 0.0000, 0.0000, '0%', 0.0000, 0.0000, 65000.0000, 4, 5.0000, 65000.0000, 4, NULL, NULL, '', 'paid', 0.0000, 1, ''),
(187, '2020-12-07 20:38:39', 1, 'Walk-in Client', 67000.0000, 0.0000, NULL, 0.0000, 0.0000, 0.0000, '0%', 0.0000, 0.0000, 67000.0000, 2, 2.0000, 67000.0000, 4, NULL, NULL, '', 'paid', 0.0000, 1, ''),
(188, '2020-12-07 20:52:36', 1, 'Walk-in Client', 273000.0000, 0.0000, NULL, 0.0000, 0.0000, 0.0000, '0%', 0.0000, 0.0000, 273000.0000, 7, 29.0000, 273000.0000, 4, NULL, NULL, '', 'paid', 0.0000, 1, ''),
(189, '2020-12-07 20:59:03', 1, 'Walk-in Client', 35000.0000, 0.0000, NULL, 0.0000, 0.0000, 0.0000, '0%', 0.0000, 0.0000, 35000.0000, 1, 1.0000, 35000.0000, 4, NULL, NULL, '', 'paid', 0.0000, 1, ''),
(190, '2020-12-07 21:06:25', 1, 'Walk-in Client', 51000.0000, 0.0000, NULL, 0.0000, 0.0000, 0.0000, '0%', 0.0000, 0.0000, 51000.0000, 3, 6.0000, 51000.0000, 4, NULL, NULL, '', 'paid', 0.0000, 1, ''),
(191, '2020-12-07 21:32:47', 1, 'Walk-in Client', 52000.0000, 0.0000, NULL, 0.0000, 0.0000, 0.0000, '0%', 0.0000, 0.0000, 52000.0000, 3, 3.0000, 52000.0000, 4, NULL, NULL, '', 'paid', 0.0000, 1, ''),
(192, '2020-12-07 21:53:57', 1, 'Walk-in Client', 45000.0000, 0.0000, NULL, 0.0000, 0.0000, 0.0000, '0%', 0.0000, 0.0000, 45000.0000, 2, 2.0000, 45000.0000, 4, NULL, NULL, '', 'paid', 0.0000, 1, ''),
(193, '2020-12-07 21:54:50', 1, 'Walk-in Client', 7000.0000, 0.0000, NULL, 0.0000, 0.0000, 0.0000, '0%', 0.0000, 0.0000, 7000.0000, 1, 1.0000, 7000.0000, 4, NULL, NULL, '', 'paid', 0.0000, 1, ''),
(194, '2020-12-07 22:27:06', 3, 'CNN', 110000.0000, 0.0000, NULL, 0.0000, 0.0000, 0.0000, '0%', 0.0000, 0.0000, 110000.0000, 1, 10.0000, 0.0000, 4, NULL, NULL, '', 'unpaid', 0.0000, 1, ''),
(195, '2020-12-07 22:29:20', 1, 'Walk-in Client', 93000.0000, 0.0000, NULL, 0.0000, 0.0000, 0.0000, '0%', 0.0000, 0.0000, 93000.0000, 5, 12.0000, 93000.0000, 4, NULL, NULL, '', 'paid', 0.0000, 1, ''),
(196, '2020-12-07 22:31:12', 1, 'Walk-in Client', 370000.0000, 0.0000, NULL, 0.0000, 0.0000, 0.0000, '0%', 0.0000, 0.0000, 370000.0000, 2, 40.0000, 370000.0000, 4, NULL, NULL, '', 'paid', 0.0000, 1, ''),
(197, '2020-12-07 22:32:49', 1, 'Walk-in Client', 34000.0000, 0.0000, NULL, 0.0000, 0.0000, 0.0000, '0%', 0.0000, 0.0000, 34000.0000, 3, 7.0000, 34000.0000, 4, NULL, NULL, '', 'paid', 0.0000, 1, ''),
(198, '2020-12-07 22:35:57', 1, 'Walk-in Client', 10000.0000, 0.0000, NULL, 0.0000, 0.0000, 0.0000, '0%', 0.0000, 0.0000, 10000.0000, 1, 1.0000, 10000.0000, 4, NULL, NULL, '', 'paid', 0.0000, 1, ''),
(199, '2020-12-07 22:39:44', 1, 'Walk-in Client', 7000.0000, 0.0000, NULL, 0.0000, 0.0000, 0.0000, '0%', 0.0000, 0.0000, 7000.0000, 1, 1.0000, 7000.0000, 4, NULL, NULL, '', 'paid', 0.0000, 1, ''),
(200, '2020-12-07 22:43:16', 1, 'Walk-in Client', 35000.0000, 0.0000, NULL, 0.0000, 0.0000, 0.0000, '0%', 0.0000, 0.0000, 35000.0000, 1, 1.0000, 35000.0000, 4, NULL, NULL, '', 'paid', 0.0000, 1, ''),
(201, '2020-12-07 22:44:55', 1, 'Walk-in Client', 20000.0000, 0.0000, NULL, 0.0000, 0.0000, 0.0000, '0%', 0.0000, 0.0000, 20000.0000, 1, 1.0000, 20000.0000, 4, NULL, NULL, '', 'paid', 0.0000, 1, ''),
(202, '2020-12-07 23:08:37', 1, 'Walk-in Client', 40000.0000, 0.0000, NULL, 0.0000, 0.0000, 0.0000, '0%', 0.0000, 0.0000, 40000.0000, 1, 2.0000, 40000.0000, 4, NULL, NULL, '', 'paid', 0.0000, 1, ''),
(203, '2020-12-07 23:10:39', 1, 'Walk-in Client', 10000.0000, 0.0000, NULL, 0.0000, 0.0000, 0.0000, '0%', 0.0000, 0.0000, 10000.0000, 1, 5.0000, 10000.0000, 4, NULL, NULL, '', 'paid', 0.0000, 1, ''),
(204, '2020-12-07 23:11:14', 1, 'Walk-in Client', 10000.0000, 0.0000, NULL, 0.0000, 0.0000, 0.0000, '0%', 0.0000, 0.0000, 10000.0000, 1, 1.0000, 10000.0000, 4, NULL, NULL, '', 'paid', 0.0000, 1, ''),
(205, '2020-12-07 23:17:13', 1, 'Walk-in Client', 20000.0000, 0.0000, NULL, 0.0000, 0.0000, 0.0000, '0%', 0.0000, 0.0000, 20000.0000, 1, 2.0000, 20000.0000, 4, NULL, NULL, '', 'paid', 0.0000, 1, ''),
(206, '2020-12-08 10:12:41', 1, 'Walk-in Client', 35000.0000, 0.0000, NULL, 0.0000, 0.0000, 0.0000, '0%', 0.0000, 0.0000, 35000.0000, 1, 1.0000, 35000.0000, 4, NULL, NULL, '', 'paid', 0.0000, 1, ''),
(207, '2020-12-08 10:22:43', 1, 'Walk-in Client', 49000.0000, 0.0000, NULL, 0.0000, 0.0000, 0.0000, '0%', 0.0000, 0.0000, 49000.0000, 3, 4.0000, 49000.0000, 4, NULL, NULL, '', 'paid', 0.0000, 1, ''),
(208, '2020-12-08 10:25:45', 1, 'Walk-in Client', 35000.0000, 0.0000, NULL, 0.0000, 0.0000, 0.0000, '0%', 0.0000, 0.0000, 35000.0000, 1, 1.0000, 35000.0000, 4, NULL, NULL, '', 'paid', 0.0000, 1, ''),
(209, '2020-12-08 10:56:37', 1, 'Walk-in Client', 20000.0000, 0.0000, NULL, 0.0000, 0.0000, 0.0000, '0%', 0.0000, 0.0000, 20000.0000, 1, 2.0000, 20000.0000, 4, NULL, NULL, '', 'paid', 0.0000, 1, ''),
(210, '2020-12-08 11:05:25', 1, 'Walk-in Client', 101000.0000, 0.0000, NULL, 0.0000, 0.0000, 0.0000, '0%', 0.0000, 0.0000, 101000.0000, 3, 6.0000, 101000.0000, 4, NULL, NULL, '', 'paid', 0.0000, 1, ''),
(211, '2020-12-08 11:27:17', 1, 'Walk-in Client', 215000.0000, 0.0000, NULL, 0.0000, 0.0000, 0.0000, '0%', 0.0000, 0.0000, 215000.0000, 2, 27.0000, 215000.0000, 4, NULL, NULL, '', 'paid', 0.0000, 1, ''),
(212, '2020-12-08 11:34:06', 1, 'Walk-in Client', 60000.0000, 0.0000, NULL, 0.0000, 0.0000, 0.0000, '0%', 0.0000, 0.0000, 60000.0000, 1, 4.0000, 60000.0000, 4, NULL, NULL, '', 'paid', 0.0000, 1, ''),
(213, '2020-12-08 12:39:00', 1, 'Walk-in Client', 154000.0000, 0.0000, NULL, 0.0000, 0.0000, 0.0000, '0%', 0.0000, 0.0000, 154000.0000, 8, 18.0000, 154000.0000, 4, NULL, NULL, '', 'paid', 0.0000, 1, ''),
(214, '2020-12-08 12:39:22', 1, 'Walk-in Client', 450000.0000, 0.0000, NULL, 0.0000, 0.0000, 0.0000, '0%', 0.0000, 0.0000, 450000.0000, 1, 15.0000, 450000.0000, 4, NULL, NULL, '', 'paid', 0.0000, 1, ''),
(215, '2020-12-08 12:46:27', 1, 'Walk-in Client', 15000.0000, 0.0000, NULL, 0.0000, 0.0000, 0.0000, '0%', 0.0000, 0.0000, 15000.0000, 1, 1.0000, 15000.0000, 4, NULL, NULL, '', 'paid', 0.0000, 1, ''),
(216, '2020-12-08 13:04:33', 1, 'Walk-in Client', 100000.0000, 0.0000, NULL, 0.0000, 0.0000, 0.0000, '0%', 0.0000, 0.0000, 100000.0000, 2, 3.0000, 100000.0000, 4, NULL, NULL, '', 'paid', 0.0000, 1, ''),
(217, '2020-12-08 14:58:36', 1, 'Walk-in Client', 363000.0000, 0.0000, NULL, 0.0000, 0.0000, 0.0000, '0%', 0.0000, 0.0000, 363000.0000, 7, 26.0000, 363000.0000, 4, NULL, NULL, '', 'paid', 0.0000, 1, ''),
(218, '2020-12-08 14:59:15', 1, 'Walk-in Client', 63000.0000, 0.0000, NULL, 0.0000, 0.0000, 0.0000, '0%', 0.0000, 0.0000, 63000.0000, 5, 5.0000, 63000.0000, 4, NULL, NULL, '', 'paid', 0.0000, 1, ''),
(219, '2020-12-08 15:01:12', 1, 'Walk-in Client', 244000.0000, 0.0000, NULL, 0.0000, 0.0000, 0.0000, '0%', 0.0000, 0.0000, 244000.0000, 7, 12.0000, 244000.0000, 4, NULL, NULL, '', 'paid', 0.0000, 1, ''),
(220, '2020-12-08 15:02:52', 1, 'Walk-in Client', 227000.0000, 0.0000, NULL, 0.0000, 0.0000, 0.0000, '0%', 0.0000, 0.0000, 227000.0000, 6, 19.0000, 227000.0000, 4, NULL, NULL, '', 'paid', 0.0000, 1, ''),
(221, '2020-12-08 15:05:52', 1, 'Walk-in Client', 164000.0000, 0.0000, NULL, 0.0000, 0.0000, 0.0000, '0%', 0.0000, 0.0000, 164000.0000, 3, 7.0000, 164000.0000, 4, NULL, NULL, '', 'paid', 0.0000, 1, ''),
(222, '2020-12-08 15:06:43', 1, 'Walk-in Client', 40000.0000, 0.0000, NULL, 0.0000, 0.0000, 0.0000, '0%', 0.0000, 0.0000, 40000.0000, 2, 6.0000, 40000.0000, 4, NULL, NULL, '', 'paid', 0.0000, 1, ''),
(223, '2020-12-08 15:09:06', 1, 'Walk-in Client', 300000.0000, 0.0000, NULL, 0.0000, 0.0000, 0.0000, '0%', 0.0000, 0.0000, 300000.0000, 3, 15.0000, 300000.0000, 4, NULL, NULL, '', 'paid', 0.0000, 1, ''),
(224, '2020-12-08 15:12:37', 1, 'Walk-in Client', 60000.0000, 0.0000, NULL, 0.0000, 0.0000, 0.0000, '0%', 0.0000, 0.0000, 60000.0000, 1, 2.0000, 60000.0000, 4, NULL, NULL, '', 'paid', 0.0000, 1, ''),
(225, '2020-12-08 15:16:26', 1, 'Walk-in Client', 130500.0000, 0.0000, NULL, 0.0000, 0.0000, 0.0000, '0%', 0.0000, 0.0000, 130500.0000, 4, 11.0000, 130500.0000, 4, NULL, NULL, '', 'paid', 0.0000, 1, ''),
(226, '2020-12-08 15:17:02', 1, 'Walk-in Client', 36000.0000, 0.0000, NULL, 0.0000, 0.0000, 0.0000, '0%', 0.0000, 0.0000, 36000.0000, 3, 3.0000, 36000.0000, 4, NULL, NULL, '', 'paid', 0.0000, 1, ''),
(227, '2020-12-08 15:22:42', 1, 'Walk-in Client', 132000.0000, 0.0000, NULL, 0.0000, 0.0000, 0.0000, '0%', 0.0000, 0.0000, 132000.0000, 6, 8.0000, 132000.0000, 4, NULL, NULL, '', 'paid', 0.0000, 1, ''),
(228, '2020-12-08 15:56:18', 1, 'Walk-in Client', 127000.0000, 0.0000, NULL, 0.0000, 0.0000, 0.0000, '0%', 0.0000, 0.0000, 127000.0000, 5, 7.0000, 127000.0000, 4, NULL, NULL, '', 'paid', 0.0000, 1, ''),
(229, '2020-12-08 15:57:55', 1, 'Walk-in Client', 70000.0000, 0.0000, NULL, 0.0000, 0.0000, 0.0000, '0%', 0.0000, 0.0000, 70000.0000, 1, 10.0000, 70000.0000, 4, NULL, NULL, '', 'paid', 0.0000, 1, ''),
(230, '2020-12-08 16:00:44', 1, 'Walk-in Client', 10000.0000, 0.0000, NULL, 0.0000, 0.0000, 0.0000, '0%', 0.0000, 0.0000, 10000.0000, 1, 5.0000, 10000.0000, 4, NULL, NULL, '', 'paid', 0.0000, 1, ''),
(231, '2020-12-08 16:08:33', 1, 'Walk-in Client', 124000.0000, 0.0000, NULL, 0.0000, 0.0000, 0.0000, '0%', 0.0000, 0.0000, 124000.0000, 3, 5.0000, 124000.0000, 4, NULL, NULL, '', 'paid', 0.0000, 1, ''),
(232, '2020-12-08 16:19:55', 7, 'Tiga putri', 385000.0000, 0.0000, NULL, 0.0000, 0.0000, 0.0000, '0%', 0.0000, 0.0000, 385000.0000, 10, 37.0000, 385000.0000, 4, NULL, NULL, '', 'paid', 0.0000, 1, ''),
(233, '2020-12-08 16:20:52', 16, 'Andri d7', 28000.0000, 0.0000, NULL, 0.0000, 0.0000, 0.0000, '0%', 0.0000, 0.0000, 28000.0000, 1, 2.0000, 0.0000, 4, NULL, NULL, '', 'unpaid', 0.0000, 1, ''),
(234, '2020-12-08 16:22:08', 17, 'Bayu d5', 20000.0000, 0.0000, NULL, 0.0000, 0.0000, 0.0000, '0%', 0.0000, 0.0000, 20000.0000, 1, 5.0000, 0.0000, 4, NULL, NULL, '', 'unpaid', 0.0000, 1, ''),
(235, '2020-12-08 16:22:26', 1, 'Walk-in Client', 42000.0000, 0.0000, NULL, 0.0000, 0.0000, 0.0000, '0%', 0.0000, 0.0000, 42000.0000, 2, 2.0000, 42000.0000, 4, NULL, NULL, '', 'paid', 0.0000, 1, ''),
(236, '2020-12-08 16:32:37', 1, 'Walk-in Client', 10000.0000, 0.0000, NULL, 0.0000, 0.0000, 0.0000, '0%', 0.0000, 0.0000, 10000.0000, 1, 1.0000, 10000.0000, 4, NULL, NULL, '', 'paid', 0.0000, 1, ''),
(237, '2020-12-08 16:35:05', 1, 'Walk-in Client', 24000.0000, 0.0000, NULL, 0.0000, 0.0000, 0.0000, '0%', 0.0000, 0.0000, 24000.0000, 1, 2.0000, 24000.0000, 4, NULL, NULL, '', 'paid', 0.0000, 1, ''),
(238, '2020-12-08 16:36:39', 1, 'Walk-in Client', 20000.0000, 0.0000, NULL, 0.0000, 0.0000, 0.0000, '0%', 0.0000, 0.0000, 20000.0000, 1, 1.0000, 20000.0000, 4, NULL, NULL, '', 'paid', 0.0000, 1, ''),
(239, '2020-12-08 16:43:30', 1, 'Walk-in Client', 69000.0000, 0.0000, NULL, 0.0000, 0.0000, 0.0000, '0%', 0.0000, 0.0000, 69000.0000, 4, 9.0000, 69000.0000, 4, NULL, NULL, '', 'paid', 0.0000, 1, ''),
(240, '2020-12-08 16:46:03', 1, 'Walk-in Client', 17000.0000, 0.0000, NULL, 0.0000, 0.0000, 0.0000, '0%', 0.0000, 0.0000, 17000.0000, 2, 3.0000, 17000.0000, 4, NULL, NULL, '', 'paid', 0.0000, 1, ''),
(241, '2020-12-08 16:55:39', 1, 'Walk-in Client', 17000.0000, 0.0000, NULL, 0.0000, 0.0000, 0.0000, '0%', 0.0000, 0.0000, 17000.0000, 2, 3.0000, 17000.0000, 4, NULL, NULL, '', 'paid', 0.0000, 1, ''),
(242, '2020-12-08 16:56:27', 1, 'Walk-in Client', 25000.0000, 0.0000, NULL, 0.0000, 0.0000, 0.0000, '0%', 0.0000, 0.0000, 25000.0000, 2, 2.0000, 25000.0000, 4, NULL, NULL, '', 'paid', 0.0000, 1, ''),
(243, '2020-12-08 16:59:18', 1, 'Walk-in Client', 10000.0000, 0.0000, NULL, 0.0000, 0.0000, 0.0000, '0%', 0.0000, 0.0000, 10000.0000, 1, 2.0000, 10000.0000, 4, NULL, NULL, '', 'paid', 0.0000, 1, ''),
(244, '2020-12-08 17:00:16', 1, 'Walk-in Client', 5000.0000, 0.0000, NULL, 0.0000, 0.0000, 0.0000, '0%', 0.0000, 0.0000, 5000.0000, 1, 1.0000, 5000.0000, 4, NULL, NULL, '', 'paid', 0.0000, 1, ''),
(245, '2020-12-08 17:46:11', 1, 'Walk-in Client', 68000.0000, 0.0000, NULL, 0.0000, 0.0000, 0.0000, '0%', 0.0000, 0.0000, 68000.0000, 3, 8.0000, 68000.0000, 4, NULL, NULL, '', 'paid', 0.0000, 1, ''),
(246, '2020-12-08 18:17:59', 1, 'Walk-in Client', 53000.0000, 0.0000, NULL, 0.0000, 0.0000, 0.0000, '0%', 0.0000, 0.0000, 53000.0000, 4, 4.0000, 53000.0000, 4, NULL, NULL, '', 'paid', 0.0000, 1, ''),
(247, '2020-12-08 18:32:06', 1, 'Walk-in Client', 20000.0000, 0.0000, NULL, 0.0000, 0.0000, 0.0000, '0%', 0.0000, 0.0000, 20000.0000, 1, 4.0000, 20000.0000, 4, NULL, NULL, '', 'paid', 0.0000, 1, ''),
(248, '2020-12-08 20:22:45', 1, 'Walk-in Client', 256000.0000, 0.0000, NULL, 0.0000, 0.0000, 0.0000, '0%', 0.0000, 0.0000, 256000.0000, 2, 22.0000, 256000.0000, 4, NULL, NULL, '', 'paid', 0.0000, 1, ''),
(249, '2020-12-08 20:22:48', 1, 'Walk-in Client', 256000.0000, 0.0000, NULL, 0.0000, 0.0000, 0.0000, '0%', 0.0000, 0.0000, 256000.0000, 2, 22.0000, 256000.0000, 4, NULL, NULL, '', 'paid', 0.0000, 1, ''),
(250, '2020-12-08 20:22:53', 1, 'Walk-in Client', 256000.0000, 0.0000, NULL, 0.0000, 0.0000, 0.0000, '0%', 0.0000, 0.0000, 256000.0000, 2, 22.0000, 256000.0000, 4, NULL, NULL, '', 'paid', 0.0000, 1, ''),
(251, '2020-12-08 20:22:53', 1, 'Walk-in Client', 256000.0000, 0.0000, NULL, 0.0000, 0.0000, 0.0000, '0%', 0.0000, 0.0000, 256000.0000, 2, 22.0000, 256000.0000, 4, NULL, NULL, '', 'paid', 0.0000, 1, ''),
(252, '2020-12-08 20:27:59', 1, 'Walk-in Client', 1304000.0000, 0.0000, NULL, 0.0000, 0.0000, 0.0000, '0%', 0.0000, 0.0000, 1304000.0000, 9, 84.0000, 1304000.0000, 1, 1, '2020-12-08 23:05:48', '', 'partial', 0.0000, 1, ''),
(253, '2020-12-08 20:31:48', 1, 'Walk-in Client', 75000.0000, 0.0000, NULL, 0.0000, 0.0000, 0.0000, '0%', 0.0000, 0.0000, 75000.0000, 4, 14.0000, 75000.0000, 4, NULL, NULL, '', 'paid', 0.0000, 1, ''),
(254, '2020-12-08 20:33:28', 1, 'Walk-in Client', 165000.0000, 0.0000, NULL, 0.0000, 0.0000, 0.0000, '0%', 0.0000, 0.0000, 165000.0000, 7, 11.0000, 165000.0000, 4, NULL, NULL, '', 'paid', 0.0000, 1, ''),
(255, '2020-12-08 21:11:43', 1, 'Walk-in Client', 90500.0000, 0.0000, NULL, 0.0000, 0.0000, 0.0000, '0%', 0.0000, 0.0000, 90500.0000, 4, 9.0000, 90500.0000, 4, NULL, NULL, '', 'paid', 0.0000, 1, ''),
(256, '2020-12-08 21:36:03', 1, 'Walk-in Client', 30000.0000, 0.0000, NULL, 0.0000, 0.0000, 0.0000, '0%', 0.0000, 0.0000, 30000.0000, 1, 2.0000, 30000.0000, 4, NULL, NULL, '', 'paid', 0.0000, 1, ''),
(257, '2020-12-08 22:00:13', 1, 'Walk-in Client', 428000.0000, 0.0000, NULL, 0.0000, 0.0000, 0.0000, '0%', 0.0000, 0.0000, 428000.0000, 12, 51.0000, 428000.0000, 4, NULL, NULL, '', 'paid', 0.0000, 1, ''),
(258, '2020-12-08 22:54:00', 1, 'Walk-in Client', 114000.0000, 0.0000, NULL, 0.0000, 0.0000, 0.0000, '0%', 0.0000, 0.0000, 114000.0000, 6, 10.0000, 114000.0000, 4, NULL, NULL, '', 'paid', 0.0000, 1, ''),
(259, '2020-12-08 22:54:59', 1, 'Walk-in Client', 52000.0000, 0.0000, NULL, 0.0000, 0.0000, 0.0000, '0%', 0.0000, 0.0000, 52000.0000, 3, 3.0000, 52000.0000, 4, NULL, NULL, '', 'paid', 0.0000, 1, ''),
(260, '2020-12-08 22:55:42', 1, 'Walk-in Client', 50500.0000, 0.0000, NULL, 0.0000, 0.0000, 0.0000, '0%', 0.0000, 0.0000, 50500.0000, 3, 13.0000, 50500.0000, 4, NULL, NULL, '', 'paid', 0.0000, 1, ''),
(261, '2020-12-08 23:55:03', 1, 'Walk-in Client', 100000.0000, 0.0000, NULL, 0.0000, 0.0000, 0.0000, '0%', 0.0000, 0.0000, 100000.0000, 5, 8.0000, 100000.0000, 4, NULL, NULL, '', 'paid', 0.0000, 1, ''),
(262, '2020-12-08 23:56:50', 1, 'Walk-in Client', 154000.0000, 0.0000, NULL, 0.0000, 0.0000, 0.0000, '0%', 0.0000, 0.0000, 154000.0000, 4, 12.0000, 154000.0000, 4, NULL, NULL, '', 'paid', 0.0000, 1, ''),
(263, '2020-12-08 23:57:12', 1, 'Walk-in Client', 33000.0000, 0.0000, NULL, 0.0000, 0.0000, 0.0000, '0%', 0.0000, 0.0000, 33000.0000, 1, 1.0000, 33000.0000, 4, NULL, NULL, '', 'paid', 0.0000, 1, ''),
(264, '2020-12-08 23:58:38', 1, 'Walk-in Client', 65000.0000, 0.0000, NULL, 0.0000, 0.0000, 0.0000, '0%', 0.0000, 0.0000, 65000.0000, 3, 27.0000, 65000.0000, 4, NULL, NULL, '', 'paid', 0.0000, 1, ''),
(265, '2020-12-08 23:59:00', 1, 'Walk-in Client', 50000.0000, 0.0000, NULL, 0.0000, 0.0000, 0.0000, '0%', 0.0000, 0.0000, 50000.0000, 1, 5.0000, 50000.0000, 4, NULL, NULL, '', 'paid', 0.0000, 1, ''),
(266, '2020-12-09 11:14:00', 1, 'Walk-in Client', 96000.0000, 0.0000, NULL, 0.0000, 0.0000, 0.0000, '0%', 0.0000, 0.0000, 96000.0000, 2, 3.0000, 96000.0000, 4, NULL, NULL, '', 'paid', 0.0000, 1, ''),
(267, '2020-12-09 11:57:24', 1, 'Walk-in Client', 42000.0000, 0.0000, NULL, 0.0000, 0.0000, 0.0000, '0%', 0.0000, 0.0000, 42000.0000, 2, 2.0000, 42000.0000, 4, NULL, NULL, '', 'paid', 0.0000, 1, ''),
(268, '2020-12-09 12:23:53', 1, 'Walk-in Client', 45000.0000, 0.0000, NULL, 0.0000, 0.0000, 0.0000, '0%', 0.0000, 0.0000, 45000.0000, 2, 2.0000, 45000.0000, 4, NULL, NULL, '', 'paid', 0.0000, 1, ''),
(269, '2020-12-09 12:48:17', 1, 'Walk-in Client', 50000.0000, 0.0000, NULL, 0.0000, 0.0000, 0.0000, '0%', 0.0000, 0.0000, 50000.0000, 2, 3.0000, 50000.0000, 4, NULL, NULL, '', 'paid', 0.0000, 1, '');

-- --------------------------------------------------------

--
-- Table structure for table `tec_sale_items`
--

CREATE TABLE `tec_sale_items` (
  `id` int(11) NOT NULL,
  `sale_id` int(11) NOT NULL,
  `product_id` int(11) NOT NULL,
  `quantity` decimal(15,4) NOT NULL,
  `unit_price` decimal(25,4) NOT NULL,
  `net_unit_price` decimal(25,4) NOT NULL,
  `discount` varchar(20) DEFAULT NULL,
  `item_discount` decimal(25,4) DEFAULT NULL,
  `tax` int(20) DEFAULT NULL,
  `item_tax` decimal(25,4) DEFAULT NULL,
  `subtotal` decimal(25,4) NOT NULL,
  `real_unit_price` decimal(25,4) DEFAULT NULL,
  `cost` decimal(25,4) DEFAULT 0.0000,
  `product_code` varchar(50) DEFAULT NULL,
  `product_name` varchar(50) DEFAULT NULL,
  `comment` varchar(255) DEFAULT NULL
) ENGINE=InnoDB DEFAULT CHARSET=utf8;

--
-- Dumping data for table `tec_sale_items`
--

INSERT INTO `tec_sale_items` (`id`, `sale_id`, `product_id`, `quantity`, `unit_price`, `net_unit_price`, `discount`, `item_discount`, `tax`, `item_tax`, `subtotal`, `real_unit_price`, `cost`, `product_code`, `product_name`, `comment`) VALUES
(47, 34, 13, 2.0000, 35000.0000, 35000.0000, '0', 0.0000, 0, 0.0000, 70000.0000, 35000.0000, 0.0000, 'JHG', 'JAHE GAJAH', ''),
(48, 34, 16, 1.0000, 7000.0000, 7000.0000, '0', 0.0000, 0, 0.0000, 7000.0000, 7000.0000, 0.0000, 'KNYT', 'KUNYIT', ''),
(49, 34, 19, 2.0000, 10000.0000, 10000.0000, '0', 0.0000, 0, 0.0000, 20000.0000, 10000.0000, 0.0000, 'LJ', 'LAJA', ''),
(50, 34, 21, 1.0000, 33000.0000, 33000.0000, '0', 0.0000, 0, 0.0000, 33000.0000, 33000.0000, 0.0000, 'KCR', 'KENCUR', ''),
(51, 34, 22, 3.0000, 5000.0000, 5000.0000, '0', 0.0000, 0, 0.0000, 15000.0000, 5000.0000, 0.0000, 'SRH', 'SEREH', ''),
(52, 34, 27, 2.0000, 12000.0000, 12000.0000, '0', 0.0000, 0, 0.0000, 24000.0000, 12000.0000, 0.0000, 'JRKLMN', 'JERUK LEMON', ''),
(53, 35, 13, 7.0000, 34000.0000, 34000.0000, '0', 0.0000, 0, 0.0000, 238000.0000, 34000.0000, 0.0000, 'JHG', 'JAHE GAJAH', ''),
(54, 35, 16, 7.0000, 7000.0000, 7000.0000, '0', 0.0000, 0, 0.0000, 49000.0000, 7000.0000, 0.0000, 'KNYT', 'KUNYIT', ''),
(55, 35, 19, 7.0000, 10000.0000, 10000.0000, '0', 0.0000, 0, 0.0000, 70000.0000, 10000.0000, 0.0000, 'LJ', 'LAJA', ''),
(56, 35, 26, 6.0000, 12000.0000, 12000.0000, '0', 0.0000, 0, 0.0000, 72000.0000, 12000.0000, 0.0000, 'JRKNPS', 'JERUK NIPIS', ''),
(57, 35, 27, 5.0000, 12000.0000, 12000.0000, '0', 0.0000, 0, 0.0000, 60000.0000, 12000.0000, 0.0000, 'JRKLMN', 'JERUK LEMON', ''),
(58, 35, 30, 1.0000, 14000.0000, 14000.0000, '0', 0.0000, 0, 0.0000, 14000.0000, 14000.0000, 0.0000, 'DAUNTKL', 'DAUN TANGKIL', ''),
(59, 36, 13, 1.0000, 35000.0000, 35000.0000, '0', 0.0000, 0, 0.0000, 35000.0000, 35000.0000, 0.0000, 'JHG', 'JAHE GAJAH', ''),
(60, 36, 17, 2.0000, 7000.0000, 7000.0000, '0', 0.0000, 0, 0.0000, 14000.0000, 7000.0000, 0.0000, 'KK', 'BIANG KUNYIT', ''),
(61, 36, 28, 4.0000, 25000.0000, 25000.0000, '0', 0.0000, 0, 0.0000, 100000.0000, 25000.0000, 0.0000, 'JRKLIMO', 'JERUK LIMO', ''),
(62, 37, 10, 5.0000, 2000.0000, 2000.0000, '0', 0.0000, 0, 0.0000, 10000.0000, 2000.0000, 0.0000, 'DJ', 'Daun Jeruk', ''),
(63, 37, 13, 2.0000, 34000.0000, 34000.0000, '0', 0.0000, 0, 0.0000, 68000.0000, 34000.0000, 0.0000, 'JHG', 'JAHE GAJAH', ''),
(64, 37, 16, 2.0000, 7000.0000, 7000.0000, '0', 0.0000, 0, 0.0000, 14000.0000, 7000.0000, 0.0000, 'KNYT', 'KUNYIT', ''),
(65, 37, 19, 2.0000, 10000.0000, 10000.0000, '0', 0.0000, 0, 0.0000, 20000.0000, 10000.0000, 0.0000, 'LJ', 'LAJA', ''),
(66, 38, 27, 10.0000, 11000.0000, 11000.0000, '0', 0.0000, 0, 0.0000, 110000.0000, 11000.0000, 0.0000, 'JRKLMN', 'JERUK LEMON', ''),
(67, 38, 30, 1.0000, 14000.0000, 14000.0000, '0', 0.0000, 0, 0.0000, 14000.0000, 14000.0000, 0.0000, 'DAUNTKL', 'DAUN TANGKIL', ''),
(68, 39, 13, 5.0000, 33000.0000, 33000.0000, '0', 0.0000, 0, 0.0000, 165000.0000, 33000.0000, 0.0000, 'JHG', 'JAHE GAJAH', ''),
(69, 40, 9, 3.0000, 10000.0000, 10000.0000, '0', 0.0000, 0, 0.0000, 30000.0000, 10000.0000, 0.0000, 'TKL1', 'tangkil', ''),
(70, 40, 13, 4.0000, 34000.0000, 34000.0000, '0', 0.0000, 0, 0.0000, 136000.0000, 34000.0000, 0.0000, 'JHG', 'JAHE GAJAH', ''),
(71, 40, 17, 1.0000, 7000.0000, 7000.0000, '0', 0.0000, 0, 0.0000, 7000.0000, 7000.0000, 0.0000, 'KK', 'BIANG KUNYIT', ''),
(72, 40, 19, 5.0000, 10000.0000, 10000.0000, '0', 0.0000, 0, 0.0000, 50000.0000, 10000.0000, 0.0000, 'LJ', 'LAJA', ''),
(73, 40, 21, 2.0000, 32000.0000, 32000.0000, '0', 0.0000, 0, 0.0000, 64000.0000, 32000.0000, 0.0000, 'KCR', 'KENCUR', ''),
(74, 40, 24, 1.0000, 8000.0000, 8000.0000, '0', 0.0000, 0, 0.0000, 8000.0000, 8000.0000, 0.0000, 'TMK', 'TEMU KUNCI', ''),
(75, 40, 26, 4.0000, 12000.0000, 12000.0000, '0', 0.0000, 0, 0.0000, 48000.0000, 12000.0000, 0.0000, 'JRKNPS', 'JERUK NIPIS', ''),
(76, 40, 27, 4.0000, 12000.0000, 12000.0000, '0', 0.0000, 0, 0.0000, 48000.0000, 12000.0000, 0.0000, 'JRKLMN', 'JERUK LEMON', ''),
(77, 40, 30, 3.0000, 13000.0000, 13000.0000, '0', 0.0000, 0, 0.0000, 39000.0000, 13000.0000, 0.0000, 'DAUNTKL', 'DAUN TANGKIL', ''),
(78, 41, 9, 1.0000, 10000.0000, 10000.0000, '0', 0.0000, 0, 0.0000, 10000.0000, 10000.0000, 0.0000, 'TKL1', 'tangkil', ''),
(79, 41, 13, 1.0000, 34000.0000, 34000.0000, '0', 0.0000, 0, 0.0000, 34000.0000, 34000.0000, 0.0000, 'JHG', 'JAHE GAJAH', ''),
(80, 41, 19, 1.0000, 10000.0000, 10000.0000, '0', 0.0000, 0, 0.0000, 10000.0000, 10000.0000, 0.0000, 'LJ', 'LAJA', ''),
(81, 41, 30, 1.0000, 14000.0000, 14000.0000, '0', 0.0000, 0, 0.0000, 14000.0000, 14000.0000, 0.0000, 'DAUNTKL', 'DAUN TANGKIL', ''),
(82, 42, 9, 1.0000, 10000.0000, 10000.0000, '0', 0.0000, 0, 0.0000, 10000.0000, 10000.0000, 0.0000, 'TKL1', 'tangkil', ''),
(83, 42, 19, 2.0000, 10000.0000, 10000.0000, '0', 0.0000, 0, 0.0000, 20000.0000, 10000.0000, 0.0000, 'LJ', 'LAJA', ''),
(84, 42, 28, 1.0000, 25000.0000, 25000.0000, '0', 0.0000, 0, 0.0000, 25000.0000, 25000.0000, 0.0000, 'JRKLIMO', 'JERUK LIMO', ''),
(85, 42, 30, 1.0000, 14000.0000, 14000.0000, '0', 0.0000, 0, 0.0000, 14000.0000, 14000.0000, 0.0000, 'DAUNTKL', 'DAUN TANGKIL', ''),
(86, 43, 13, 1.0000, 30000.0000, 30000.0000, '0', 0.0000, 0, 0.0000, 30000.0000, 30000.0000, 0.0000, 'JHG', 'JAHE GAJAH', ''),
(87, 43, 16, 1.0000, 7000.0000, 7000.0000, '0', 0.0000, 0, 0.0000, 7000.0000, 7000.0000, 0.0000, 'KNYT', 'KUNYIT', ''),
(88, 44, 13, 2.0000, 35000.0000, 35000.0000, '0', 0.0000, 0, 0.0000, 70000.0000, 35000.0000, 0.0000, 'JHG', 'JAHE GAJAH', ''),
(89, 45, 27, 1.0000, 11000.0000, 11000.0000, '0', 0.0000, 0, 0.0000, 11000.0000, 11000.0000, 0.0000, 'JRKLMN', 'JERUK LEMON', ''),
(90, 46, 22, 2.0000, 5000.0000, 5000.0000, '0', 0.0000, 0, 0.0000, 10000.0000, 5000.0000, 0.0000, 'SRH', 'SEREH', ''),
(91, 47, 13, 5.0000, 33000.0000, 33000.0000, '0', 0.0000, 0, 0.0000, 165000.0000, 33000.0000, 0.0000, 'JHG', 'JAHE GAJAH', ''),
(92, 47, 21, 2.0000, 32000.0000, 32000.0000, '0', 0.0000, 0, 0.0000, 64000.0000, 32000.0000, 0.0000, 'KCR', 'KENCUR', ''),
(93, 47, 23, 2.0000, 5000.0000, 5000.0000, '0', 0.0000, 0, 0.0000, 10000.0000, 5000.0000, 0.0000, 'SLM', 'DAUN SALAM', ''),
(94, 48, 13, 1.0000, 35000.0000, 35000.0000, '0', 0.0000, 0, 0.0000, 35000.0000, 35000.0000, 0.0000, 'JHG', 'JAHE GAJAH', ''),
(95, 48, 16, 1.0000, 7000.0000, 7000.0000, '0', 0.0000, 0, 0.0000, 7000.0000, 7000.0000, 0.0000, 'KNYT', 'KUNYIT', ''),
(96, 48, 19, 1.0000, 10000.0000, 10000.0000, '0', 0.0000, 0, 0.0000, 10000.0000, 10000.0000, 0.0000, 'LJ', 'LAJA', ''),
(97, 49, 13, 3.0000, 33000.0000, 33000.0000, '0', 0.0000, 0, 0.0000, 99000.0000, 33000.0000, 0.0000, 'JHG', 'JAHE GAJAH', ''),
(98, 49, 28, 3.0000, 27000.0000, 27000.0000, '0', 0.0000, 0, 0.0000, 81000.0000, 27000.0000, 0.0000, 'JRKLIMO', 'JERUK LIMO', ''),
(99, 50, 13, 2.0000, 35000.0000, 35000.0000, '0', 0.0000, 0, 0.0000, 70000.0000, 35000.0000, 0.0000, 'JHG', 'JAHE GAJAH', ''),
(100, 51, 24, 2.0000, 10000.0000, 10000.0000, '0', 0.0000, 0, 0.0000, 20000.0000, 10000.0000, 0.0000, 'TMK', 'TEMU KUNCI', ''),
(101, 52, 28, 1.0000, 30000.0000, 30000.0000, '0', 0.0000, 0, 0.0000, 30000.0000, 30000.0000, 0.0000, 'JRKLIMO', 'JERUK LIMO', ''),
(102, 53, 23, 1.0000, 5000.0000, 5000.0000, '0', 0.0000, 0, 0.0000, 5000.0000, 5000.0000, 0.0000, 'SLM', 'DAUN SALAM', ''),
(103, 54, 13, 3.0000, 35000.0000, 35000.0000, '0', 0.0000, 0, 0.0000, 105000.0000, 35000.0000, 0.0000, 'JHG', 'JAHE GAJAH', ''),
(104, 55, 21, 1.0000, 33000.0000, 33000.0000, '0', 0.0000, 0, 0.0000, 33000.0000, 33000.0000, 0.0000, 'KCR', 'KENCUR', ''),
(105, 56, 9, 2.0000, 10000.0000, 10000.0000, '0', 0.0000, 0, 0.0000, 20000.0000, 10000.0000, 0.0000, 'TKL1', 'tangkil', ''),
(106, 56, 19, 3.0000, 10000.0000, 10000.0000, '0', 0.0000, 0, 0.0000, 30000.0000, 10000.0000, 0.0000, 'LJ', 'LAJA', ''),
(107, 56, 23, 1.0000, 5000.0000, 5000.0000, '0', 0.0000, 0, 0.0000, 5000.0000, 5000.0000, 0.0000, 'SLM', 'DAUN SALAM', ''),
(108, 56, 30, 3.0000, 13000.0000, 13000.0000, '0', 0.0000, 0, 0.0000, 39000.0000, 13000.0000, 0.0000, 'DAUNTKL', 'DAUN TANGKIL', ''),
(109, 57, 23, 1.0000, 5000.0000, 5000.0000, '0', 0.0000, 0, 0.0000, 5000.0000, 5000.0000, 0.0000, 'SLM', 'DAUN SALAM', ''),
(110, 58, 9, 1.0000, 10000.0000, 10000.0000, '0', 0.0000, 0, 0.0000, 10000.0000, 10000.0000, 0.0000, 'TKL1', 'tangkil', ''),
(111, 58, 12, 2.0000, 18000.0000, 18000.0000, '0', 0.0000, 0, 0.0000, 36000.0000, 18000.0000, 0.0000, 'ASM', 'ASEM', ''),
(112, 58, 13, 3.0000, 33000.0000, 33000.0000, '0', 0.0000, 0, 0.0000, 99000.0000, 33000.0000, 0.0000, 'JHG', 'JAHE GAJAH', ''),
(113, 58, 16, 2.0000, 7000.0000, 7000.0000, '0', 0.0000, 0, 0.0000, 14000.0000, 7000.0000, 0.0000, 'KNYT', 'KUNYIT', ''),
(114, 58, 17, 2.0000, 7000.0000, 7000.0000, '0', 0.0000, 0, 0.0000, 14000.0000, 7000.0000, 0.0000, 'KK', 'BIANG KUNYIT', ''),
(115, 58, 19, 7.0000, 10000.0000, 10000.0000, '0', 0.0000, 0, 0.0000, 70000.0000, 10000.0000, 0.0000, 'LJ', 'LAJA', ''),
(116, 58, 20, 2.0000, 20000.0000, 20000.0000, '0', 0.0000, 0, 0.0000, 40000.0000, 20000.0000, 0.0000, 'PCNG', 'PICUNG', ''),
(117, 58, 21, 1.0000, 33000.0000, 33000.0000, '0', 0.0000, 0, 0.0000, 33000.0000, 33000.0000, 0.0000, 'KCR', 'KENCUR', ''),
(118, 58, 22, 1.0000, 5000.0000, 5000.0000, '0', 0.0000, 0, 0.0000, 5000.0000, 5000.0000, 0.0000, 'SRH', 'SEREH', ''),
(119, 58, 23, 1.0000, 5000.0000, 5000.0000, '0', 0.0000, 0, 0.0000, 5000.0000, 5000.0000, 0.0000, 'SLM', 'DAUN SALAM', ''),
(120, 58, 30, 1.0000, 13000.0000, 13000.0000, '0', 0.0000, 0, 0.0000, 13000.0000, 13000.0000, 0.0000, 'DAUNTKL', 'DAUN TANGKIL', ''),
(121, 59, 9, 1.0000, 10000.0000, 10000.0000, '0', 0.0000, 0, 0.0000, 10000.0000, 10000.0000, 0.0000, 'TKL1', 'tangkil', ''),
(122, 59, 30, 1.0000, 14000.0000, 14000.0000, '0', 0.0000, 0, 0.0000, 14000.0000, 14000.0000, 0.0000, 'DAUNTKL', 'DAUN TANGKIL', ''),
(123, 60, 23, 3.0000, 5000.0000, 5000.0000, '0', 0.0000, 0, 0.0000, 15000.0000, 5000.0000, 0.0000, 'SLM', 'DAUN SALAM', ''),
(124, 60, 30, 1.0000, 13000.0000, 13000.0000, '0', 0.0000, 0, 0.0000, 13000.0000, 13000.0000, 0.0000, 'DAUNTKL', 'DAUN TANGKIL', ''),
(125, 61, 17, 1.0000, 7000.0000, 7000.0000, '0', 0.0000, 0, 0.0000, 7000.0000, 7000.0000, 0.0000, 'KK', 'BIANG KUNYIT', ''),
(126, 62, 21, 5.0000, 32000.0000, 32000.0000, '0', 0.0000, 0, 0.0000, 160000.0000, 32000.0000, 0.0000, 'KCR', 'KENCUR', ''),
(127, 62, 28, 10.0000, 25000.0000, 25000.0000, '0', 0.0000, 0, 0.0000, 250000.0000, 25000.0000, 0.0000, 'JRKLIMO', 'JERUK LIMO', ''),
(128, 63, 12, 1.0000, 20000.0000, 20000.0000, '0', 0.0000, 0, 0.0000, 20000.0000, 20000.0000, 0.0000, 'ASM', 'ASEM', ''),
(129, 63, 30, 1.0000, 14000.0000, 14000.0000, '0', 0.0000, 0, 0.0000, 14000.0000, 14000.0000, 0.0000, 'DAUNTKL', 'DAUN TANGKIL', ''),
(130, 64, 24, 2.0000, 10000.0000, 10000.0000, '0', 0.0000, 0, 0.0000, 20000.0000, 10000.0000, 0.0000, 'TMK', 'TEMU KUNCI', ''),
(131, 65, 30, 2.0000, 13000.0000, 13000.0000, '0', 0.0000, 0, 0.0000, 26000.0000, 13000.0000, 0.0000, 'DAUNTKL', 'DAUN TANGKIL', ''),
(132, 66, 9, 5.0000, 10000.0000, 10000.0000, '0', 0.0000, 0, 0.0000, 50000.0000, 10000.0000, 0.0000, 'TKL1', 'tangkil', ''),
(133, 66, 12, 5.0000, 17000.0000, 17000.0000, '0', 0.0000, 0, 0.0000, 85000.0000, 17000.0000, 0.0000, 'ASM', 'ASEM', ''),
(134, 66, 13, 10.0000, 33000.0000, 33000.0000, '0', 0.0000, 0, 0.0000, 330000.0000, 33000.0000, 0.0000, 'JHG', 'JAHE GAJAH', ''),
(135, 66, 15, 5.0000, 45000.0000, 45000.0000, '0', 0.0000, 0, 0.0000, 225000.0000, 45000.0000, 0.0000, 'JHEMPRT', 'JAHE EMPRIT', ''),
(136, 66, 16, 5.0000, 6000.0000, 6000.0000, '0', 0.0000, 0, 0.0000, 30000.0000, 6000.0000, 0.0000, 'KNYT', 'KUNYIT', ''),
(137, 66, 17, 10.0000, 6000.0000, 6000.0000, '0', 0.0000, 0, 0.0000, 60000.0000, 6000.0000, 0.0000, 'KK', 'BIANG KUNYIT', ''),
(138, 66, 19, 15.0000, 9000.0000, 9000.0000, '0', 0.0000, 0, 0.0000, 135000.0000, 9000.0000, 0.0000, 'LJ', 'LAJA', ''),
(139, 66, 21, 5.0000, 32000.0000, 32000.0000, '0', 0.0000, 0, 0.0000, 160000.0000, 32000.0000, 0.0000, 'KCR', 'KENCUR', ''),
(140, 66, 26, 5.0000, 11000.0000, 11000.0000, '0', 0.0000, 0, 0.0000, 55000.0000, 11000.0000, 0.0000, 'JRKNPS', 'JERUK NIPIS', ''),
(141, 67, 30, 6.0000, 12000.0000, 12000.0000, '0', 0.0000, 0, 0.0000, 72000.0000, 12000.0000, 0.0000, 'DAUNTKL', 'DAUN TANGKIL', ''),
(142, 68, 13, 1.0000, 34000.0000, 34000.0000, '0', 0.0000, 0, 0.0000, 34000.0000, 34000.0000, 0.0000, 'JHG', 'JAHE GAJAH', ''),
(143, 68, 19, 2.0000, 10000.0000, 10000.0000, '0', 0.0000, 0, 0.0000, 20000.0000, 10000.0000, 0.0000, 'LJ', 'LAJA', ''),
(144, 68, 22, 2.0000, 5000.0000, 5000.0000, '0', 0.0000, 0, 0.0000, 10000.0000, 5000.0000, 0.0000, 'SRH', 'SEREH', ''),
(145, 68, 23, 1.0000, 5000.0000, 5000.0000, '0', 0.0000, 0, 0.0000, 5000.0000, 5000.0000, 0.0000, 'SLM', 'DAUN SALAM', ''),
(146, 69, 24, 5.0000, 8000.0000, 8000.0000, '0', 0.0000, 0, 0.0000, 40000.0000, 8000.0000, 0.0000, 'TMK', 'TEMU KUNCI', ''),
(147, 70, 30, 10.0000, 12000.0000, 12000.0000, '0', 0.0000, 0, 0.0000, 120000.0000, 12000.0000, 0.0000, 'DAUNTKL', 'DAUN TANGKIL', ''),
(148, 71, 19, 1.0000, 10000.0000, 10000.0000, '0', 0.0000, 0, 0.0000, 10000.0000, 10000.0000, 0.0000, 'LJ', 'LAJA', ''),
(149, 72, 16, 1.0000, 7000.0000, 7000.0000, '0', 0.0000, 0, 0.0000, 7000.0000, 7000.0000, 0.0000, 'KNYT', 'KUNYIT', ''),
(150, 72, 19, 1.0000, 10000.0000, 10000.0000, '0', 0.0000, 0, 0.0000, 10000.0000, 10000.0000, 0.0000, 'LJ', 'LAJA', ''),
(151, 73, 12, 1.0000, 17000.0000, 17000.0000, '0', 0.0000, 0, 0.0000, 17000.0000, 17000.0000, 0.0000, 'ASM', 'ASEM', ''),
(152, 73, 13, 1.0000, 35000.0000, 35000.0000, '0', 0.0000, 0, 0.0000, 35000.0000, 35000.0000, 0.0000, 'JHG', 'JAHE GAJAH', ''),
(153, 73, 20, 1.0000, 19000.0000, 19000.0000, '0', 0.0000, 0, 0.0000, 19000.0000, 19000.0000, 0.0000, 'PCNG', 'PICUNG', ''),
(154, 73, 21, 1.0000, 32000.0000, 32000.0000, '0', 0.0000, 0, 0.0000, 32000.0000, 32000.0000, 0.0000, 'KCR', 'KENCUR', ''),
(155, 73, 24, 1.0000, 8000.0000, 8000.0000, '0', 0.0000, 0, 0.0000, 8000.0000, 8000.0000, 0.0000, 'TMK', 'TEMU KUNCI', ''),
(156, 74, 27, 2.0000, 12000.0000, 12000.0000, '0', 0.0000, 0, 0.0000, 24000.0000, 12000.0000, 0.0000, 'JRKLMN', 'JERUK LEMON', ''),
(157, 75, 13, 1.0000, 34000.0000, 34000.0000, '0', 0.0000, 0, 0.0000, 34000.0000, 34000.0000, 0.0000, 'JHG', 'JAHE GAJAH', ''),
(158, 75, 16, 3.0000, 7000.0000, 7000.0000, '0', 0.0000, 0, 0.0000, 21000.0000, 7000.0000, 0.0000, 'KNYT', 'KUNYIT', ''),
(159, 75, 19, 1.0000, 10000.0000, 10000.0000, '0', 0.0000, 0, 0.0000, 10000.0000, 10000.0000, 0.0000, 'LJ', 'LAJA', ''),
(160, 75, 23, 1.0000, 5000.0000, 5000.0000, '0', 0.0000, 0, 0.0000, 5000.0000, 5000.0000, 0.0000, 'SLM', 'DAUN SALAM', ''),
(161, 76, 12, 20.0000, 15000.0000, 15000.0000, '0', 0.0000, 0, 0.0000, 300000.0000, 15000.0000, 0.0000, 'ASM', 'ASEM', ''),
(162, 76, 20, 45.0000, 15000.0000, 15000.0000, '0', 0.0000, 0, 0.0000, 675000.0000, 15000.0000, 0.0000, 'PCNG', 'PICUNG', ''),
(163, 77, 16, 57.0000, 4500.0000, 4500.0000, '0', 0.0000, 0, 0.0000, 256500.0000, 4500.0000, 0.0000, 'KNYT', 'KUNYIT', ''),
(164, 77, 19, 5.0000, 8000.0000, 8000.0000, '0', 0.0000, 0, 0.0000, 40000.0000, 8000.0000, 0.0000, 'LJ', 'LAJA', ''),
(165, 77, 21, 5.0000, 28000.0000, 28000.0000, '0', 0.0000, 0, 0.0000, 140000.0000, 28000.0000, 0.0000, 'KCR', 'KENCUR', ''),
(166, 78, 23, 2.0000, 5000.0000, 5000.0000, '0', 0.0000, 0, 0.0000, 10000.0000, 5000.0000, 0.0000, 'SLM', 'DAUN SALAM', ''),
(167, 79, 9, 5.0000, 8000.0000, 8000.0000, '0', 0.0000, 0, 0.0000, 40000.0000, 8000.0000, 0.0000, 'TKL1', 'tangkil', ''),
(168, 80, 19, 1.0000, 10000.0000, 10000.0000, '0', 0.0000, 0, 0.0000, 10000.0000, 10000.0000, 0.0000, 'LJ', 'LAJA', ''),
(169, 81, 9, 2.0000, 10000.0000, 10000.0000, '0', 0.0000, 0, 0.0000, 20000.0000, 10000.0000, 0.0000, 'TKL1', 'tangkil', ''),
(170, 81, 12, 2.0000, 20000.0000, 20000.0000, '0', 0.0000, 0, 0.0000, 40000.0000, 20000.0000, 0.0000, 'ASM', 'ASEM', ''),
(171, 81, 13, 2.0000, 33000.0000, 33000.0000, '0', 0.0000, 0, 0.0000, 66000.0000, 33000.0000, 0.0000, 'JHG', 'JAHE GAJAH', ''),
(172, 81, 21, 1.0000, 33000.0000, 33000.0000, '0', 0.0000, 0, 0.0000, 33000.0000, 33000.0000, 0.0000, 'KCR', 'KENCUR', ''),
(173, 81, 23, 1.0000, 5000.0000, 5000.0000, '0', 0.0000, 0, 0.0000, 5000.0000, 5000.0000, 0.0000, 'SLM', 'DAUN SALAM', ''),
(174, 81, 26, 1.0000, 12000.0000, 12000.0000, '0', 0.0000, 0, 0.0000, 12000.0000, 12000.0000, 0.0000, 'JRKNPS', 'JERUK NIPIS', ''),
(175, 81, 30, 2.0000, 14000.0000, 14000.0000, '0', 0.0000, 0, 0.0000, 28000.0000, 14000.0000, 0.0000, 'DAUNTKL', 'DAUN TANGKIL', ''),
(176, 81, 32, 1.0000, 12000.0000, 12000.0000, '0', 0.0000, 0, 0.0000, 12000.0000, 12000.0000, 0.0000, 'JERUKPRS', 'JERUK PERES', ''),
(177, 82, 22, 1.0000, 5000.0000, 5000.0000, '0', 0.0000, 0, 0.0000, 5000.0000, 5000.0000, 0.0000, 'SRH', 'SEREH', ''),
(178, 82, 23, 1.0000, 5000.0000, 5000.0000, '0', 0.0000, 0, 0.0000, 5000.0000, 5000.0000, 0.0000, 'SLM', 'DAUN SALAM', ''),
(179, 83, 13, 1.0000, 34000.0000, 34000.0000, '0', 0.0000, 0, 0.0000, 34000.0000, 34000.0000, 0.0000, 'JHG', 'JAHE GAJAH', ''),
(180, 83, 19, 2.0000, 10000.0000, 10000.0000, '0', 0.0000, 0, 0.0000, 20000.0000, 10000.0000, 0.0000, 'LJ', 'LAJA', ''),
(181, 83, 22, 1.0000, 5000.0000, 5000.0000, '0', 0.0000, 0, 0.0000, 5000.0000, 5000.0000, 0.0000, 'SRH', 'SEREH', ''),
(182, 84, 23, 1.0000, 5000.0000, 5000.0000, '0', 0.0000, 0, 0.0000, 5000.0000, 5000.0000, 0.0000, 'SLM', 'DAUN SALAM', ''),
(183, 85, 10, 1.0000, 20000.0000, 20000.0000, '0', 0.0000, 0, 0.0000, 20000.0000, 20000.0000, 0.0000, 'DJ', 'Daun Jeruk', ''),
(184, 86, 23, 1.0000, 5000.0000, 5000.0000, '0', 0.0000, 0, 0.0000, 5000.0000, 5000.0000, 0.0000, 'SLM', 'DAUN SALAM', ''),
(185, 87, 12, 10.0000, 18000.0000, 18000.0000, '0', 0.0000, 0, 0.0000, 180000.0000, 18000.0000, 0.0000, 'ASM', 'ASEM', ''),
(186, 87, 28, 1.0000, 30000.0000, 30000.0000, '0', 0.0000, 0, 0.0000, 30000.0000, 30000.0000, 0.0000, 'JRKLIMO', 'JERUK LIMO', ''),
(187, 88, 9, 1.0000, 10000.0000, 10000.0000, '0', 0.0000, 0, 0.0000, 10000.0000, 10000.0000, 0.0000, 'TKL1', 'tangkil', ''),
(188, 88, 24, 1.0000, 10000.0000, 10000.0000, '0', 0.0000, 0, 0.0000, 10000.0000, 10000.0000, 0.0000, 'TMK', 'TEMU KUNCI', ''),
(189, 89, 9, 1.0000, 10000.0000, 10000.0000, '0', 0.0000, 0, 0.0000, 10000.0000, 10000.0000, 0.0000, 'TKL1', 'tangkil', ''),
(190, 89, 12, 1.0000, 20000.0000, 20000.0000, '0', 0.0000, 0, 0.0000, 20000.0000, 20000.0000, 0.0000, 'ASM', 'ASEM', ''),
(191, 89, 13, 1.0000, 34000.0000, 34000.0000, '0', 0.0000, 0, 0.0000, 34000.0000, 34000.0000, 0.0000, 'JHG', 'JAHE GAJAH', ''),
(192, 89, 19, 2.0000, 10000.0000, 10000.0000, '0', 0.0000, 0, 0.0000, 20000.0000, 10000.0000, 0.0000, 'LJ', 'LAJA', ''),
(193, 89, 21, 1.0000, 33000.0000, 33000.0000, '0', 0.0000, 0, 0.0000, 33000.0000, 33000.0000, 0.0000, 'KCR', 'KENCUR', ''),
(194, 89, 30, 1.0000, 14000.0000, 14000.0000, '0', 0.0000, 0, 0.0000, 14000.0000, 14000.0000, 0.0000, 'DAUNTKL', 'DAUN TANGKIL', ''),
(195, 90, 9, 1.0000, 10000.0000, 10000.0000, '0', 0.0000, 0, 0.0000, 10000.0000, 10000.0000, 0.0000, 'TKL1', 'tangkil', ''),
(196, 90, 12, 1.0000, 20000.0000, 20000.0000, '0', 0.0000, 0, 0.0000, 20000.0000, 20000.0000, 0.0000, 'ASM', 'ASEM', ''),
(197, 90, 13, 1.0000, 34000.0000, 34000.0000, '0', 0.0000, 0, 0.0000, 34000.0000, 34000.0000, 0.0000, 'JHG', 'JAHE GAJAH', ''),
(198, 90, 19, 1.0000, 10000.0000, 10000.0000, '0', 0.0000, 0, 0.0000, 10000.0000, 10000.0000, 0.0000, 'LJ', 'LAJA', ''),
(199, 90, 21, 1.0000, 33000.0000, 33000.0000, '0', 0.0000, 0, 0.0000, 33000.0000, 33000.0000, 0.0000, 'KCR', 'KENCUR', ''),
(200, 90, 30, 1.0000, 14000.0000, 14000.0000, '0', 0.0000, 0, 0.0000, 14000.0000, 14000.0000, 0.0000, 'DAUNTKL', 'DAUN TANGKIL', ''),
(201, 91, 9, 3.0000, 10000.0000, 10000.0000, '0', 0.0000, 0, 0.0000, 30000.0000, 10000.0000, 0.0000, 'TKL1', 'tangkil', ''),
(202, 91, 13, 4.0000, 34000.0000, 34000.0000, '0', 0.0000, 0, 0.0000, 136000.0000, 34000.0000, 0.0000, 'JHG', 'JAHE GAJAH', ''),
(203, 91, 16, 5.0000, 7000.0000, 7000.0000, '0', 0.0000, 0, 0.0000, 35000.0000, 7000.0000, 0.0000, 'KNYT', 'KUNYIT', ''),
(204, 91, 19, 4.0000, 10000.0000, 10000.0000, '0', 0.0000, 0, 0.0000, 40000.0000, 10000.0000, 0.0000, 'LJ', 'LAJA', ''),
(205, 91, 21, 2.0000, 32000.0000, 32000.0000, '0', 0.0000, 0, 0.0000, 64000.0000, 32000.0000, 0.0000, 'KCR', 'KENCUR', ''),
(206, 91, 30, 2.0000, 13000.0000, 13000.0000, '0', 0.0000, 0, 0.0000, 26000.0000, 13000.0000, 0.0000, 'DAUNTKL', 'DAUN TANGKIL', ''),
(207, 92, 9, 1.0000, 10000.0000, 10000.0000, '0', 0.0000, 0, 0.0000, 10000.0000, 10000.0000, 0.0000, 'TKL1', 'tangkil', ''),
(208, 92, 10, 5.0000, 2000.0000, 2000.0000, '0', 0.0000, 0, 0.0000, 10000.0000, 2000.0000, 0.0000, 'DJ', 'Daun Jeruk', ''),
(209, 92, 12, 1.0000, 20000.0000, 20000.0000, '0', 0.0000, 0, 0.0000, 20000.0000, 20000.0000, 0.0000, 'ASM', 'ASEM', ''),
(210, 92, 13, 3.0000, 33000.0000, 33000.0000, '0', 0.0000, 0, 0.0000, 99000.0000, 33000.0000, 0.0000, 'JHG', 'JAHE GAJAH', ''),
(211, 92, 16, 3.0000, 7000.0000, 7000.0000, '0', 0.0000, 0, 0.0000, 21000.0000, 7000.0000, 0.0000, 'KNYT', 'KUNYIT', ''),
(212, 92, 19, 3.0000, 10000.0000, 10000.0000, '0', 0.0000, 0, 0.0000, 30000.0000, 10000.0000, 0.0000, 'LJ', 'LAJA', ''),
(213, 92, 21, 1.0000, 33000.0000, 33000.0000, '0', 0.0000, 0, 0.0000, 33000.0000, 33000.0000, 0.0000, 'KCR', 'KENCUR', ''),
(214, 93, 19, 2.0000, 10000.0000, 10000.0000, '0', 0.0000, 0, 0.0000, 20000.0000, 10000.0000, 0.0000, 'LJ', 'LAJA', ''),
(215, 94, 9, 1.0000, 10000.0000, 10000.0000, '0', 0.0000, 0, 0.0000, 10000.0000, 10000.0000, 0.0000, 'TKL1', 'tangkil', ''),
(216, 94, 12, 1.0000, 19000.0000, 19000.0000, '0', 0.0000, 0, 0.0000, 19000.0000, 19000.0000, 0.0000, 'ASM', 'ASEM', ''),
(217, 94, 30, 1.0000, 14000.0000, 14000.0000, '0', 0.0000, 0, 0.0000, 14000.0000, 14000.0000, 0.0000, 'DAUNTKL', 'DAUN TANGKIL', ''),
(218, 95, 23, 1.0000, 5000.0000, 5000.0000, '0', 0.0000, 0, 0.0000, 5000.0000, 5000.0000, 0.0000, 'SLM', 'DAUN SALAM', ''),
(219, 95, 27, 5.0000, 11000.0000, 11000.0000, '0', 0.0000, 0, 0.0000, 55000.0000, 11000.0000, 0.0000, 'JRKLMN', 'JERUK LEMON', ''),
(220, 96, 20, 1.0000, 20000.0000, 20000.0000, '0', 0.0000, 0, 0.0000, 20000.0000, 20000.0000, 0.0000, 'PCNG', 'PICUNG', ''),
(221, 96, 22, 4.0000, 5000.0000, 5000.0000, '0', 0.0000, 0, 0.0000, 20000.0000, 5000.0000, 0.0000, 'SRH', 'SEREH', ''),
(222, 96, 23, 1.0000, 5000.0000, 5000.0000, '0', 0.0000, 0, 0.0000, 5000.0000, 5000.0000, 0.0000, 'SLM', 'DAUN SALAM', ''),
(223, 96, 30, 1.0000, 14000.0000, 14000.0000, '0', 0.0000, 0, 0.0000, 14000.0000, 14000.0000, 0.0000, 'DAUNTKL', 'DAUN TANGKIL', ''),
(224, 97, 28, 2.0000, 27000.0000, 27000.0000, '0', 0.0000, 0, 0.0000, 54000.0000, 27000.0000, 0.0000, 'JRKLIMO', 'JERUK LIMO', ''),
(225, 98, 10, 5.0000, 2000.0000, 2000.0000, '0', 0.0000, 0, 0.0000, 10000.0000, 2000.0000, 0.0000, 'DJ', 'Daun Jeruk', ''),
(226, 98, 22, 2.0000, 5000.0000, 5000.0000, '0', 0.0000, 0, 0.0000, 10000.0000, 5000.0000, 0.0000, 'SRH', 'SEREH', ''),
(227, 99, 20, 2.0000, 17000.0000, 17000.0000, '0', 0.0000, 0, 0.0000, 34000.0000, 17000.0000, 0.0000, 'PCNG', 'PICUNG', ''),
(228, 100, 20, 2.0000, 20000.0000, 20000.0000, '0', 0.0000, 0, 0.0000, 40000.0000, 20000.0000, 0.0000, 'PCNG', 'PICUNG', ''),
(229, 101, 10, 10.0000, 2000.0000, 2000.0000, '0', 0.0000, 0, 0.0000, 20000.0000, 2000.0000, 0.0000, 'DJ', 'Daun Jeruk', ''),
(230, 101, 30, 2.0000, 12500.0000, 12500.0000, '0', 0.0000, 0, 0.0000, 25000.0000, 12500.0000, 0.0000, 'DAUNTKL', 'DAUN TANGKIL', ''),
(231, 102, 10, 5.0000, 2000.0000, 2000.0000, '0', 0.0000, 0, 0.0000, 10000.0000, 2000.0000, 0.0000, 'DJ', 'Daun Jeruk', ''),
(232, 103, 12, 4.0000, 19000.0000, 19000.0000, '0', 0.0000, 0, 0.0000, 76000.0000, 19000.0000, 0.0000, 'ASM', 'ASEM', ''),
(233, 103, 13, 3.0000, 34000.0000, 34000.0000, '0', 0.0000, 0, 0.0000, 102000.0000, 34000.0000, 0.0000, 'JHG', 'JAHE GAJAH', ''),
(234, 103, 15, 1.0000, 45000.0000, 45000.0000, '0', 0.0000, 0, 0.0000, 45000.0000, 45000.0000, 0.0000, 'JHEMPRT', 'JAHE EMPRIT', ''),
(235, 103, 16, 5.0000, 6000.0000, 6000.0000, '0', 0.0000, 0, 0.0000, 30000.0000, 6000.0000, 0.0000, 'KNYT', 'KUNYIT', ''),
(236, 103, 19, 4.0000, 10000.0000, 10000.0000, '0', 0.0000, 0, 0.0000, 40000.0000, 10000.0000, 0.0000, 'LJ', 'LAJA', ''),
(237, 103, 22, 3.0000, 5000.0000, 5000.0000, '0', 0.0000, 0, 0.0000, 15000.0000, 5000.0000, 0.0000, 'SRH', 'SEREH', ''),
(238, 103, 23, 1.0000, 5000.0000, 5000.0000, '0', 0.0000, 0, 0.0000, 5000.0000, 5000.0000, 0.0000, 'SLM', 'DAUN SALAM', ''),
(239, 103, 27, 3.0000, 12000.0000, 12000.0000, '0', 0.0000, 0, 0.0000, 36000.0000, 12000.0000, 0.0000, 'JRKLMN', 'JERUK LEMON', ''),
(240, 103, 28, 2.0000, 27500.0000, 27500.0000, '0', 0.0000, 0, 0.0000, 55000.0000, 27500.0000, 0.0000, 'JRKLIMO', 'JERUK LIMO', ''),
(241, 104, 12, 1.0000, 18000.0000, 18000.0000, '0', 0.0000, 0, 0.0000, 18000.0000, 18000.0000, 0.0000, 'ASM', 'ASEM', ''),
(242, 104, 13, 1.0000, 34000.0000, 34000.0000, '0', 0.0000, 0, 0.0000, 34000.0000, 34000.0000, 0.0000, 'JHG', 'JAHE GAJAH', ''),
(243, 104, 16, 1.0000, 7000.0000, 7000.0000, '0', 0.0000, 0, 0.0000, 7000.0000, 7000.0000, 0.0000, 'KNYT', 'KUNYIT', ''),
(244, 104, 19, 1.0000, 10000.0000, 10000.0000, '0', 0.0000, 0, 0.0000, 10000.0000, 10000.0000, 0.0000, 'LJ', 'LAJA', ''),
(245, 104, 22, 2.0000, 6000.0000, 6000.0000, '0', 0.0000, 0, 0.0000, 12000.0000, 6000.0000, 0.0000, 'SRH', 'SEREH', ''),
(246, 104, 23, 1.0000, 5000.0000, 5000.0000, '0', 0.0000, 0, 0.0000, 5000.0000, 5000.0000, 0.0000, 'SLM', 'DAUN SALAM', ''),
(247, 105, 10, 5.0000, 2000.0000, 2000.0000, '0', 0.0000, 0, 0.0000, 10000.0000, 2000.0000, 0.0000, 'DJ', 'Daun Jeruk', ''),
(248, 106, 9, 2.0000, 10000.0000, 10000.0000, '0', 0.0000, 0, 0.0000, 20000.0000, 10000.0000, 0.0000, 'TKL1', 'tangkil', ''),
(249, 106, 13, 2.0000, 33000.0000, 33000.0000, '0', 0.0000, 0, 0.0000, 66000.0000, 33000.0000, 0.0000, 'JHG', 'JAHE GAJAH', ''),
(250, 106, 16, 5.0000, 7000.0000, 7000.0000, '0', 0.0000, 0, 0.0000, 35000.0000, 7000.0000, 0.0000, 'KNYT', 'KUNYIT', ''),
(251, 106, 17, 5.0000, 7000.0000, 7000.0000, '0', 0.0000, 0, 0.0000, 35000.0000, 7000.0000, 0.0000, 'KK', 'BIANG KUNYIT', ''),
(252, 106, 21, 2.0000, 32000.0000, 32000.0000, '0', 0.0000, 0, 0.0000, 64000.0000, 32000.0000, 0.0000, 'KCR', 'KENCUR', ''),
(253, 106, 26, 2.0000, 11000.0000, 11000.0000, '0', 0.0000, 0, 0.0000, 22000.0000, 11000.0000, 0.0000, 'JRKNPS', 'JERUK NIPIS', ''),
(254, 106, 30, 4.0000, 12500.0000, 12500.0000, '0', 0.0000, 0, 0.0000, 50000.0000, 12500.0000, 0.0000, 'DAUNTKL', 'DAUN TANGKIL', ''),
(255, 107, 13, 1.0000, 35000.0000, 35000.0000, '0', 0.0000, 0, 0.0000, 35000.0000, 35000.0000, 0.0000, 'JHG', 'JAHE GAJAH', ''),
(256, 107, 21, 2.0000, 34000.0000, 34000.0000, '0', 0.0000, 0, 0.0000, 68000.0000, 34000.0000, 0.0000, 'KCR', 'KENCUR', ''),
(257, 108, 27, 2.0000, 12000.0000, 12000.0000, '0', 0.0000, 0, 0.0000, 24000.0000, 12000.0000, 0.0000, 'JRKLMN', 'JERUK LEMON', ''),
(258, 109, 10, 5.0000, 2000.0000, 2000.0000, '0', 0.0000, 0, 0.0000, 10000.0000, 2000.0000, 0.0000, 'DJ', 'Daun Jeruk', ''),
(259, 110, 9, 2.0000, 10000.0000, 10000.0000, '0', 0.0000, 0, 0.0000, 20000.0000, 10000.0000, 0.0000, 'TKL1', 'tangkil', ''),
(260, 110, 30, 1.0000, 15000.0000, 15000.0000, '0', 0.0000, 0, 0.0000, 15000.0000, 15000.0000, 0.0000, 'DAUNTKL', 'DAUN TANGKIL', ''),
(261, 111, 10, 5.0000, 2000.0000, 2000.0000, '0', 0.0000, 0, 0.0000, 10000.0000, 2000.0000, 0.0000, 'DJ', 'Daun Jeruk', ''),
(262, 111, 22, 1.0000, 5000.0000, 5000.0000, '0', 0.0000, 0, 0.0000, 5000.0000, 5000.0000, 0.0000, 'SRH', 'SEREH', ''),
(263, 111, 23, 1.0000, 5000.0000, 5000.0000, '0', 0.0000, 0, 0.0000, 5000.0000, 5000.0000, 0.0000, 'SLM', 'DAUN SALAM', ''),
(264, 111, 26, 1.0000, 12000.0000, 12000.0000, '0', 0.0000, 0, 0.0000, 12000.0000, 12000.0000, 0.0000, 'JRKNPS', 'JERUK NIPIS', ''),
(265, 112, 23, 2.0000, 5000.0000, 5000.0000, '0', 0.0000, 0, 0.0000, 10000.0000, 5000.0000, 0.0000, 'SLM', 'DAUN SALAM', ''),
(266, 112, 30, 1.0000, 14000.0000, 14000.0000, '0', 0.0000, 0, 0.0000, 14000.0000, 14000.0000, 0.0000, 'DAUNTKL', 'DAUN TANGKIL', ''),
(267, 113, 30, 1.0000, 15000.0000, 15000.0000, '0', 0.0000, 0, 0.0000, 15000.0000, 15000.0000, 0.0000, 'DAUNTKL', 'DAUN TANGKIL', ''),
(268, 114, 19, 2.0000, 10000.0000, 10000.0000, '0', 0.0000, 0, 0.0000, 20000.0000, 10000.0000, 0.0000, 'LJ', 'LAJA', ''),
(269, 115, 23, 2.0000, 5000.0000, 5000.0000, '0', 0.0000, 0, 0.0000, 10000.0000, 5000.0000, 0.0000, 'SLM', 'DAUN SALAM', ''),
(270, 116, 10, 10.0000, 2000.0000, 2000.0000, '0', 0.0000, 0, 0.0000, 20000.0000, 2000.0000, 0.0000, 'DJ', 'Daun Jeruk', ''),
(271, 116, 28, 1.0000, 30000.0000, 30000.0000, '0', 0.0000, 0, 0.0000, 30000.0000, 30000.0000, 0.0000, 'JRKLIMO', 'JERUK LIMO', ''),
(272, 117, 13, 1.0000, 35000.0000, 35000.0000, '0', 0.0000, 0, 0.0000, 35000.0000, 35000.0000, 0.0000, 'JHG', 'JAHE GAJAH', ''),
(273, 117, 19, 1.0000, 10000.0000, 10000.0000, '0', 0.0000, 0, 0.0000, 10000.0000, 10000.0000, 0.0000, 'LJ', 'LAJA', ''),
(274, 118, 9, 2.0000, 10000.0000, 10000.0000, '0', 0.0000, 0, 0.0000, 20000.0000, 10000.0000, 0.0000, 'TKL1', 'tangkil', ''),
(275, 118, 21, 1.0000, 32000.0000, 32000.0000, '0', 0.0000, 0, 0.0000, 32000.0000, 32000.0000, 0.0000, 'KCR', 'KENCUR', ''),
(276, 118, 30, 1.0000, 14000.0000, 14000.0000, '0', 0.0000, 0, 0.0000, 14000.0000, 14000.0000, 0.0000, 'DAUNTKL', 'DAUN TANGKIL', ''),
(277, 119, 13, 2.0000, 33000.0000, 33000.0000, '0', 0.0000, 0, 0.0000, 66000.0000, 33000.0000, 0.0000, 'JHG', 'JAHE GAJAH', ''),
(278, 119, 21, 3.0000, 32000.0000, 32000.0000, '0', 0.0000, 0, 0.0000, 96000.0000, 32000.0000, 0.0000, 'KCR', 'KENCUR', ''),
(279, 119, 22, 2.0000, 5000.0000, 5000.0000, '0', 0.0000, 0, 0.0000, 10000.0000, 5000.0000, 0.0000, 'SRH', 'SEREH', ''),
(280, 119, 23, 1.0000, 5000.0000, 5000.0000, '0', 0.0000, 0, 0.0000, 5000.0000, 5000.0000, 0.0000, 'SLM', 'DAUN SALAM', ''),
(281, 120, 20, 3.0000, 20000.0000, 20000.0000, '0', 0.0000, 0, 0.0000, 60000.0000, 20000.0000, 0.0000, 'PCNG', 'PICUNG', ''),
(282, 121, 19, 2.0000, 10000.0000, 10000.0000, '0', 0.0000, 0, 0.0000, 20000.0000, 10000.0000, 0.0000, 'LJ', 'LAJA', ''),
(283, 122, 10, 20.0000, 2000.0000, 2000.0000, '0', 0.0000, 0, 0.0000, 40000.0000, 2000.0000, 0.0000, 'DJ', 'Daun Jeruk', ''),
(284, 122, 13, 15.0000, 33000.0000, 33000.0000, '0', 0.0000, 0, 0.0000, 495000.0000, 33000.0000, 0.0000, 'JHG', 'JAHE GAJAH', ''),
(285, 122, 16, 10.0000, 6000.0000, 6000.0000, '0', 0.0000, 0, 0.0000, 60000.0000, 6000.0000, 0.0000, 'KNYT', 'KUNYIT', ''),
(286, 122, 19, 15.0000, 8500.0000, 8500.0000, '0', 0.0000, 0, 0.0000, 127500.0000, 8500.0000, 0.0000, 'LJ', 'LAJA', ''),
(287, 122, 21, 5.0000, 35000.0000, 35000.0000, '0', 0.0000, 0, 0.0000, 175000.0000, 35000.0000, 0.0000, 'KCR', 'KENCUR', ''),
(288, 122, 27, 10.0000, 12000.0000, 12000.0000, '0', 0.0000, 0, 0.0000, 120000.0000, 12000.0000, 0.0000, 'JRKLMN', 'JERUK LEMON', ''),
(289, 122, 28, 5.0000, 25000.0000, 25000.0000, '0', 0.0000, 0, 0.0000, 125000.0000, 25000.0000, 0.0000, 'JRKLIMO', 'JERUK LIMO', ''),
(290, 122, 30, 2.0000, 12000.0000, 12000.0000, '0', 0.0000, 0, 0.0000, 24000.0000, 12000.0000, 0.0000, 'DAUNTKL', 'DAUN TANGKIL', ''),
(291, 123, 9, 1.0000, 10000.0000, 10000.0000, '0', 0.0000, 0, 0.0000, 10000.0000, 10000.0000, 0.0000, 'TKL1', 'tangkil', ''),
(292, 123, 13, 1.0000, 35000.0000, 35000.0000, '0', 0.0000, 0, 0.0000, 35000.0000, 35000.0000, 0.0000, 'JHG', 'JAHE GAJAH', ''),
(293, 123, 19, 1.0000, 10000.0000, 10000.0000, '0', 0.0000, 0, 0.0000, 10000.0000, 10000.0000, 0.0000, 'LJ', 'LAJA', ''),
(294, 123, 30, 1.0000, 14000.0000, 14000.0000, '0', 0.0000, 0, 0.0000, 14000.0000, 14000.0000, 0.0000, 'DAUNTKL', 'DAUN TANGKIL', ''),
(295, 124, 9, 1.0000, 10000.0000, 10000.0000, '0', 0.0000, 0, 0.0000, 10000.0000, 10000.0000, 0.0000, 'TKL1', 'tangkil', ''),
(296, 124, 30, 1.0000, 12000.0000, 12000.0000, '0', 0.0000, 0, 0.0000, 12000.0000, 12000.0000, 0.0000, 'DAUNTKL', 'DAUN TANGKIL', ''),
(297, 125, 30, 5.0000, 12000.0000, 12000.0000, '0', 0.0000, 0, 0.0000, 60000.0000, 12000.0000, 0.0000, 'DAUNTKL', 'DAUN TANGKIL', ''),
(298, 126, 28, 5.0000, 25000.0000, 25000.0000, '0', 0.0000, 0, 0.0000, 125000.0000, 25000.0000, 0.0000, 'JRKLIMO', 'JERUK LIMO', ''),
(299, 127, 10, 5.0000, 2000.0000, 2000.0000, '0', 0.0000, 0, 0.0000, 10000.0000, 2000.0000, 0.0000, 'DJ', 'Daun Jeruk', ''),
(300, 127, 13, 1.0000, 33000.0000, 33000.0000, '0', 0.0000, 0, 0.0000, 33000.0000, 33000.0000, 0.0000, 'JHG', 'JAHE GAJAH', ''),
(301, 127, 16, 3.0000, 7000.0000, 7000.0000, '0', 0.0000, 0, 0.0000, 21000.0000, 7000.0000, 0.0000, 'KNYT', 'KUNYIT', ''),
(302, 127, 19, 2.0000, 10000.0000, 10000.0000, '0', 0.0000, 0, 0.0000, 20000.0000, 10000.0000, 0.0000, 'LJ', 'LAJA', ''),
(303, 127, 21, 2.0000, 32000.0000, 32000.0000, '0', 0.0000, 0, 0.0000, 64000.0000, 32000.0000, 0.0000, 'KCR', 'KENCUR', ''),
(304, 127, 22, 2.0000, 5000.0000, 5000.0000, '0', 0.0000, 0, 0.0000, 10000.0000, 5000.0000, 0.0000, 'SRH', 'SEREH', ''),
(305, 128, 10, 5.0000, 2000.0000, 2000.0000, '0', 0.0000, 0, 0.0000, 10000.0000, 2000.0000, 0.0000, 'DJ', 'Daun Jeruk', ''),
(306, 128, 13, 1.0000, 33000.0000, 33000.0000, '0', 0.0000, 0, 0.0000, 33000.0000, 33000.0000, 0.0000, 'JHG', 'JAHE GAJAH', ''),
(307, 128, 16, 3.0000, 7000.0000, 7000.0000, '0', 0.0000, 0, 0.0000, 21000.0000, 7000.0000, 0.0000, 'KNYT', 'KUNYIT', ''),
(308, 128, 19, 2.0000, 10000.0000, 10000.0000, '0', 0.0000, 0, 0.0000, 20000.0000, 10000.0000, 0.0000, 'LJ', 'LAJA', ''),
(309, 128, 21, 2.0000, 32000.0000, 32000.0000, '0', 0.0000, 0, 0.0000, 64000.0000, 32000.0000, 0.0000, 'KCR', 'KENCUR', ''),
(310, 128, 22, 2.0000, 5000.0000, 5000.0000, '0', 0.0000, 0, 0.0000, 10000.0000, 5000.0000, 0.0000, 'SRH', 'SEREH', ''),
(311, 129, 9, 2.0000, 10000.0000, 10000.0000, '0', 0.0000, 0, 0.0000, 20000.0000, 10000.0000, 0.0000, 'TKL1', 'tangkil', ''),
(312, 129, 30, 2.0000, 14000.0000, 14000.0000, '0', 0.0000, 0, 0.0000, 28000.0000, 14000.0000, 0.0000, 'DAUNTKL', 'DAUN TANGKIL', ''),
(313, 130, 9, 1.0000, 10000.0000, 10000.0000, '0', 0.0000, 0, 0.0000, 10000.0000, 10000.0000, 0.0000, 'TKL1', 'tangkil', ''),
(314, 130, 24, 2.0000, 10000.0000, 10000.0000, '0', 0.0000, 0, 0.0000, 20000.0000, 10000.0000, 0.0000, 'TMK', 'TEMU KUNCI', ''),
(315, 131, 9, 1.0000, 10000.0000, 10000.0000, '0', 0.0000, 0, 0.0000, 10000.0000, 10000.0000, 0.0000, 'TKL1', 'tangkil', ''),
(316, 131, 19, 1.0000, 10000.0000, 10000.0000, '0', 0.0000, 0, 0.0000, 10000.0000, 10000.0000, 0.0000, 'LJ', 'LAJA', ''),
(317, 131, 22, 1.0000, 5000.0000, 5000.0000, '0', 0.0000, 0, 0.0000, 5000.0000, 5000.0000, 0.0000, 'SRH', 'SEREH', ''),
(318, 132, 10, 5.0000, 2000.0000, 2000.0000, '0', 0.0000, 0, 0.0000, 10000.0000, 2000.0000, 0.0000, 'DJ', 'Daun Jeruk', ''),
(319, 133, 13, 1.0000, 35000.0000, 35000.0000, '0', 0.0000, 0, 0.0000, 35000.0000, 35000.0000, 0.0000, 'JHG', 'JAHE GAJAH', ''),
(320, 133, 16, 1.0000, 7000.0000, 7000.0000, '0', 0.0000, 0, 0.0000, 7000.0000, 7000.0000, 0.0000, 'KNYT', 'KUNYIT', ''),
(321, 133, 21, 1.0000, 33000.0000, 33000.0000, '0', 0.0000, 0, 0.0000, 33000.0000, 33000.0000, 0.0000, 'KCR', 'KENCUR', ''),
(322, 134, 13, 1.0000, 35000.0000, 35000.0000, '0', 0.0000, 0, 0.0000, 35000.0000, 35000.0000, 0.0000, 'JHG', 'JAHE GAJAH', ''),
(323, 134, 19, 1.0000, 10000.0000, 10000.0000, '0', 0.0000, 0, 0.0000, 10000.0000, 10000.0000, 0.0000, 'LJ', 'LAJA', ''),
(324, 135, 13, 5.0000, 35000.0000, 35000.0000, '0', 0.0000, 0, 0.0000, 175000.0000, 35000.0000, 0.0000, 'JHG', 'JAHE GAJAH', ''),
(325, 135, 21, 5.0000, 32000.0000, 32000.0000, '0', 0.0000, 0, 0.0000, 160000.0000, 32000.0000, 0.0000, 'KCR', 'KENCUR', ''),
(326, 136, 9, 4.0000, 10000.0000, 10000.0000, '0', 0.0000, 0, 0.0000, 40000.0000, 10000.0000, 0.0000, 'TKL1', 'tangkil', ''),
(327, 136, 19, 1.0000, 10000.0000, 10000.0000, '0', 0.0000, 0, 0.0000, 10000.0000, 10000.0000, 0.0000, 'LJ', 'LAJA', ''),
(328, 136, 21, 1.0000, 33000.0000, 33000.0000, '0', 0.0000, 0, 0.0000, 33000.0000, 33000.0000, 0.0000, 'KCR', 'KENCUR', ''),
(329, 136, 22, 1.0000, 5000.0000, 5000.0000, '0', 0.0000, 0, 0.0000, 5000.0000, 5000.0000, 0.0000, 'SRH', 'SEREH', ''),
(330, 136, 23, 1.0000, 5000.0000, 5000.0000, '0', 0.0000, 0, 0.0000, 5000.0000, 5000.0000, 0.0000, 'SLM', 'DAUN SALAM', ''),
(331, 137, 13, 2.0000, 33000.0000, 33000.0000, '0', 0.0000, 0, 0.0000, 66000.0000, 33000.0000, 0.0000, 'JHG', 'JAHE GAJAH', ''),
(332, 137, 19, 3.0000, 9000.0000, 9000.0000, '0', 0.0000, 0, 0.0000, 27000.0000, 9000.0000, 0.0000, 'LJ', 'LAJA', ''),
(333, 137, 21, 2.0000, 33000.0000, 33000.0000, '0', 0.0000, 0, 0.0000, 66000.0000, 33000.0000, 0.0000, 'KCR', 'KENCUR', ''),
(334, 138, 9, 2.0000, 10000.0000, 10000.0000, '0', 0.0000, 0, 0.0000, 20000.0000, 10000.0000, 0.0000, 'TKL1', 'tangkil', ''),
(335, 138, 13, 1.0000, 34000.0000, 34000.0000, '0', 0.0000, 0, 0.0000, 34000.0000, 34000.0000, 0.0000, 'JHG', 'JAHE GAJAH', ''),
(336, 138, 19, 3.0000, 9000.0000, 9000.0000, '0', 0.0000, 0, 0.0000, 27000.0000, 9000.0000, 0.0000, 'LJ', 'LAJA', ''),
(337, 138, 21, 1.0000, 33000.0000, 33000.0000, '0', 0.0000, 0, 0.0000, 33000.0000, 33000.0000, 0.0000, 'KCR', 'KENCUR', ''),
(338, 138, 23, 1.0000, 5000.0000, 5000.0000, '0', 0.0000, 0, 0.0000, 5000.0000, 5000.0000, 0.0000, 'SLM', 'DAUN SALAM', ''),
(339, 138, 29, 10.0000, 1500.0000, 1500.0000, '0', 0.0000, 0, 0.0000, 15000.0000, 1500.0000, 0.0000, 'PPY', 'PEPAYA', ''),
(340, 138, 30, 1.0000, 14000.0000, 14000.0000, '0', 0.0000, 0, 0.0000, 14000.0000, 14000.0000, 0.0000, 'DAUNTKL', 'DAUN TANGKIL', ''),
(341, 139, 22, 2.0000, 5000.0000, 5000.0000, '0', 0.0000, 0, 0.0000, 10000.0000, 5000.0000, 0.0000, 'SRH', 'SEREH', ''),
(342, 139, 29, 7.0000, 2000.0000, 2000.0000, '0', 0.0000, 0, 0.0000, 14000.0000, 2000.0000, 0.0000, 'PPY', 'PEPAYA', ''),
(343, 140, 10, 3.0000, 2000.0000, 2000.0000, '0', 0.0000, 0, 0.0000, 6000.0000, 2000.0000, 0.0000, 'DJ', 'Daun Jeruk', ''),
(344, 140, 20, 1.0000, 20000.0000, 20000.0000, '0', 0.0000, 0, 0.0000, 20000.0000, 20000.0000, 0.0000, 'PCNG', 'PICUNG', ''),
(345, 141, 10, 5.0000, 2000.0000, 2000.0000, '0', 0.0000, 0, 0.0000, 10000.0000, 2000.0000, 0.0000, 'DJ', 'Daun Jeruk', ''),
(346, 141, 13, 1.0000, 34000.0000, 34000.0000, '0', 0.0000, 0, 0.0000, 34000.0000, 34000.0000, 0.0000, 'JHG', 'JAHE GAJAH', ''),
(347, 141, 16, 3.0000, 7000.0000, 7000.0000, '0', 0.0000, 0, 0.0000, 21000.0000, 7000.0000, 0.0000, 'KNYT', 'KUNYIT', ''),
(348, 141, 19, 3.0000, 9000.0000, 9000.0000, '0', 0.0000, 0, 0.0000, 27000.0000, 9000.0000, 0.0000, 'LJ', 'LAJA', ''),
(349, 141, 22, 1.0000, 6000.0000, 6000.0000, '0', 0.0000, 0, 0.0000, 6000.0000, 6000.0000, 0.0000, 'SRH', 'SEREH', ''),
(350, 141, 23, 1.0000, 5000.0000, 5000.0000, '0', 0.0000, 0, 0.0000, 5000.0000, 5000.0000, 0.0000, 'SLM', 'DAUN SALAM', ''),
(351, 142, 13, 1.0000, 35000.0000, 35000.0000, '0', 0.0000, 0, 0.0000, 35000.0000, 35000.0000, 0.0000, 'JHG', 'JAHE GAJAH', ''),
(352, 142, 16, 1.0000, 7000.0000, 7000.0000, '0', 0.0000, 0, 0.0000, 7000.0000, 7000.0000, 0.0000, 'KNYT', 'KUNYIT', ''),
(353, 142, 18, 1.0000, 7000.0000, 7000.0000, '0', 0.0000, 0, 0.0000, 7000.0000, 7000.0000, 0.0000, 'TMLWK', 'TEMULAWAK', ''),
(354, 142, 19, 1.0000, 10000.0000, 10000.0000, '0', 0.0000, 0, 0.0000, 10000.0000, 10000.0000, 0.0000, 'LJ', 'LAJA', ''),
(355, 142, 23, 1.0000, 6000.0000, 6000.0000, '0', 0.0000, 0, 0.0000, 6000.0000, 6000.0000, 0.0000, 'SLM', 'DAUN SALAM', ''),
(356, 143, 13, 1.0000, 35000.0000, 35000.0000, '0', 0.0000, 0, 0.0000, 35000.0000, 35000.0000, 0.0000, 'JHG', 'JAHE GAJAH', ''),
(357, 143, 22, 1.0000, 6000.0000, 6000.0000, '0', 0.0000, 0, 0.0000, 6000.0000, 6000.0000, 0.0000, 'SRH', 'SEREH', ''),
(358, 143, 27, 1.0000, 12000.0000, 12000.0000, '0', 0.0000, 0, 0.0000, 12000.0000, 12000.0000, 0.0000, 'JRKLMN', 'JERUK LEMON', ''),
(359, 144, 13, 1.0000, 35000.0000, 35000.0000, '0', 0.0000, 0, 0.0000, 35000.0000, 35000.0000, 0.0000, 'JHG', 'JAHE GAJAH', ''),
(360, 144, 22, 1.0000, 6000.0000, 6000.0000, '0', 0.0000, 0, 0.0000, 6000.0000, 6000.0000, 0.0000, 'SRH', 'SEREH', ''),
(361, 144, 27, 1.0000, 12000.0000, 12000.0000, '0', 0.0000, 0, 0.0000, 12000.0000, 12000.0000, 0.0000, 'JRKLMN', 'JERUK LEMON', ''),
(362, 145, 13, 7.0000, 34000.0000, 34000.0000, '0', 0.0000, 0, 0.0000, 238000.0000, 34000.0000, 0.0000, 'JHG', 'JAHE GAJAH', ''),
(363, 145, 19, 5.0000, 10000.0000, 10000.0000, '0', 0.0000, 0, 0.0000, 50000.0000, 10000.0000, 0.0000, 'LJ', 'LAJA', ''),
(364, 145, 26, 5.0000, 12000.0000, 12000.0000, '0', 0.0000, 0, 0.0000, 60000.0000, 12000.0000, 0.0000, 'JRKNPS', 'JERUK NIPIS', ''),
(365, 145, 27, 3.0000, 12000.0000, 12000.0000, '0', 0.0000, 0, 0.0000, 36000.0000, 12000.0000, 0.0000, 'JRKLMN', 'JERUK LEMON', ''),
(366, 146, 13, 2.0000, 35000.0000, 35000.0000, '0', 0.0000, 0, 0.0000, 70000.0000, 35000.0000, 0.0000, 'JHG', 'JAHE GAJAH', ''),
(367, 146, 16, 4.0000, 7000.0000, 7000.0000, '0', 0.0000, 0, 0.0000, 28000.0000, 7000.0000, 0.0000, 'KNYT', 'KUNYIT', ''),
(368, 146, 19, 2.0000, 10000.0000, 10000.0000, '0', 0.0000, 0, 0.0000, 20000.0000, 10000.0000, 0.0000, 'LJ', 'LAJA', ''),
(369, 146, 21, 1.0000, 32000.0000, 32000.0000, '0', 0.0000, 0, 0.0000, 32000.0000, 32000.0000, 0.0000, 'KCR', 'KENCUR', ''),
(370, 146, 27, 2.0000, 12000.0000, 12000.0000, '0', 0.0000, 0, 0.0000, 24000.0000, 12000.0000, 0.0000, 'JRKLMN', 'JERUK LEMON', ''),
(371, 147, 21, 2.0000, 32500.0000, 32500.0000, '0', 0.0000, 0, 0.0000, 65000.0000, 32500.0000, 0.0000, 'KCR', 'KENCUR', ''),
(372, 148, 19, 5.0000, 8000.0000, 8000.0000, '0', 0.0000, 0, 0.0000, 40000.0000, 8000.0000, 0.0000, 'LJ', 'LAJA', ''),
(373, 149, 9, 3.0000, 10000.0000, 10000.0000, '0', 0.0000, 0, 0.0000, 30000.0000, 10000.0000, 0.0000, 'TKL1', 'tangkil', ''),
(374, 149, 13, 3.0000, 33000.0000, 33000.0000, '0', 0.0000, 0, 0.0000, 99000.0000, 33000.0000, 0.0000, 'JHG', 'JAHE GAJAH', ''),
(375, 149, 16, 5.0000, 7000.0000, 7000.0000, '0', 0.0000, 0, 0.0000, 35000.0000, 7000.0000, 0.0000, 'KNYT', 'KUNYIT', ''),
(376, 150, 29, 5.0000, 2000.0000, 2000.0000, '0', 0.0000, 0, 0.0000, 10000.0000, 2000.0000, 0.0000, 'PPY', 'PEPAYA', ''),
(377, 151, 10, 1.0000, 2000.0000, 2000.0000, '0', 0.0000, 0, 0.0000, 2000.0000, 2000.0000, 0.0000, 'DJ', 'Daun Jeruk', ''),
(378, 151, 13, 5.0000, 30000.0000, 30000.0000, '0', 0.0000, 0, 0.0000, 150000.0000, 30000.0000, 0.0000, 'JHG', 'JAHE GAJAH', ''),
(379, 151, 16, 10.0000, 6000.0000, 6000.0000, '0', 0.0000, 0, 0.0000, 60000.0000, 6000.0000, 0.0000, 'KNYT', 'KUNYIT', ''),
(380, 151, 19, 3.0000, 9000.0000, 9000.0000, '0', 0.0000, 0, 0.0000, 27000.0000, 9000.0000, 0.0000, 'LJ', 'LAJA', ''),
(381, 151, 23, 5.0000, 5000.0000, 5000.0000, '0', 0.0000, 0, 0.0000, 25000.0000, 5000.0000, 0.0000, 'SLM', 'DAUN SALAM', ''),
(382, 151, 27, 5.0000, 11000.0000, 11000.0000, '0', 0.0000, 0, 0.0000, 55000.0000, 11000.0000, 0.0000, 'JRKLMN', 'JERUK LEMON', ''),
(383, 151, 29, 20.0000, 2000.0000, 2000.0000, '0', 0.0000, 0, 0.0000, 40000.0000, 2000.0000, 0.0000, 'PPY', 'PEPAYA', ''),
(384, 152, 13, 3.0000, 35000.0000, 35000.0000, '0', 0.0000, 0, 0.0000, 105000.0000, 35000.0000, 0.0000, 'JHG', 'JAHE GAJAH', ''),
(385, 152, 16, 6.0000, 7000.0000, 7000.0000, '0', 0.0000, 0, 0.0000, 42000.0000, 7000.0000, 0.0000, 'KNYT', 'KUNYIT', ''),
(386, 152, 21, 1.0000, 32000.0000, 32000.0000, '0', 0.0000, 0, 0.0000, 32000.0000, 32000.0000, 0.0000, 'KCR', 'KENCUR', ''),
(387, 153, 13, 2.0000, 34000.0000, 34000.0000, '0', 0.0000, 0, 0.0000, 68000.0000, 34000.0000, 0.0000, 'JHG', 'JAHE GAJAH', ''),
(388, 153, 16, 2.0000, 7000.0000, 7000.0000, '0', 0.0000, 0, 0.0000, 14000.0000, 7000.0000, 0.0000, 'KNYT', 'KUNYIT', ''),
(389, 154, 9, 1.0000, 10000.0000, 10000.0000, '0', 0.0000, 0, 0.0000, 10000.0000, 10000.0000, 0.0000, 'TKL1', 'tangkil', ''),
(390, 154, 13, 1.0000, 30000.0000, 30000.0000, '0', 0.0000, 0, 0.0000, 30000.0000, 30000.0000, 0.0000, 'JHG', 'JAHE GAJAH', ''),
(391, 154, 16, 2.0000, 7000.0000, 7000.0000, '0', 0.0000, 0, 0.0000, 14000.0000, 7000.0000, 0.0000, 'KNYT', 'KUNYIT', ''),
(392, 154, 21, 1.0000, 33000.0000, 33000.0000, '0', 0.0000, 0, 0.0000, 33000.0000, 33000.0000, 0.0000, 'KCR', 'KENCUR', ''),
(393, 155, 13, 3.0000, 35000.0000, 35000.0000, '0', 0.0000, 0, 0.0000, 105000.0000, 35000.0000, 0.0000, 'JHG', 'JAHE GAJAH', ''),
(394, 155, 19, 3.0000, 10000.0000, 10000.0000, '0', 0.0000, 0, 0.0000, 30000.0000, 10000.0000, 0.0000, 'LJ', 'LAJA', ''),
(395, 155, 22, 4.0000, 5000.0000, 5000.0000, '0', 0.0000, 0, 0.0000, 20000.0000, 5000.0000, 0.0000, 'SRH', 'SEREH', ''),
(396, 156, 13, 2.0000, 34000.0000, 34000.0000, '0', 0.0000, 0, 0.0000, 68000.0000, 34000.0000, 0.0000, 'JHG', 'JAHE GAJAH', ''),
(397, 156, 16, 2.0000, 7000.0000, 7000.0000, '0', 0.0000, 0, 0.0000, 14000.0000, 7000.0000, 0.0000, 'KNYT', 'KUNYIT', ''),
(398, 156, 19, 2.0000, 10000.0000, 10000.0000, '0', 0.0000, 0, 0.0000, 20000.0000, 10000.0000, 0.0000, 'LJ', 'LAJA', ''),
(399, 156, 21, 1.0000, 33000.0000, 33000.0000, '0', 0.0000, 0, 0.0000, 33000.0000, 33000.0000, 0.0000, 'KCR', 'KENCUR', ''),
(400, 156, 27, 5.0000, 11000.0000, 11000.0000, '0', 0.0000, 0, 0.0000, 55000.0000, 11000.0000, 0.0000, 'JRKLMN', 'JERUK LEMON', ''),
(401, 157, 9, 3.0000, 10000.0000, 10000.0000, '0', 0.0000, 0, 0.0000, 30000.0000, 10000.0000, 0.0000, 'TKL1', 'tangkil', ''),
(402, 157, 10, 10.0000, 2000.0000, 2000.0000, '0', 0.0000, 0, 0.0000, 20000.0000, 2000.0000, 0.0000, 'DJ', 'Daun Jeruk', ''),
(403, 157, 13, 4.0000, 34000.0000, 34000.0000, '0', 0.0000, 0, 0.0000, 136000.0000, 34000.0000, 0.0000, 'JHG', 'JAHE GAJAH', ''),
(404, 157, 21, 2.0000, 33000.0000, 33000.0000, '0', 0.0000, 0, 0.0000, 66000.0000, 33000.0000, 0.0000, 'KCR', 'KENCUR', ''),
(405, 157, 27, 6.0000, 12000.0000, 12000.0000, '0', 0.0000, 0, 0.0000, 72000.0000, 12000.0000, 0.0000, 'JRKLMN', 'JERUK LEMON', ''),
(406, 158, 9, 1.0000, 10000.0000, 10000.0000, '0', 0.0000, 0, 0.0000, 10000.0000, 10000.0000, 0.0000, 'TKL1', 'tangkil', ''),
(407, 158, 13, 1.0000, 35000.0000, 35000.0000, '0', 0.0000, 0, 0.0000, 35000.0000, 35000.0000, 0.0000, 'JHG', 'JAHE GAJAH', ''),
(408, 158, 19, 1.0000, 10000.0000, 10000.0000, '0', 0.0000, 0, 0.0000, 10000.0000, 10000.0000, 0.0000, 'LJ', 'LAJA', ''),
(409, 159, 27, 2.0000, 12000.0000, 12000.0000, '0', 0.0000, 0, 0.0000, 24000.0000, 12000.0000, 0.0000, 'JRKLMN', 'JERUK LEMON', ''),
(410, 160, 10, 5.0000, 2000.0000, 2000.0000, '0', 0.0000, 0, 0.0000, 10000.0000, 2000.0000, 0.0000, 'DJ', 'Daun Jeruk', ''),
(411, 161, 30, 1.0000, 15000.0000, 15000.0000, '0', 0.0000, 0, 0.0000, 15000.0000, 15000.0000, 0.0000, 'DAUNTKL', 'DAUN TANGKIL', ''),
(412, 162, 30, 1.0000, 15000.0000, 15000.0000, '0', 0.0000, 0, 0.0000, 15000.0000, 15000.0000, 0.0000, 'DAUNTKL', 'DAUN TANGKIL', ''),
(413, 163, 9, 1.0000, 10000.0000, 10000.0000, '0', 0.0000, 0, 0.0000, 10000.0000, 10000.0000, 0.0000, 'TKL1', 'tangkil', ''),
(414, 163, 30, 1.0000, 14000.0000, 14000.0000, '0', 0.0000, 0, 0.0000, 14000.0000, 14000.0000, 0.0000, 'DAUNTKL', 'DAUN TANGKIL', ''),
(415, 164, 30, 3.0000, 15000.0000, 15000.0000, '0', 0.0000, 0, 0.0000, 45000.0000, 15000.0000, 0.0000, 'DAUNTKL', 'DAUN TANGKIL', ''),
(416, 165, 9, 10.0000, 8000.0000, 8000.0000, '0', 0.0000, 0, 0.0000, 80000.0000, 8000.0000, 0.0000, 'TKL1', 'tangkil', ''),
(417, 165, 30, 2.0000, 14000.0000, 14000.0000, '0', 0.0000, 0, 0.0000, 28000.0000, 14000.0000, 0.0000, 'DAUNTKL', 'DAUN TANGKIL', ''),
(418, 166, 9, 1.0000, 10000.0000, 10000.0000, '0', 0.0000, 0, 0.0000, 10000.0000, 10000.0000, 0.0000, 'TKL1', 'tangkil', ''),
(419, 166, 13, 1.0000, 35000.0000, 35000.0000, '0', 0.0000, 0, 0.0000, 35000.0000, 35000.0000, 0.0000, 'JHG', 'JAHE GAJAH', ''),
(420, 166, 20, 1.0000, 20000.0000, 20000.0000, '0', 0.0000, 0, 0.0000, 20000.0000, 20000.0000, 0.0000, 'PCNG', 'PICUNG', ''),
(421, 167, 19, 1.0000, 10000.0000, 10000.0000, '0', 0.0000, 0, 0.0000, 10000.0000, 10000.0000, 0.0000, 'LJ', 'LAJA', ''),
(422, 168, 9, 1.0000, 10000.0000, 10000.0000, '0', 0.0000, 0, 0.0000, 10000.0000, 10000.0000, 0.0000, 'TKL1', 'tangkil', ''),
(423, 168, 22, 1.0000, 6000.0000, 6000.0000, '0', 0.0000, 0, 0.0000, 6000.0000, 6000.0000, 0.0000, 'SRH', 'SEREH', ''),
(424, 168, 29, 1.0000, 2000.0000, 2000.0000, '0', 0.0000, 0, 0.0000, 2000.0000, 2000.0000, 0.0000, 'PPY', 'PEPAYA', ''),
(425, 169, 29, 41.0000, 1700.0000, 1700.0000, '0', 0.0000, 0, 0.0000, 69700.0000, 1700.0000, 0.0000, 'PPY', 'PEPAYA', ''),
(426, 170, 10, 10.0000, 2000.0000, 2000.0000, '0', 0.0000, 0, 0.0000, 20000.0000, 2000.0000, 0.0000, 'DJ', 'Daun Jeruk', ''),
(427, 170, 13, 3.0000, 34000.0000, 34000.0000, '0', 0.0000, 0, 0.0000, 102000.0000, 34000.0000, 0.0000, 'JHG', 'JAHE GAJAH', ''),
(428, 170, 16, 10.0000, 7000.0000, 7000.0000, '0', 0.0000, 0, 0.0000, 70000.0000, 7000.0000, 0.0000, 'KNYT', 'KUNYIT', ''),
(429, 170, 19, 3.0000, 10000.0000, 10000.0000, '0', 0.0000, 0, 0.0000, 30000.0000, 10000.0000, 0.0000, 'LJ', 'LAJA', ''),
(430, 170, 22, 5.0000, 5000.0000, 5000.0000, '0', 0.0000, 0, 0.0000, 25000.0000, 5000.0000, 0.0000, 'SRH', 'SEREH', ''),
(431, 170, 27, 3.0000, 12000.0000, 12000.0000, '0', 0.0000, 0, 0.0000, 36000.0000, 12000.0000, 0.0000, 'JRKLMN', 'JERUK LEMON', ''),
(432, 171, 9, 2.0000, 10000.0000, 10000.0000, '0', 0.0000, 0, 0.0000, 20000.0000, 10000.0000, 0.0000, 'TKL1', 'tangkil', ''),
(433, 171, 12, 2.0000, 17000.0000, 17000.0000, '0', 0.0000, 0, 0.0000, 34000.0000, 17000.0000, 0.0000, 'ASM', 'ASEM', ''),
(434, 171, 16, 2.0000, 7000.0000, 7000.0000, '0', 0.0000, 0, 0.0000, 14000.0000, 7000.0000, 0.0000, 'KNYT', 'KUNYIT', ''),
(435, 171, 19, 8.0000, 8000.0000, 8000.0000, '0', 0.0000, 0, 0.0000, 64000.0000, 8000.0000, 0.0000, 'LJ', 'LAJA', ''),
(436, 171, 21, 1.0000, 33000.0000, 33000.0000, '0', 0.0000, 0, 0.0000, 33000.0000, 33000.0000, 0.0000, 'KCR', 'KENCUR', ''),
(437, 171, 27, 2.0000, 11000.0000, 11000.0000, '0', 0.0000, 0, 0.0000, 22000.0000, 11000.0000, 0.0000, 'JRKLMN', 'JERUK LEMON', ''),
(438, 172, 13, 3.0000, 35000.0000, 35000.0000, '0', 0.0000, 0, 0.0000, 105000.0000, 35000.0000, 0.0000, 'JHG', 'JAHE GAJAH', ''),
(439, 172, 22, 2.0000, 5000.0000, 5000.0000, '0', 0.0000, 0, 0.0000, 10000.0000, 5000.0000, 0.0000, 'SRH', 'SEREH', ''),
(440, 173, 10, 10.0000, 2000.0000, 2000.0000, '0', 0.0000, 0, 0.0000, 20000.0000, 2000.0000, 0.0000, 'DJ', 'Daun Jeruk', ''),
(441, 174, 23, 3.0000, 5000.0000, 5000.0000, '0', 0.0000, 0, 0.0000, 15000.0000, 5000.0000, 0.0000, 'SLM', 'DAUN SALAM', ''),
(442, 174, 30, 1.0000, 15000.0000, 15000.0000, '0', 0.0000, 0, 0.0000, 15000.0000, 15000.0000, 0.0000, 'DAUNTKL', 'DAUN TANGKIL', ''),
(443, 175, 30, 1.0000, 15000.0000, 15000.0000, '0', 0.0000, 0, 0.0000, 15000.0000, 15000.0000, 0.0000, 'DAUNTKL', 'DAUN TANGKIL', ''),
(444, 176, 10, 5.0000, 2000.0000, 2000.0000, '0', 0.0000, 0, 0.0000, 10000.0000, 2000.0000, 0.0000, 'DJ', 'Daun Jeruk', ''),
(445, 176, 13, 1.0000, 35000.0000, 35000.0000, '0', 0.0000, 0, 0.0000, 35000.0000, 35000.0000, 0.0000, 'JHG', 'JAHE GAJAH', ''),
(446, 176, 16, 1.0000, 7000.0000, 7000.0000, '0', 0.0000, 0, 0.0000, 7000.0000, 7000.0000, 0.0000, 'KNYT', 'KUNYIT', '');
INSERT INTO `tec_sale_items` (`id`, `sale_id`, `product_id`, `quantity`, `unit_price`, `net_unit_price`, `discount`, `item_discount`, `tax`, `item_tax`, `subtotal`, `real_unit_price`, `cost`, `product_code`, `product_name`, `comment`) VALUES
(447, 176, 22, 1.0000, 5000.0000, 5000.0000, '0', 0.0000, 0, 0.0000, 5000.0000, 5000.0000, 0.0000, 'SRH', 'SEREH', ''),
(448, 177, 9, 3.0000, 10000.0000, 10000.0000, '0', 0.0000, 0, 0.0000, 30000.0000, 10000.0000, 0.0000, 'TKL1', 'tangkil', ''),
(449, 177, 10, 2.0000, 2000.0000, 2000.0000, '0', 0.0000, 0, 0.0000, 4000.0000, 2000.0000, 0.0000, 'DJ', 'Daun Jeruk', ''),
(450, 177, 12, 2.0000, 17000.0000, 17000.0000, '0', 0.0000, 0, 0.0000, 34000.0000, 17000.0000, 0.0000, 'ASM', 'ASEM', ''),
(451, 177, 13, 1.0000, 34000.0000, 34000.0000, '0', 0.0000, 0, 0.0000, 34000.0000, 34000.0000, 0.0000, 'JHG', 'JAHE GAJAH', ''),
(452, 177, 16, 1.0000, 7000.0000, 7000.0000, '0', 0.0000, 0, 0.0000, 7000.0000, 7000.0000, 0.0000, 'KNYT', 'KUNYIT', ''),
(453, 177, 19, 1.0000, 10000.0000, 10000.0000, '0', 0.0000, 0, 0.0000, 10000.0000, 10000.0000, 0.0000, 'LJ', 'LAJA', ''),
(454, 177, 21, 2.0000, 32000.0000, 32000.0000, '0', 0.0000, 0, 0.0000, 64000.0000, 32000.0000, 0.0000, 'KCR', 'KENCUR', ''),
(455, 177, 23, 1.0000, 5000.0000, 5000.0000, '0', 0.0000, 0, 0.0000, 5000.0000, 5000.0000, 0.0000, 'SLM', 'DAUN SALAM', ''),
(456, 177, 26, 8.0000, 12000.0000, 12000.0000, '0', 0.0000, 0, 0.0000, 96000.0000, 12000.0000, 0.0000, 'JRKNPS', 'JERUK NIPIS', ''),
(457, 178, 9, 1.0000, 10000.0000, 10000.0000, '0', 0.0000, 0, 0.0000, 10000.0000, 10000.0000, 0.0000, 'TKL1', 'tangkil', ''),
(458, 178, 10, 5.0000, 2000.0000, 2000.0000, '0', 0.0000, 0, 0.0000, 10000.0000, 2000.0000, 0.0000, 'DJ', 'Daun Jeruk', ''),
(459, 178, 13, 3.0000, 33000.0000, 33000.0000, '0', 0.0000, 0, 0.0000, 99000.0000, 33000.0000, 0.0000, 'JHG', 'JAHE GAJAH', ''),
(460, 178, 19, 5.0000, 10000.0000, 10000.0000, '0', 0.0000, 0, 0.0000, 50000.0000, 10000.0000, 0.0000, 'LJ', 'LAJA', ''),
(461, 178, 26, 6.0000, 12000.0000, 12000.0000, '0', 0.0000, 0, 0.0000, 72000.0000, 12000.0000, 0.0000, 'JRKNPS', 'JERUK NIPIS', ''),
(462, 178, 27, 5.0000, 12000.0000, 12000.0000, '0', 0.0000, 0, 0.0000, 60000.0000, 12000.0000, 0.0000, 'JRKLMN', 'JERUK LEMON', ''),
(463, 178, 28, 2.0000, 30000.0000, 30000.0000, '0', 0.0000, 0, 0.0000, 60000.0000, 30000.0000, 0.0000, 'JRKLIMO', 'JERUK LIMO', ''),
(464, 179, 9, 3.0000, 10000.0000, 10000.0000, '0', 0.0000, 0, 0.0000, 30000.0000, 10000.0000, 0.0000, 'TKL1', 'tangkil', ''),
(465, 179, 10, 5.0000, 2000.0000, 2000.0000, '0', 0.0000, 0, 0.0000, 10000.0000, 2000.0000, 0.0000, 'DJ', 'Daun Jeruk', ''),
(466, 179, 12, 5.0000, 18000.0000, 18000.0000, '0', 0.0000, 0, 0.0000, 90000.0000, 18000.0000, 0.0000, 'ASM', 'ASEM', ''),
(467, 179, 13, 2.0000, 33000.0000, 33000.0000, '0', 0.0000, 0, 0.0000, 66000.0000, 33000.0000, 0.0000, 'JHG', 'JAHE GAJAH', ''),
(468, 179, 16, 2.0000, 5000.0000, 5000.0000, '0', 0.0000, 0, 0.0000, 10000.0000, 5000.0000, 0.0000, 'KNYT', 'KUNYIT', ''),
(469, 179, 19, 2.0000, 8000.0000, 8000.0000, '0', 0.0000, 0, 0.0000, 16000.0000, 8000.0000, 0.0000, 'LJ', 'LAJA', ''),
(470, 179, 21, 1.0000, 32000.0000, 32000.0000, '0', 0.0000, 0, 0.0000, 32000.0000, 32000.0000, 0.0000, 'KCR', 'KENCUR', ''),
(471, 179, 22, 2.0000, 4000.0000, 4000.0000, '0', 0.0000, 0, 0.0000, 8000.0000, 4000.0000, 0.0000, 'SRH', 'SEREH', ''),
(472, 179, 23, 1.0000, 4000.0000, 4000.0000, '0', 0.0000, 0, 0.0000, 4000.0000, 4000.0000, 0.0000, 'SLM', 'DAUN SALAM', ''),
(473, 179, 30, 1.0000, 12.0000, 12.0000, '0', 0.0000, 0, 0.0000, 12.0000, 12.0000, 0.0000, 'DAUNTKL', 'DAUN TANGKIL', ''),
(474, 180, 12, 1.0000, 20000.0000, 20000.0000, '0', 0.0000, 0, 0.0000, 20000.0000, 20000.0000, 0.0000, 'ASM', 'ASEM', ''),
(475, 180, 17, 5.0000, 7000.0000, 7000.0000, '0', 0.0000, 0, 0.0000, 35000.0000, 7000.0000, 0.0000, 'KK', 'BIANG KUNYIT', ''),
(476, 180, 23, 2.0000, 5000.0000, 5000.0000, '0', 0.0000, 0, 0.0000, 10000.0000, 5000.0000, 0.0000, 'SLM', 'DAUN SALAM', ''),
(477, 181, 10, 10.0000, 2000.0000, 2000.0000, '0', 0.0000, 0, 0.0000, 20000.0000, 2000.0000, 0.0000, 'DJ', 'Daun Jeruk', ''),
(478, 181, 13, 7.0000, 33000.0000, 33000.0000, '0', 0.0000, 0, 0.0000, 231000.0000, 33000.0000, 0.0000, 'JHG', 'JAHE GAJAH', ''),
(479, 181, 16, 5.0000, 7000.0000, 7000.0000, '0', 0.0000, 0, 0.0000, 35000.0000, 7000.0000, 0.0000, 'KNYT', 'KUNYIT', ''),
(480, 181, 19, 5.0000, 10000.0000, 10000.0000, '0', 0.0000, 0, 0.0000, 50000.0000, 10000.0000, 0.0000, 'LJ', 'LAJA', ''),
(481, 181, 21, 2.0000, 32000.0000, 32000.0000, '0', 0.0000, 0, 0.0000, 64000.0000, 32000.0000, 0.0000, 'KCR', 'KENCUR', ''),
(482, 181, 22, 10.0000, 5000.0000, 5000.0000, '0', 0.0000, 0, 0.0000, 50000.0000, 5000.0000, 0.0000, 'SRH', 'SEREH', ''),
(483, 181, 23, 1.0000, 5000.0000, 5000.0000, '0', 0.0000, 0, 0.0000, 5000.0000, 5000.0000, 0.0000, 'SLM', 'DAUN SALAM', ''),
(484, 181, 26, 7.0000, 12000.0000, 12000.0000, '0', 0.0000, 0, 0.0000, 84000.0000, 12000.0000, 0.0000, 'JRKNPS', 'JERUK NIPIS', ''),
(485, 181, 27, 5.0000, 12000.0000, 12000.0000, '0', 0.0000, 0, 0.0000, 60000.0000, 12000.0000, 0.0000, 'JRKLMN', 'JERUK LEMON', ''),
(486, 182, 22, 1.0000, 6000.0000, 6000.0000, '0', 0.0000, 0, 0.0000, 6000.0000, 6000.0000, 0.0000, 'SRH', 'SEREH', ''),
(487, 183, 9, 3.0000, 9000.0000, 9000.0000, '0', 0.0000, 0, 0.0000, 27000.0000, 9000.0000, 0.0000, 'TKL1', 'tangkil', ''),
(488, 183, 10, 10.0000, 2000.0000, 2000.0000, '0', 0.0000, 0, 0.0000, 20000.0000, 2000.0000, 0.0000, 'DJ', 'Daun Jeruk', ''),
(489, 183, 13, 5.0000, 30000.0000, 30000.0000, '0', 0.0000, 0, 0.0000, 150000.0000, 30000.0000, 0.0000, 'JHG', 'JAHE GAJAH', ''),
(490, 183, 16, 9.0000, 4000.0000, 4000.0000, '0', 0.0000, 0, 0.0000, 36000.0000, 4000.0000, 0.0000, 'KNYT', 'KUNYIT', ''),
(491, 183, 19, 15.0000, 8000.0000, 8000.0000, '0', 0.0000, 0, 0.0000, 120000.0000, 8000.0000, 0.0000, 'LJ', 'LAJA', ''),
(492, 183, 21, 4.0000, 25000.0000, 25000.0000, '0', 0.0000, 0, 0.0000, 100000.0000, 25000.0000, 0.0000, 'KCR', 'KENCUR', ''),
(493, 183, 22, 10.0000, 4000.0000, 4000.0000, '0', 0.0000, 0, 0.0000, 40000.0000, 4000.0000, 0.0000, 'SRH', 'SEREH', ''),
(494, 183, 23, 2.0000, 4000.0000, 4000.0000, '0', 0.0000, 0, 0.0000, 8000.0000, 4000.0000, 0.0000, 'SLM', 'DAUN SALAM', ''),
(495, 183, 26, 5.0000, 7000.0000, 7000.0000, '0', 0.0000, 0, 0.0000, 35000.0000, 7000.0000, 0.0000, 'JRKNPS', 'JERUK NIPIS', ''),
(496, 183, 30, 3.0000, 12000.0000, 12000.0000, '0', 0.0000, 0, 0.0000, 36000.0000, 12000.0000, 0.0000, 'DAUNTKL', 'DAUN TANGKIL', ''),
(497, 184, 13, 1.0000, 35000.0000, 35000.0000, '0', 0.0000, 0, 0.0000, 35000.0000, 35000.0000, 0.0000, 'JHG', 'JAHE GAJAH', ''),
(498, 184, 16, 1.0000, 7000.0000, 7000.0000, '0', 0.0000, 0, 0.0000, 7000.0000, 7000.0000, 0.0000, 'KNYT', 'KUNYIT', ''),
(499, 184, 19, 1.0000, 10000.0000, 10000.0000, '0', 0.0000, 0, 0.0000, 10000.0000, 10000.0000, 0.0000, 'LJ', 'LAJA', ''),
(500, 185, 9, 10.0000, 8000.0000, 8000.0000, '0', 0.0000, 0, 0.0000, 80000.0000, 8000.0000, 0.0000, 'TKL1', 'tangkil', ''),
(501, 185, 12, 20.0000, 17000.0000, 17000.0000, '0', 0.0000, 0, 0.0000, 340000.0000, 17000.0000, 0.0000, 'ASM', 'ASEM', ''),
(502, 185, 13, 10.0000, 32000.0000, 32000.0000, '0', 0.0000, 0, 0.0000, 320000.0000, 32000.0000, 0.0000, 'JHG', 'JAHE GAJAH', ''),
(503, 185, 16, 15.0000, 6000.0000, 6000.0000, '0', 0.0000, 0, 0.0000, 90000.0000, 6000.0000, 0.0000, 'KNYT', 'KUNYIT', ''),
(504, 185, 19, 3.0000, 9000.0000, 9000.0000, '0', 0.0000, 0, 0.0000, 27000.0000, 9000.0000, 0.0000, 'LJ', 'LAJA', ''),
(505, 185, 21, 5.0000, 32000.0000, 32000.0000, '0', 0.0000, 0, 0.0000, 160000.0000, 32000.0000, 0.0000, 'KCR', 'KENCUR', ''),
(506, 185, 22, 3.0000, 5000.0000, 5000.0000, '0', 0.0000, 0, 0.0000, 15000.0000, 5000.0000, 0.0000, 'SRH', 'SEREH', ''),
(507, 185, 23, 2.0000, 5000.0000, 5000.0000, '0', 0.0000, 0, 0.0000, 10000.0000, 5000.0000, 0.0000, 'SLM', 'DAUN SALAM', ''),
(508, 185, 30, 3.0000, 13000.0000, 13000.0000, '0', 0.0000, 0, 0.0000, 39000.0000, 13000.0000, 0.0000, 'DAUNTKL', 'DAUN TANGKIL', ''),
(509, 186, 13, 1.0000, 35000.0000, 35000.0000, '0', 0.0000, 0, 0.0000, 35000.0000, 35000.0000, 0.0000, 'JHG', 'JAHE GAJAH', ''),
(510, 186, 16, 2.0000, 7000.0000, 7000.0000, '0', 0.0000, 0, 0.0000, 14000.0000, 7000.0000, 0.0000, 'KNYT', 'KUNYIT', ''),
(511, 186, 19, 1.0000, 10000.0000, 10000.0000, '0', 0.0000, 0, 0.0000, 10000.0000, 10000.0000, 0.0000, 'LJ', 'LAJA', ''),
(512, 186, 22, 1.0000, 6000.0000, 6000.0000, '0', 0.0000, 0, 0.0000, 6000.0000, 6000.0000, 0.0000, 'SRH', 'SEREH', ''),
(513, 187, 13, 1.0000, 34000.0000, 34000.0000, '0', 0.0000, 0, 0.0000, 34000.0000, 34000.0000, 0.0000, 'JHG', 'JAHE GAJAH', ''),
(514, 187, 21, 1.0000, 33000.0000, 33000.0000, '0', 0.0000, 0, 0.0000, 33000.0000, 33000.0000, 0.0000, 'KCR', 'KENCUR', ''),
(515, 188, 9, 3.0000, 10000.0000, 10000.0000, '0', 0.0000, 0, 0.0000, 30000.0000, 10000.0000, 0.0000, 'TKL1', 'tangkil', ''),
(516, 188, 10, 5.0000, 2000.0000, 2000.0000, '0', 0.0000, 0, 0.0000, 10000.0000, 2000.0000, 0.0000, 'DJ', 'Daun Jeruk', ''),
(517, 188, 13, 2.0000, 34000.0000, 34000.0000, '0', 0.0000, 0, 0.0000, 68000.0000, 34000.0000, 0.0000, 'JHG', 'JAHE GAJAH', ''),
(518, 188, 16, 10.0000, 7000.0000, 7000.0000, '0', 0.0000, 0, 0.0000, 70000.0000, 7000.0000, 0.0000, 'KNYT', 'KUNYIT', ''),
(519, 188, 18, 2.0000, 15000.0000, 15000.0000, '0', 0.0000, 0, 0.0000, 30000.0000, 15000.0000, 0.0000, 'TMLWK', 'TEMULAWAK', ''),
(520, 188, 23, 2.0000, 5000.0000, 5000.0000, '0', 0.0000, 0, 0.0000, 10000.0000, 5000.0000, 0.0000, 'SLM', 'DAUN SALAM', ''),
(521, 188, 27, 5.0000, 11000.0000, 11000.0000, '0', 0.0000, 0, 0.0000, 55000.0000, 11000.0000, 0.0000, 'JRKLMN', 'JERUK LEMON', ''),
(522, 189, 13, 1.0000, 35000.0000, 35000.0000, '0', 0.0000, 0, 0.0000, 35000.0000, 35000.0000, 0.0000, 'JHG', 'JAHE GAJAH', ''),
(523, 190, 9, 2.0000, 10000.0000, 10000.0000, '0', 0.0000, 0, 0.0000, 20000.0000, 10000.0000, 0.0000, 'TKL1', 'tangkil', ''),
(524, 190, 16, 3.0000, 7000.0000, 7000.0000, '0', 0.0000, 0, 0.0000, 21000.0000, 7000.0000, 0.0000, 'KNYT', 'KUNYIT', ''),
(525, 190, 19, 1.0000, 10000.0000, 10000.0000, '0', 0.0000, 0, 0.0000, 10000.0000, 10000.0000, 0.0000, 'LJ', 'LAJA', ''),
(526, 191, 13, 1.0000, 35000.0000, 35000.0000, '0', 0.0000, 0, 0.0000, 35000.0000, 35000.0000, 0.0000, 'JHG', 'JAHE GAJAH', ''),
(527, 191, 16, 1.0000, 7000.0000, 7000.0000, '0', 0.0000, 0, 0.0000, 7000.0000, 7000.0000, 0.0000, 'KNYT', 'KUNYIT', ''),
(528, 191, 19, 1.0000, 10000.0000, 10000.0000, '0', 0.0000, 0, 0.0000, 10000.0000, 10000.0000, 0.0000, 'LJ', 'LAJA', ''),
(529, 192, 13, 1.0000, 35000.0000, 35000.0000, '0', 0.0000, 0, 0.0000, 35000.0000, 35000.0000, 0.0000, 'JHG', 'JAHE GAJAH', ''),
(530, 192, 19, 1.0000, 10000.0000, 10000.0000, '0', 0.0000, 0, 0.0000, 10000.0000, 10000.0000, 0.0000, 'LJ', 'LAJA', ''),
(531, 193, 16, 1.0000, 7000.0000, 7000.0000, '0', 0.0000, 0, 0.0000, 7000.0000, 7000.0000, 0.0000, 'KNYT', 'KUNYIT', ''),
(532, 194, 27, 10.0000, 11000.0000, 11000.0000, '0', 0.0000, 0, 0.0000, 110000.0000, 11000.0000, 0.0000, 'JRKLMN', 'JERUK LEMON', ''),
(533, 195, 9, 1.0000, 10000.0000, 10000.0000, '0', 0.0000, 0, 0.0000, 10000.0000, 10000.0000, 0.0000, 'TKL1', 'tangkil', ''),
(534, 195, 10, 5.0000, 2000.0000, 2000.0000, '0', 0.0000, 0, 0.0000, 10000.0000, 2000.0000, 0.0000, 'DJ', 'Daun Jeruk', ''),
(535, 195, 16, 4.0000, 5000.0000, 5000.0000, '0', 0.0000, 0, 0.0000, 20000.0000, 5000.0000, 0.0000, 'KNYT', 'KUNYIT', ''),
(536, 195, 20, 1.0000, 20000.0000, 20000.0000, '0', 0.0000, 0, 0.0000, 20000.0000, 20000.0000, 0.0000, 'PCNG', 'PICUNG', ''),
(537, 195, 21, 1.0000, 33000.0000, 33000.0000, '0', 0.0000, 0, 0.0000, 33000.0000, 33000.0000, 0.0000, 'KCR', 'KENCUR', ''),
(538, 196, 10, 20.0000, 2000.0000, 2000.0000, '0', 0.0000, 0, 0.0000, 40000.0000, 2000.0000, 0.0000, 'DJ', 'Daun Jeruk', ''),
(539, 196, 20, 20.0000, 16500.0000, 16500.0000, '0', 0.0000, 0, 0.0000, 330000.0000, 16500.0000, 0.0000, 'PCNG', 'PICUNG', ''),
(540, 197, 10, 5.0000, 2000.0000, 2000.0000, '0', 0.0000, 0, 0.0000, 10000.0000, 2000.0000, 0.0000, 'DJ', 'Daun Jeruk', ''),
(541, 197, 26, 1.0000, 12000.0000, 12000.0000, '0', 0.0000, 0, 0.0000, 12000.0000, 12000.0000, 0.0000, 'JRKNPS', 'JERUK NIPIS', ''),
(542, 197, 27, 1.0000, 12000.0000, 12000.0000, '0', 0.0000, 0, 0.0000, 12000.0000, 12000.0000, 0.0000, 'JRKLMN', 'JERUK LEMON', ''),
(543, 198, 9, 1.0000, 10000.0000, 10000.0000, '0', 0.0000, 0, 0.0000, 10000.0000, 10000.0000, 0.0000, 'TKL1', 'tangkil', ''),
(544, 199, 16, 1.0000, 7000.0000, 7000.0000, '0', 0.0000, 0, 0.0000, 7000.0000, 7000.0000, 0.0000, 'KNYT', 'KUNYIT', ''),
(545, 200, 21, 1.0000, 35000.0000, 35000.0000, '0', 0.0000, 0, 0.0000, 35000.0000, 35000.0000, 0.0000, 'KCR', 'KENCUR', ''),
(546, 201, 12, 1.0000, 20000.0000, 20000.0000, '0', 0.0000, 0, 0.0000, 20000.0000, 20000.0000, 0.0000, 'ASM', 'ASEM', ''),
(547, 202, 12, 2.0000, 20000.0000, 20000.0000, '0', 0.0000, 0, 0.0000, 40000.0000, 20000.0000, 0.0000, 'ASM', 'ASEM', ''),
(548, 203, 10, 5.0000, 2000.0000, 2000.0000, '0', 0.0000, 0, 0.0000, 10000.0000, 2000.0000, 0.0000, 'DJ', 'Daun Jeruk', ''),
(549, 204, 19, 1.0000, 10000.0000, 10000.0000, '0', 0.0000, 0, 0.0000, 10000.0000, 10000.0000, 0.0000, 'LJ', 'LAJA', ''),
(550, 205, 9, 2.0000, 10000.0000, 10000.0000, '0', 0.0000, 0, 0.0000, 20000.0000, 10000.0000, 0.0000, 'TKL1', 'tangkil', ''),
(551, 206, 13, 1.0000, 35000.0000, 35000.0000, '0', 0.0000, 0, 0.0000, 35000.0000, 35000.0000, 0.0000, 'JHG', 'JAHE GAJAH', ''),
(552, 207, 16, 1.0000, 7000.0000, 7000.0000, '0', 0.0000, 0, 0.0000, 7000.0000, 7000.0000, 0.0000, 'KNYT', 'KUNYIT', ''),
(553, 207, 19, 2.0000, 4000.0000, 4000.0000, '0', 0.0000, 0, 0.0000, 8000.0000, 4000.0000, 0.0000, 'LJ', 'LAJA', ''),
(554, 207, 21, 1.0000, 34000.0000, 34000.0000, '0', 0.0000, 0, 0.0000, 34000.0000, 34000.0000, 0.0000, 'KCR', 'KENCUR', ''),
(555, 208, 13, 1.0000, 35000.0000, 35000.0000, '0', 0.0000, 0, 0.0000, 35000.0000, 35000.0000, 0.0000, 'JHG', 'JAHE GAJAH', ''),
(556, 209, 19, 2.0000, 10000.0000, 10000.0000, '0', 0.0000, 0, 0.0000, 20000.0000, 10000.0000, 0.0000, 'LJ', 'LAJA', ''),
(557, 210, 13, 2.0000, 35000.0000, 35000.0000, '0', 0.0000, 0, 0.0000, 70000.0000, 35000.0000, 0.0000, 'JHG', 'JAHE GAJAH', ''),
(558, 210, 16, 3.0000, 7000.0000, 7000.0000, '0', 0.0000, 0, 0.0000, 21000.0000, 7000.0000, 0.0000, 'KNYT', 'KUNYIT', ''),
(559, 210, 19, 1.0000, 10000.0000, 10000.0000, '0', 0.0000, 0, 0.0000, 10000.0000, 10000.0000, 0.0000, 'LJ', 'LAJA', ''),
(560, 211, 19, 20.0000, 9000.0000, 9000.0000, '0', 0.0000, 0, 0.0000, 180000.0000, 9000.0000, 0.0000, 'LJ', 'LAJA', ''),
(561, 211, 22, 7.0000, 5000.0000, 5000.0000, '0', 0.0000, 0, 0.0000, 35000.0000, 5000.0000, 0.0000, 'SRH', 'SEREH', ''),
(562, 212, 30, 4.0000, 15000.0000, 15000.0000, '0', 0.0000, 0, 0.0000, 60000.0000, 15000.0000, 0.0000, 'DAUNTKL', 'DAUN TANGKIL', ''),
(563, 213, 9, 2.0000, 10000.0000, 10000.0000, '0', 0.0000, 0, 0.0000, 20000.0000, 10000.0000, 0.0000, 'TKL1', 'tangkil', ''),
(564, 213, 10, 10.0000, 2000.0000, 2000.0000, '0', 0.0000, 0, 0.0000, 20000.0000, 2000.0000, 0.0000, 'DJ', 'Daun Jeruk', ''),
(565, 213, 13, 1.0000, 35000.0000, 35000.0000, '0', 0.0000, 0, 0.0000, 35000.0000, 35000.0000, 0.0000, 'JHG', 'JAHE GAJAH', ''),
(566, 213, 16, 1.0000, 7000.0000, 7000.0000, '0', 0.0000, 0, 0.0000, 7000.0000, 7000.0000, 0.0000, 'KNYT', 'KUNYIT', ''),
(567, 213, 19, 1.0000, 10000.0000, 10000.0000, '0', 0.0000, 0, 0.0000, 10000.0000, 10000.0000, 0.0000, 'LJ', 'LAJA', ''),
(568, 213, 21, 1.0000, 35000.0000, 35000.0000, '0', 0.0000, 0, 0.0000, 35000.0000, 35000.0000, 0.0000, 'KCR', 'KENCUR', ''),
(569, 213, 26, 1.0000, 12000.0000, 12000.0000, '0', 0.0000, 0, 0.0000, 12000.0000, 12000.0000, 0.0000, 'JRKNPS', 'JERUK NIPIS', ''),
(570, 213, 30, 1.0000, 15000.0000, 15000.0000, '0', 0.0000, 0, 0.0000, 15000.0000, 15000.0000, 0.0000, 'DAUNTKL', 'DAUN TANGKIL', ''),
(571, 214, 28, 15.0000, 30000.0000, 30000.0000, '0', 0.0000, 0, 0.0000, 450000.0000, 30000.0000, 0.0000, 'JRKLIMO', 'JERUK LIMO', ''),
(572, 215, 18, 1.0000, 15000.0000, 15000.0000, '0', 0.0000, 0, 0.0000, 15000.0000, 15000.0000, 0.0000, 'TMLWK', 'TEMULAWAK', ''),
(573, 216, 13, 2.0000, 33500.0000, 33500.0000, '0', 0.0000, 0, 0.0000, 67000.0000, 33500.0000, 0.0000, 'JHG', 'JAHE GAJAH', ''),
(574, 216, 21, 1.0000, 33000.0000, 33000.0000, '0', 0.0000, 0, 0.0000, 33000.0000, 33000.0000, 0.0000, 'KCR', 'KENCUR', ''),
(575, 217, 9, 3.0000, 10000.0000, 10000.0000, '0', 0.0000, 0, 0.0000, 30000.0000, 10000.0000, 0.0000, 'TKL1', 'tangkil', ''),
(576, 217, 10, 5.0000, 2000.0000, 2000.0000, '0', 0.0000, 0, 0.0000, 10000.0000, 2000.0000, 0.0000, 'DJ', 'Daun Jeruk', ''),
(577, 217, 13, 4.0000, 34000.0000, 34000.0000, '0', 0.0000, 0, 0.0000, 136000.0000, 34000.0000, 0.0000, 'JHG', 'JAHE GAJAH', ''),
(578, 217, 16, 3.0000, 7000.0000, 7000.0000, '0', 0.0000, 0, 0.0000, 21000.0000, 7000.0000, 0.0000, 'KNYT', 'KUNYIT', ''),
(579, 217, 19, 5.0000, 10000.0000, 10000.0000, '0', 0.0000, 0, 0.0000, 50000.0000, 10000.0000, 0.0000, 'LJ', 'LAJA', ''),
(580, 217, 21, 2.0000, 30000.0000, 30000.0000, '0', 0.0000, 0, 0.0000, 60000.0000, 30000.0000, 0.0000, 'KCR', 'KENCUR', ''),
(581, 217, 30, 4.0000, 14000.0000, 14000.0000, '0', 0.0000, 0, 0.0000, 56000.0000, 14000.0000, 0.0000, 'DAUNTKL', 'DAUN TANGKIL', ''),
(582, 218, 13, 1.0000, 35000.0000, 35000.0000, '0', 0.0000, 0, 0.0000, 35000.0000, 35000.0000, 0.0000, 'JHG', 'JAHE GAJAH', ''),
(583, 218, 16, 1.0000, 7000.0000, 7000.0000, '0', 0.0000, 0, 0.0000, 7000.0000, 7000.0000, 0.0000, 'KNYT', 'KUNYIT', ''),
(584, 218, 19, 1.0000, 10000.0000, 10000.0000, '0', 0.0000, 0, 0.0000, 10000.0000, 10000.0000, 0.0000, 'LJ', 'LAJA', ''),
(585, 218, 22, 1.0000, 6000.0000, 6000.0000, '0', 0.0000, 0, 0.0000, 6000.0000, 6000.0000, 0.0000, 'SRH', 'SEREH', ''),
(586, 218, 23, 1.0000, 5000.0000, 5000.0000, '0', 0.0000, 0, 0.0000, 5000.0000, 5000.0000, 0.0000, 'SLM', 'DAUN SALAM', ''),
(587, 219, 9, 1.0000, 10000.0000, 10000.0000, '0', 0.0000, 0, 0.0000, 10000.0000, 10000.0000, 0.0000, 'TKL1', 'tangkil', ''),
(588, 219, 12, 1.0000, 18000.0000, 18000.0000, '0', 0.0000, 0, 0.0000, 18000.0000, 18000.0000, 0.0000, 'ASM', 'ASEM', ''),
(589, 219, 13, 3.0000, 34000.0000, 34000.0000, '0', 0.0000, 0, 0.0000, 102000.0000, 34000.0000, 0.0000, 'JHG', 'JAHE GAJAH', ''),
(590, 219, 19, 4.0000, 10000.0000, 10000.0000, '0', 0.0000, 0, 0.0000, 40000.0000, 10000.0000, 0.0000, 'LJ', 'LAJA', ''),
(591, 219, 21, 1.0000, 30000.0000, 30000.0000, '0', 0.0000, 0, 0.0000, 30000.0000, 30000.0000, 0.0000, 'KCR', 'KENCUR', ''),
(592, 219, 28, 1.0000, 30000.0000, 30000.0000, '0', 0.0000, 0, 0.0000, 30000.0000, 30000.0000, 0.0000, 'JRKLIMO', 'JERUK LIMO', ''),
(593, 219, 30, 1.0000, 14000.0000, 14000.0000, '0', 0.0000, 0, 0.0000, 14000.0000, 14000.0000, 0.0000, 'DAUNTKL', 'DAUN TANGKIL', ''),
(594, 220, 9, 3.0000, 10000.0000, 10000.0000, '0', 0.0000, 0, 0.0000, 30000.0000, 10000.0000, 0.0000, 'TKL1', 'tangkil', ''),
(595, 220, 13, 1.0000, 33000.0000, 33000.0000, '0', 0.0000, 0, 0.0000, 33000.0000, 33000.0000, 0.0000, 'JHG', 'JAHE GAJAH', ''),
(596, 220, 16, 5.0000, 7000.0000, 7000.0000, '0', 0.0000, 0, 0.0000, 35000.0000, 7000.0000, 0.0000, 'KNYT', 'KUNYIT', ''),
(597, 220, 19, 5.0000, 10000.0000, 10000.0000, '0', 0.0000, 0, 0.0000, 50000.0000, 10000.0000, 0.0000, 'LJ', 'LAJA', ''),
(598, 220, 21, 2.0000, 32000.0000, 32000.0000, '0', 0.0000, 0, 0.0000, 64000.0000, 32000.0000, 0.0000, 'KCR', 'KENCUR', ''),
(599, 220, 22, 3.0000, 5000.0000, 5000.0000, '0', 0.0000, 0, 0.0000, 15000.0000, 5000.0000, 0.0000, 'SRH', 'SEREH', ''),
(600, 221, 12, 2.0000, 17000.0000, 17000.0000, '0', 0.0000, 0, 0.0000, 34000.0000, 17000.0000, 0.0000, 'ASM', 'ASEM', ''),
(601, 221, 13, 3.0000, 34000.0000, 34000.0000, '0', 0.0000, 0, 0.0000, 102000.0000, 34000.0000, 0.0000, 'JHG', 'JAHE GAJAH', ''),
(602, 221, 30, 2.0000, 14000.0000, 14000.0000, '0', 0.0000, 0, 0.0000, 28000.0000, 14000.0000, 0.0000, 'DAUNTKL', 'DAUN TANGKIL', ''),
(603, 222, 16, 5.0000, 7000.0000, 7000.0000, '0', 0.0000, 0, 0.0000, 35000.0000, 7000.0000, 0.0000, 'KNYT', 'KUNYIT', ''),
(604, 222, 22, 1.0000, 5000.0000, 5000.0000, '0', 0.0000, 0, 0.0000, 5000.0000, 5000.0000, 0.0000, 'SRH', 'SEREH', ''),
(605, 223, 13, 6.0000, 34000.0000, 34000.0000, '0', 0.0000, 0, 0.0000, 204000.0000, 34000.0000, 0.0000, 'JHG', 'JAHE GAJAH', ''),
(606, 223, 19, 6.0000, 10000.0000, 10000.0000, '0', 0.0000, 0, 0.0000, 60000.0000, 10000.0000, 0.0000, 'LJ', 'LAJA', ''),
(607, 223, 27, 3.0000, 12000.0000, 12000.0000, '0', 0.0000, 0, 0.0000, 36000.0000, 12000.0000, 0.0000, 'JRKLMN', 'JERUK LEMON', ''),
(608, 224, 28, 2.0000, 30000.0000, 30000.0000, '0', 0.0000, 0, 0.0000, 60000.0000, 30000.0000, 0.0000, 'JRKLIMO', 'JERUK LIMO', ''),
(609, 225, 9, 1.0000, 10000.0000, 10000.0000, '0', 0.0000, 0, 0.0000, 10000.0000, 10000.0000, 0.0000, 'TKL1', 'tangkil', ''),
(610, 225, 16, 5.0000, 7000.0000, 7000.0000, '0', 0.0000, 0, 0.0000, 35000.0000, 7000.0000, 0.0000, 'KNYT', 'KUNYIT', ''),
(611, 225, 17, 3.0000, 6500.0000, 6500.0000, '0', 0.0000, 0, 0.0000, 19500.0000, 6500.0000, 0.0000, 'KK', 'BIANG KUNYIT', ''),
(612, 225, 21, 2.0000, 33000.0000, 33000.0000, '0', 0.0000, 0, 0.0000, 66000.0000, 33000.0000, 0.0000, 'KCR', 'KENCUR', ''),
(613, 226, 19, 1.0000, 10000.0000, 10000.0000, '0', 0.0000, 0, 0.0000, 10000.0000, 10000.0000, 0.0000, 'LJ', 'LAJA', ''),
(614, 226, 20, 1.0000, 20000.0000, 20000.0000, '0', 0.0000, 0, 0.0000, 20000.0000, 20000.0000, 0.0000, 'PCNG', 'PICUNG', ''),
(615, 226, 22, 1.0000, 6000.0000, 6000.0000, '0', 0.0000, 0, 0.0000, 6000.0000, 6000.0000, 0.0000, 'SRH', 'SEREH', ''),
(616, 227, 9, 2.0000, 10000.0000, 10000.0000, '0', 0.0000, 0, 0.0000, 20000.0000, 10000.0000, 0.0000, 'TKL1', 'tangkil', ''),
(617, 227, 13, 1.0000, 35000.0000, 35000.0000, '0', 0.0000, 0, 0.0000, 35000.0000, 35000.0000, 0.0000, 'JHG', 'JAHE GAJAH', ''),
(618, 227, 19, 2.0000, 10000.0000, 10000.0000, '0', 0.0000, 0, 0.0000, 20000.0000, 10000.0000, 0.0000, 'LJ', 'LAJA', ''),
(619, 227, 27, 1.0000, 12000.0000, 12000.0000, '0', 0.0000, 0, 0.0000, 12000.0000, 12000.0000, 0.0000, 'JRKLMN', 'JERUK LEMON', ''),
(620, 227, 28, 1.0000, 30000.0000, 30000.0000, '0', 0.0000, 0, 0.0000, 30000.0000, 30000.0000, 0.0000, 'JRKLIMO', 'JERUK LIMO', ''),
(621, 227, 30, 1.0000, 15000.0000, 15000.0000, '0', 0.0000, 0, 0.0000, 15000.0000, 15000.0000, 0.0000, 'DAUNTKL', 'DAUN TANGKIL', ''),
(622, 228, 12, 1.0000, 19000.0000, 19000.0000, '0', 0.0000, 0, 0.0000, 19000.0000, 19000.0000, 0.0000, 'ASM', 'ASEM', ''),
(623, 228, 13, 1.0000, 35000.0000, 35000.0000, '0', 0.0000, 0, 0.0000, 35000.0000, 35000.0000, 0.0000, 'JHG', 'JAHE GAJAH', ''),
(624, 228, 16, 1.0000, 7000.0000, 7000.0000, '0', 0.0000, 0, 0.0000, 7000.0000, 7000.0000, 0.0000, 'KNYT', 'KUNYIT', ''),
(625, 228, 21, 1.0000, 30000.0000, 30000.0000, '0', 0.0000, 0, 0.0000, 30000.0000, 30000.0000, 0.0000, 'KCR', 'KENCUR', ''),
(626, 228, 30, 3.0000, 12000.0000, 12000.0000, '0', 0.0000, 0, 0.0000, 36000.0000, 12000.0000, 0.0000, 'DAUNTKL', 'DAUN TANGKIL', ''),
(627, 229, 16, 10.0000, 7000.0000, 7000.0000, '0', 0.0000, 0, 0.0000, 70000.0000, 7000.0000, 0.0000, 'KNYT', 'KUNYIT', ''),
(628, 230, 10, 5.0000, 2000.0000, 2000.0000, '0', 0.0000, 0, 0.0000, 10000.0000, 2000.0000, 0.0000, 'DJ', 'Daun Jeruk', ''),
(629, 231, 13, 3.0000, 35000.0000, 35000.0000, '0', 0.0000, 0, 0.0000, 105000.0000, 35000.0000, 0.0000, 'JHG', 'JAHE GAJAH', ''),
(630, 231, 16, 1.0000, 7000.0000, 7000.0000, '0', 0.0000, 0, 0.0000, 7000.0000, 7000.0000, 0.0000, 'KNYT', 'KUNYIT', ''),
(631, 231, 26, 1.0000, 12000.0000, 12000.0000, '0', 0.0000, 0, 0.0000, 12000.0000, 12000.0000, 0.0000, 'JRKNPS', 'JERUK NIPIS', ''),
(632, 232, 9, 1.0000, 10000.0000, 10000.0000, '0', 0.0000, 0, 0.0000, 10000.0000, 10000.0000, 0.0000, 'TKL1', 'tangkil', ''),
(633, 232, 10, 10.0000, 2000.0000, 2000.0000, '0', 0.0000, 0, 0.0000, 20000.0000, 2000.0000, 0.0000, 'DJ', 'Daun Jeruk', ''),
(634, 232, 12, 1.0000, 17000.0000, 17000.0000, '0', 0.0000, 0, 0.0000, 17000.0000, 17000.0000, 0.0000, 'ASM', 'ASEM', ''),
(635, 232, 13, 4.0000, 34000.0000, 34000.0000, '0', 0.0000, 0, 0.0000, 136000.0000, 34000.0000, 0.0000, 'JHG', 'JAHE GAJAH', ''),
(636, 232, 19, 5.0000, 10000.0000, 10000.0000, '0', 0.0000, 0, 0.0000, 50000.0000, 10000.0000, 0.0000, 'LJ', 'LAJA', ''),
(637, 232, 22, 5.0000, 5000.0000, 5000.0000, '0', 0.0000, 0, 0.0000, 25000.0000, 5000.0000, 0.0000, 'SRH', 'SEREH', ''),
(638, 232, 23, 1.0000, 5000.0000, 5000.0000, '0', 0.0000, 0, 0.0000, 5000.0000, 5000.0000, 0.0000, 'SLM', 'DAUN SALAM', ''),
(639, 232, 26, 5.0000, 12000.0000, 12000.0000, '0', 0.0000, 0, 0.0000, 60000.0000, 12000.0000, 0.0000, 'JRKNPS', 'JERUK NIPIS', ''),
(640, 232, 30, 1.0000, 14000.0000, 14000.0000, '0', 0.0000, 0, 0.0000, 14000.0000, 14000.0000, 0.0000, 'DAUNTKL', 'DAUN TANGKIL', ''),
(641, 232, 32, 4.0000, 12000.0000, 12000.0000, '0', 0.0000, 0, 0.0000, 48000.0000, 12000.0000, 0.0000, 'JERUKPRS', 'JERUK PERES', ''),
(642, 233, 30, 2.0000, 14000.0000, 14000.0000, '0', 0.0000, 0, 0.0000, 28000.0000, 14000.0000, 0.0000, 'DAUNTKL', 'DAUN TANGKIL', ''),
(643, 234, 23, 5.0000, 4000.0000, 4000.0000, '0', 0.0000, 0, 0.0000, 20000.0000, 4000.0000, 0.0000, 'SLM', 'DAUN SALAM', ''),
(644, 235, 13, 1.0000, 35000.0000, 35000.0000, '0', 0.0000, 0, 0.0000, 35000.0000, 35000.0000, 0.0000, 'JHG', 'JAHE GAJAH', ''),
(645, 235, 16, 1.0000, 7000.0000, 7000.0000, '0', 0.0000, 0, 0.0000, 7000.0000, 7000.0000, 0.0000, 'KNYT', 'KUNYIT', ''),
(646, 236, 9, 1.0000, 10000.0000, 10000.0000, '0', 0.0000, 0, 0.0000, 10000.0000, 10000.0000, 0.0000, 'TKL1', 'tangkil', ''),
(647, 237, 26, 2.0000, 12000.0000, 12000.0000, '0', 0.0000, 0, 0.0000, 24000.0000, 12000.0000, 0.0000, 'JRKNPS', 'JERUK NIPIS', ''),
(648, 238, 20, 1.0000, 20000.0000, 20000.0000, '0', 0.0000, 0, 0.0000, 20000.0000, 20000.0000, 0.0000, 'PCNG', 'PICUNG', ''),
(649, 239, 10, 5.0000, 2000.0000, 2000.0000, '0', 0.0000, 0, 0.0000, 10000.0000, 2000.0000, 0.0000, 'DJ', 'Daun Jeruk', ''),
(650, 239, 16, 2.0000, 7000.0000, 7000.0000, '0', 0.0000, 0, 0.0000, 14000.0000, 7000.0000, 0.0000, 'KNYT', 'KUNYIT', ''),
(651, 239, 21, 1.0000, 30000.0000, 30000.0000, '0', 0.0000, 0, 0.0000, 30000.0000, 30000.0000, 0.0000, 'KCR', 'KENCUR', ''),
(652, 239, 30, 1.0000, 15000.0000, 15000.0000, '0', 0.0000, 0, 0.0000, 15000.0000, 15000.0000, 0.0000, 'DAUNTKL', 'DAUN TANGKIL', ''),
(653, 240, 22, 2.0000, 6000.0000, 6000.0000, '0', 0.0000, 0, 0.0000, 12000.0000, 6000.0000, 0.0000, 'SRH', 'SEREH', ''),
(654, 240, 23, 1.0000, 5000.0000, 5000.0000, '0', 0.0000, 0, 0.0000, 5000.0000, 5000.0000, 0.0000, 'SLM', 'DAUN SALAM', ''),
(655, 241, 22, 2.0000, 6000.0000, 6000.0000, '0', 0.0000, 0, 0.0000, 12000.0000, 6000.0000, 0.0000, 'SRH', 'SEREH', ''),
(656, 241, 23, 1.0000, 5000.0000, 5000.0000, '0', 0.0000, 0, 0.0000, 5000.0000, 5000.0000, 0.0000, 'SLM', 'DAUN SALAM', ''),
(657, 242, 9, 1.0000, 10000.0000, 10000.0000, '0', 0.0000, 0, 0.0000, 10000.0000, 10000.0000, 0.0000, 'TKL1', 'tangkil', ''),
(658, 242, 30, 1.0000, 15000.0000, 15000.0000, '0', 0.0000, 0, 0.0000, 15000.0000, 15000.0000, 0.0000, 'DAUNTKL', 'DAUN TANGKIL', ''),
(659, 243, 23, 2.0000, 5000.0000, 5000.0000, '0', 0.0000, 0, 0.0000, 10000.0000, 5000.0000, 0.0000, 'SLM', 'DAUN SALAM', ''),
(660, 244, 23, 1.0000, 5000.0000, 5000.0000, '0', 0.0000, 0, 0.0000, 5000.0000, 5000.0000, 0.0000, 'SLM', 'DAUN SALAM', ''),
(661, 245, 12, 2.0000, 19000.0000, 19000.0000, '0', 0.0000, 0, 0.0000, 38000.0000, 19000.0000, 0.0000, 'ASM', 'ASEM', ''),
(662, 245, 22, 5.0000, 5000.0000, 5000.0000, '0', 0.0000, 0, 0.0000, 25000.0000, 5000.0000, 0.0000, 'SRH', 'SEREH', ''),
(663, 245, 23, 1.0000, 5000.0000, 5000.0000, '0', 0.0000, 0, 0.0000, 5000.0000, 5000.0000, 0.0000, 'SLM', 'DAUN SALAM', ''),
(664, 246, 13, 1.0000, 35000.0000, 35000.0000, '0', 0.0000, 0, 0.0000, 35000.0000, 35000.0000, 0.0000, 'JHG', 'JAHE GAJAH', ''),
(665, 246, 16, 1.0000, 7000.0000, 7000.0000, '0', 0.0000, 0, 0.0000, 7000.0000, 7000.0000, 0.0000, 'KNYT', 'KUNYIT', ''),
(666, 246, 22, 1.0000, 6000.0000, 6000.0000, '0', 0.0000, 0, 0.0000, 6000.0000, 6000.0000, 0.0000, 'SRH', 'SEREH', ''),
(667, 246, 23, 1.0000, 5000.0000, 5000.0000, '0', 0.0000, 0, 0.0000, 5000.0000, 5000.0000, 0.0000, 'SLM', 'DAUN SALAM', ''),
(668, 247, 23, 4.0000, 5000.0000, 5000.0000, '0', 0.0000, 0, 0.0000, 20000.0000, 5000.0000, 0.0000, 'SLM', 'DAUN SALAM', ''),
(669, 248, 19, 10.0000, 10000.0000, 10000.0000, '0', 0.0000, 0, 0.0000, 100000.0000, 10000.0000, 0.0000, 'LJ', 'LAJA', ''),
(670, 248, 30, 12.0000, 13000.0000, 13000.0000, '0', 0.0000, 0, 0.0000, 156000.0000, 13000.0000, 0.0000, 'DAUNTKL', 'DAUN TANGKIL', ''),
(671, 249, 19, 10.0000, 10000.0000, 10000.0000, '0', 0.0000, 0, 0.0000, 100000.0000, 10000.0000, 0.0000, 'LJ', 'LAJA', ''),
(672, 249, 30, 12.0000, 13000.0000, 13000.0000, '0', 0.0000, 0, 0.0000, 156000.0000, 13000.0000, 0.0000, 'DAUNTKL', 'DAUN TANGKIL', ''),
(673, 250, 19, 10.0000, 10000.0000, 10000.0000, '0', 0.0000, 0, 0.0000, 100000.0000, 10000.0000, 0.0000, 'LJ', 'LAJA', ''),
(674, 250, 30, 12.0000, 13000.0000, 13000.0000, '0', 0.0000, 0, 0.0000, 156000.0000, 13000.0000, 0.0000, 'DAUNTKL', 'DAUN TANGKIL', ''),
(675, 251, 19, 10.0000, 10000.0000, 10000.0000, '0', 0.0000, 0, 0.0000, 100000.0000, 10000.0000, 0.0000, 'LJ', 'LAJA', ''),
(676, 251, 30, 12.0000, 13000.0000, 13000.0000, '0', 0.0000, 0, 0.0000, 156000.0000, 13000.0000, 0.0000, 'DAUNTKL', 'DAUN TANGKIL', ''),
(686, 253, 10, 10.0000, 2000.0000, 2000.0000, '0', 0.0000, 0, 0.0000, 20000.0000, 2000.0000, 0.0000, 'DJ', 'Daun Jeruk', ''),
(687, 253, 19, 2.0000, 10000.0000, 10000.0000, '0', 0.0000, 0, 0.0000, 20000.0000, 10000.0000, 0.0000, 'LJ', 'LAJA', ''),
(688, 253, 23, 1.0000, 5000.0000, 5000.0000, '0', 0.0000, 0, 0.0000, 5000.0000, 5000.0000, 0.0000, 'SLM', 'DAUN SALAM', ''),
(689, 253, 28, 1.0000, 30000.0000, 30000.0000, '0', 0.0000, 0, 0.0000, 30000.0000, 30000.0000, 0.0000, 'JRKLIMO', 'JERUK LIMO', ''),
(690, 254, 13, 2.0000, 34000.0000, 34000.0000, '0', 0.0000, 0, 0.0000, 68000.0000, 34000.0000, 0.0000, 'JHG', 'JAHE GAJAH', ''),
(691, 254, 19, 2.0000, 10000.0000, 10000.0000, '0', 0.0000, 0, 0.0000, 20000.0000, 10000.0000, 0.0000, 'LJ', 'LAJA', ''),
(692, 254, 21, 1.0000, 33000.0000, 33000.0000, '0', 0.0000, 0, 0.0000, 33000.0000, 33000.0000, 0.0000, 'KCR', 'KENCUR', ''),
(693, 254, 22, 3.0000, 5000.0000, 5000.0000, '0', 0.0000, 0, 0.0000, 15000.0000, 5000.0000, 0.0000, 'SRH', 'SEREH', ''),
(694, 254, 23, 1.0000, 5000.0000, 5000.0000, '0', 0.0000, 0, 0.0000, 5000.0000, 5000.0000, 0.0000, 'SLM', 'DAUN SALAM', ''),
(695, 254, 26, 1.0000, 12000.0000, 12000.0000, '0', 0.0000, 0, 0.0000, 12000.0000, 12000.0000, 0.0000, 'JRKNPS', 'JERUK NIPIS', ''),
(696, 254, 27, 1.0000, 12000.0000, 12000.0000, '0', 0.0000, 0, 0.0000, 12000.0000, 12000.0000, 0.0000, 'JRKLMN', 'JERUK LEMON', ''),
(697, 255, 19, 2.0000, 10000.0000, 10000.0000, '0', 0.0000, 0, 0.0000, 20000.0000, 10000.0000, 0.0000, 'LJ', 'LAJA', ''),
(698, 255, 21, 1.0000, 33000.0000, 33000.0000, '0', 0.0000, 0, 0.0000, 33000.0000, 33000.0000, 0.0000, 'KCR', 'KENCUR', ''),
(699, 255, 28, 1.0000, 30000.0000, 30000.0000, '0', 0.0000, 0, 0.0000, 30000.0000, 30000.0000, 0.0000, 'JRKLIMO', 'JERUK LIMO', ''),
(700, 255, 31, 5.0000, 1500.0000, 1500.0000, '0', 0.0000, 0, 0.0000, 7500.0000, 1500.0000, 0.0000, 'DAUNKCR', 'DAUN KENCUR', ''),
(701, 256, 30, 2.0000, 15000.0000, 15000.0000, '0', 0.0000, 0, 0.0000, 30000.0000, 15000.0000, 0.0000, 'DAUNTKL', 'DAUN TANGKIL', ''),
(702, 257, 10, 10.0000, 2000.0000, 2000.0000, '0', 0.0000, 0, 0.0000, 20000.0000, 2000.0000, 0.0000, 'DJ', 'Daun Jeruk', ''),
(703, 257, 13, 3.0000, 34000.0000, 34000.0000, '0', 0.0000, 0, 0.0000, 102000.0000, 34000.0000, 0.0000, 'JHG', 'JAHE GAJAH', ''),
(704, 257, 16, 5.0000, 7000.0000, 7000.0000, '0', 0.0000, 0, 0.0000, 35000.0000, 7000.0000, 0.0000, 'KNYT', 'KUNYIT', ''),
(705, 257, 17, 5.0000, 7000.0000, 7000.0000, '0', 0.0000, 0, 0.0000, 35000.0000, 7000.0000, 0.0000, 'KK', 'BIANG KUNYIT', ''),
(706, 257, 18, 5.0000, 10000.0000, 10000.0000, '0', 0.0000, 0, 0.0000, 50000.0000, 10000.0000, 0.0000, 'TMLWK', 'TEMULAWAK', ''),
(707, 257, 19, 3.0000, 10000.0000, 10000.0000, '0', 0.0000, 0, 0.0000, 30000.0000, 10000.0000, 0.0000, 'LJ', 'LAJA', ''),
(708, 257, 21, 2.0000, 30000.0000, 30000.0000, '0', 0.0000, 0, 0.0000, 60000.0000, 30000.0000, 0.0000, 'KCR', 'KENCUR', ''),
(709, 257, 22, 2.0000, 5000.0000, 5000.0000, '0', 0.0000, 0, 0.0000, 10000.0000, 5000.0000, 0.0000, 'SRH', 'SEREH', ''),
(710, 257, 23, 2.0000, 5000.0000, 5000.0000, '0', 0.0000, 0, 0.0000, 10000.0000, 5000.0000, 0.0000, 'SLM', 'DAUN SALAM', ''),
(711, 257, 26, 3.0000, 12000.0000, 12000.0000, '0', 0.0000, 0, 0.0000, 36000.0000, 12000.0000, 0.0000, 'JRKNPS', 'JERUK NIPIS', ''),
(712, 257, 28, 1.0000, 30000.0000, 30000.0000, '0', 0.0000, 0, 0.0000, 30000.0000, 30000.0000, 0.0000, 'JRKLIMO', 'JERUK LIMO', ''),
(713, 257, 31, 10.0000, 1000.0000, 1000.0000, '0', 0.0000, 0, 0.0000, 10000.0000, 1000.0000, 0.0000, 'DAUNKCR', 'DAUN KENCUR', ''),
(714, 258, 13, 1.0000, 33000.0000, 33000.0000, '0', 0.0000, 0, 0.0000, 33000.0000, 33000.0000, 0.0000, 'JHG', 'JAHE GAJAH', ''),
(715, 258, 16, 3.0000, 7000.0000, 7000.0000, '0', 0.0000, 0, 0.0000, 21000.0000, 7000.0000, 0.0000, 'KNYT', 'KUNYIT', ''),
(716, 258, 19, 1.0000, 10000.0000, 10000.0000, '0', 0.0000, 0, 0.0000, 10000.0000, 10000.0000, 0.0000, 'LJ', 'LAJA', ''),
(717, 258, 21, 1.0000, 30000.0000, 30000.0000, '0', 0.0000, 0, 0.0000, 30000.0000, 30000.0000, 0.0000, 'KCR', 'KENCUR', ''),
(718, 258, 22, 3.0000, 5000.0000, 5000.0000, '0', 0.0000, 0, 0.0000, 15000.0000, 5000.0000, 0.0000, 'SRH', 'SEREH', ''),
(719, 258, 23, 1.0000, 5000.0000, 5000.0000, '0', 0.0000, 0, 0.0000, 5000.0000, 5000.0000, 0.0000, 'SLM', 'DAUN SALAM', ''),
(720, 259, 13, 1.0000, 35000.0000, 35000.0000, '0', 0.0000, 0, 0.0000, 35000.0000, 35000.0000, 0.0000, 'JHG', 'JAHE GAJAH', ''),
(721, 259, 16, 1.0000, 7000.0000, 7000.0000, '0', 0.0000, 0, 0.0000, 7000.0000, 7000.0000, 0.0000, 'KNYT', 'KUNYIT', ''),
(722, 259, 19, 1.0000, 10000.0000, 10000.0000, '0', 0.0000, 0, 0.0000, 10000.0000, 10000.0000, 0.0000, 'LJ', 'LAJA', ''),
(723, 260, 10, 5.0000, 2000.0000, 2000.0000, '0', 0.0000, 0, 0.0000, 10000.0000, 2000.0000, 0.0000, 'DJ', 'Daun Jeruk', ''),
(724, 260, 28, 1.0000, 30000.0000, 30000.0000, '0', 0.0000, 0, 0.0000, 30000.0000, 30000.0000, 0.0000, 'JRKLIMO', 'JERUK LIMO', ''),
(725, 260, 31, 7.0000, 1500.0000, 1500.0000, '0', 0.0000, 0, 0.0000, 10500.0000, 1500.0000, 0.0000, 'DAUNKCR', 'DAUN KENCUR', ''),
(726, 252, 9, 10.0000, 10000.0000, 10000.0000, '0', 0.0000, 0, 0.0000, 100000.0000, 10000.0000, 0.0000, 'TKL1', 'tangkil', ''),
(727, 252, 10, 3.0000, 2000.0000, 2000.0000, '0', 0.0000, 0, 0.0000, 6000.0000, 2000.0000, 0.0000, 'DJ', 'Daun Jeruk', ''),
(728, 252, 12, 6.0000, 18000.0000, 18000.0000, '0', 0.0000, 0, 0.0000, 108000.0000, 18000.0000, 0.0000, 'ASM', 'ASEM', ''),
(729, 252, 13, 15.0000, 32000.0000, 32000.0000, '0', 0.0000, 0, 0.0000, 480000.0000, 32000.0000, 0.0000, 'JHG', 'JAHE GAJAH', ''),
(730, 252, 16, 10.0000, 6000.0000, 6000.0000, '0', 0.0000, 0, 0.0000, 60000.0000, 6000.0000, 0.0000, 'KNYT', 'KUNYIT', ''),
(731, 252, 19, 15.0000, 10000.0000, 10000.0000, '0', 0.0000, 0, 0.0000, 150000.0000, 10000.0000, 0.0000, 'LJ', 'LAJA', ''),
(732, 252, 23, 5.0000, 4000.0000, 4000.0000, '0', 0.0000, 0, 0.0000, 20000.0000, 4000.0000, 0.0000, 'SLM', 'DAUN SALAM', ''),
(733, 252, 26, 10.0000, 11000.0000, 11000.0000, '0', 0.0000, 0, 0.0000, 110000.0000, 11000.0000, 0.0000, 'JRKNPS', 'JERUK NIPIS', ''),
(734, 252, 28, 10.0000, 27000.0000, 27000.0000, '0', 0.0000, 0, 0.0000, 270000.0000, 27000.0000, 0.0000, 'JRKLIMO', 'JERUK LIMO', ''),
(735, 261, 13, 1.0000, 34000.0000, 34000.0000, '0', 0.0000, 0, 0.0000, 34000.0000, 34000.0000, 0.0000, 'JHG', 'JAHE GAJAH', ''),
(736, 261, 16, 3.0000, 7000.0000, 7000.0000, '0', 0.0000, 0, 0.0000, 21000.0000, 7000.0000, 0.0000, 'KNYT', 'KUNYIT', ''),
(737, 261, 19, 1.0000, 10000.0000, 10000.0000, '0', 0.0000, 0, 0.0000, 10000.0000, 10000.0000, 0.0000, 'LJ', 'LAJA', ''),
(738, 261, 22, 1.0000, 5000.0000, 5000.0000, '0', 0.0000, 0, 0.0000, 5000.0000, 5000.0000, 0.0000, 'SRH', 'SEREH', ''),
(739, 261, 30, 2.0000, 15000.0000, 15000.0000, '0', 0.0000, 0, 0.0000, 30000.0000, 15000.0000, 0.0000, 'DAUNTKL', 'DAUN TANGKIL', ''),
(740, 262, 9, 3.0000, 10000.0000, 10000.0000, '0', 0.0000, 0, 0.0000, 30000.0000, 10000.0000, 0.0000, 'TKL1', 'tangkil', ''),
(741, 262, 16, 5.0000, 6000.0000, 6000.0000, '0', 0.0000, 0, 0.0000, 30000.0000, 6000.0000, 0.0000, 'KNYT', 'KUNYIT', ''),
(742, 262, 21, 2.0000, 33000.0000, 33000.0000, '0', 0.0000, 0, 0.0000, 66000.0000, 33000.0000, 0.0000, 'KCR', 'KENCUR', ''),
(743, 262, 30, 2.0000, 14000.0000, 14000.0000, '0', 0.0000, 0, 0.0000, 28000.0000, 14000.0000, 0.0000, 'DAUNTKL', 'DAUN TANGKIL', ''),
(744, 263, 13, 1.0000, 33000.0000, 33000.0000, '0', 0.0000, 0, 0.0000, 33000.0000, 33000.0000, 0.0000, 'JHG', 'JAHE GAJAH', ''),
(745, 264, 13, 1.0000, 35000.0000, 35000.0000, '0', 0.0000, 0, 0.0000, 35000.0000, 35000.0000, 0.0000, 'JHG', 'JAHE GAJAH', ''),
(746, 264, 22, 1.0000, 5000.0000, 5000.0000, '0', 0.0000, 0, 0.0000, 5000.0000, 5000.0000, 0.0000, 'SRH', 'SEREH', ''),
(747, 264, 31, 25.0000, 1000.0000, 1000.0000, '0', 0.0000, 0, 0.0000, 25000.0000, 1000.0000, 0.0000, 'DAUNKCR', 'DAUN KENCUR', ''),
(748, 265, 19, 5.0000, 10000.0000, 10000.0000, '0', 0.0000, 0, 0.0000, 50000.0000, 10000.0000, 0.0000, 'LJ', 'LAJA', ''),
(749, 266, 13, 2.0000, 33000.0000, 33000.0000, '0', 0.0000, 0, 0.0000, 66000.0000, 33000.0000, 0.0000, 'JHG', 'JAHE GAJAH', ''),
(750, 266, 21, 1.0000, 30000.0000, 30000.0000, '0', 0.0000, 0, 0.0000, 30000.0000, 30000.0000, 0.0000, 'KCR', 'KENCUR', ''),
(751, 267, 13, 1.0000, 35000.0000, 35000.0000, '0', 0.0000, 0, 0.0000, 35000.0000, 35000.0000, 0.0000, 'JHG', 'JAHE GAJAH', ''),
(752, 267, 16, 1.0000, 7000.0000, 7000.0000, '0', 0.0000, 0, 0.0000, 7000.0000, 7000.0000, 0.0000, 'KNYT', 'KUNYIT', ''),
(753, 268, 18, 1.0000, 12000.0000, 12000.0000, '0', 0.0000, 0, 0.0000, 12000.0000, 12000.0000, 0.0000, 'TMLWK', 'TEMULAWAK', ''),
(754, 268, 21, 1.0000, 33000.0000, 33000.0000, '0', 0.0000, 0, 0.0000, 33000.0000, 33000.0000, 0.0000, 'KCR', 'KENCUR', ''),
(755, 269, 12, 1.0000, 20000.0000, 20000.0000, '0', 0.0000, 0, 0.0000, 20000.0000, 20000.0000, 0.0000, 'ASM', 'ASEM', ''),
(756, 269, 30, 2.0000, 15000.0000, 15000.0000, '0', 0.0000, 0, 0.0000, 30000.0000, 15000.0000, 0.0000, 'DAUNTKL', 'DAUN TANGKIL', '');

-- --------------------------------------------------------

--
-- Table structure for table `tec_sessions`
--

CREATE TABLE `tec_sessions` (
  `id` varchar(40) NOT NULL,
  `ip_address` varchar(45) NOT NULL,
  `timestamp` int(10) UNSIGNED NOT NULL DEFAULT 0,
  `data` blob NOT NULL
) ENGINE=InnoDB DEFAULT CHARSET=utf8;

--
-- Dumping data for table `tec_sessions`
--

INSERT INTO `tec_sessions` (`id`, `ip_address`, `timestamp`, `data`) VALUES
('018b9dd6f5187801c41eaf8e56ceba99a651bb8d', '110.138.150.232', 1607443032, 0x5f5f63695f6c6173745f726567656e65726174657c693a313630373434333033323b6964656e746974797c733a353a2261646d696e223b757365726e616d657c733a353a2261646d696e223b656d61696c7c733a31383a2261646d696e406375616e736465762e636f6d223b757365725f69647c733a313a2231223b66697273745f6e616d657c733a353a2241646d696e223b6c6173745f6e616d657c733a353a2241646d696e223b637265617465645f6f6e7c733a32313a22546875203235204a756e20323031352031303a3539223b6f6c645f6c6173745f6c6f67696e7c733a31303a2231363037343338333032223b6c6173745f69707c733a31353a223131302e3133382e3135302e323332223b6176617461727c4e3b67656e6465727c733a343a226d616c65223b67726f75705f69647c733a313a2231223b73746f72655f69647c693a313b6861735f73746f72655f69647c4e3b72656769737465725f69647c733a323a223131223b636173685f696e5f68616e647c733a363a22302e30303030223b72656769737465725f6f70656e5f74696d657c733a31393a22323032302d31312d32392032313a34383a3536223b),
('069b38b7064cad45de7ba8fcb7f5884ba5fa5a91', '34.222.238.117', 1607480072, 0x5f5f63695f6c6173745f726567656e65726174657c693a313630373438303037323b),
('0d1cbefa2adffec50aed42cec6da3c022fb04054', '112.215.66.231', 1607492897, 0x5f5f63695f6c6173745f726567656e65726174657c693a313630373439323839373b6964656e746974797c733a333a22696b69223b757365726e616d657c733a333a22696b69223b656d61696c7c733a31393a22696b694073756d62657273756275722e636f6d223b757365725f69647c733a313a2234223b66697273745f6e616d657c733a333a22496b69223b6c6173745f6e616d657c733a333a22496b69223b637265617465645f6f6e7c733a32303a2254687520332044656320323032302032333a3432223b6f6c645f6c6173745f6c6f67696e7c733a31303a2231363037333936303034223b6c6173745f69707c733a31343a223131322e3231352e36362e323236223b6176617461727c4e3b67656e6465727c733a343a226d616c65223b67726f75705f69647c733a313a2232223b73746f72655f69647c693a313b6861735f73746f72655f69647c733a313a2231223b72656769737465725f69647c733a323a223133223b636173685f696e5f68616e647c733a31313a223130303030302e30303030223b72656769737465725f6f70656e5f74696d657c733a31393a22323032302d31322d30332032333a35343a3431223b),
('0f753ceb1b2f1583d3eaa9f7054b63ef8e06bafa', '110.138.150.232', 1607449564, 0x5f5f63695f6c6173745f726567656e65726174657c693a313630373434393536343b6964656e746974797c733a353a2261646d696e223b757365726e616d657c733a353a2261646d696e223b656d61696c7c733a31383a2261646d696e406375616e736465762e636f6d223b757365725f69647c733a313a2231223b66697273745f6e616d657c733a353a2241646d696e223b6c6173745f6e616d657c733a353a2241646d696e223b637265617465645f6f6e7c733a32313a22546875203235204a756e20323031352031303a3539223b6f6c645f6c6173745f6c6f67696e7c733a31303a2231363037343338333032223b6c6173745f69707c733a31353a223131302e3133382e3135302e323332223b6176617461727c4e3b67656e6465727c733a343a226d616c65223b67726f75705f69647c733a313a2231223b73746f72655f69647c693a313b6861735f73746f72655f69647c4e3b72656769737465725f69647c733a323a223131223b636173685f696e5f68616e647c733a363a22302e30303030223b72656769737465725f6f70656e5f74696d657c733a31393a22323032302d31312d32392032313a34383a3536223b72656d6f76655f73706f7c693a313b),
('153ba523837fb6eec78928d9f5f21965d5799971', '110.138.150.232', 1607448420, 0x5f5f63695f6c6173745f726567656e65726174657c693a313630373434383432303b6964656e746974797c733a353a2261646d696e223b757365726e616d657c733a353a2261646d696e223b656d61696c7c733a31383a2261646d696e406375616e736465762e636f6d223b757365725f69647c733a313a2231223b66697273745f6e616d657c733a353a2241646d696e223b6c6173745f6e616d657c733a353a2241646d696e223b637265617465645f6f6e7c733a32313a22546875203235204a756e20323031352031303a3539223b6f6c645f6c6173745f6c6f67696e7c733a31303a2231363037343338333032223b6c6173745f69707c733a31353a223131302e3133382e3135302e323332223b6176617461727c4e3b67656e6465727c733a343a226d616c65223b67726f75705f69647c733a313a2231223b73746f72655f69647c693a313b6861735f73746f72655f69647c4e3b72656769737465725f69647c733a323a223131223b636173685f696e5f68616e647c733a363a22302e30303030223b72656769737465725f6f70656e5f74696d657c733a31393a22323032302d31312d32392032313a34383a3536223b72656d6f76655f73706f7c693a313b),
('19c41aebfca15bfa64c16aeb51f0cdb8749856ca', '110.138.150.232', 1607440966, 0x5f5f63695f6c6173745f726567656e65726174657c693a313630373434303936363b6964656e746974797c733a353a2261646d696e223b757365726e616d657c733a353a2261646d696e223b656d61696c7c733a31383a2261646d696e406375616e736465762e636f6d223b757365725f69647c733a313a2231223b66697273745f6e616d657c733a353a2241646d696e223b6c6173745f6e616d657c733a353a2241646d696e223b637265617465645f6f6e7c733a32313a22546875203235204a756e20323031352031303a3539223b6f6c645f6c6173745f6c6f67696e7c733a31303a2231363037343338333032223b6c6173745f69707c733a31353a223131302e3133382e3135302e323332223b6176617461727c4e3b67656e6465727c733a343a226d616c65223b67726f75705f69647c733a313a2231223b73746f72655f69647c693a313b6861735f73746f72655f69647c4e3b72656769737465725f69647c733a323a223131223b636173685f696e5f68616e647c733a363a22302e30303030223b72656769737465725f6f70656e5f74696d657c733a31393a22323032302d31312d32392032313a34383a3536223b),
('1fd53059807a27b5103e8f1e5f9b9fd8c3a684f8', '112.215.66.236', 1607489782, 0x5f5f63695f6c6173745f726567656e65726174657c693a313630373438393738323b6964656e746974797c733a333a22696b69223b757365726e616d657c733a333a22696b69223b656d61696c7c733a31393a22696b694073756d62657273756275722e636f6d223b757365725f69647c733a313a2234223b66697273745f6e616d657c733a333a22496b69223b6c6173745f6e616d657c733a333a22496b69223b637265617465645f6f6e7c733a32303a2254687520332044656320323032302032333a3432223b6f6c645f6c6173745f6c6f67696e7c733a31303a2231363037333936303034223b6c6173745f69707c733a31343a223131322e3231352e36362e323236223b6176617461727c4e3b67656e6465727c733a343a226d616c65223b67726f75705f69647c733a313a2232223b73746f72655f69647c693a313b6861735f73746f72655f69647c733a313a2231223b72656769737465725f69647c733a323a223133223b636173685f696e5f68616e647c733a31313a223130303030302e30303030223b72656769737465725f6f70656e5f74696d657c733a31393a22323032302d31322d30332032333a35343a3431223b726d73706f737c693a313b6d6573736167657c733a33303a2250656e6a75616c616e20626572686173696c20646974616d6261686b616e223b5f5f63695f766172737c613a313a7b733a373a226d657373616765223b733a333a226f6c64223b7d),
('26915cf22d3211cba986ad65f7bd3d2fc4f1a89b', '112.215.66.234', 1607438163, 0x5f5f63695f6c6173745f726567656e65726174657c693a313630373433383136333b6964656e746974797c733a333a22696b69223b757365726e616d657c733a333a22696b69223b656d61696c7c733a31393a22696b694073756d62657273756275722e636f6d223b757365725f69647c733a313a2234223b66697273745f6e616d657c733a333a22496b69223b6c6173745f6e616d657c733a333a22496b69223b637265617465645f6f6e7c733a32303a2254687520332044656320323032302032333a3432223b6f6c645f6c6173745f6c6f67696e7c733a31303a2231363037333133393838223b6c6173745f69707c733a31343a223131322e3231352e36362e323338223b6176617461727c4e3b67656e6465727c733a343a226d616c65223b67726f75705f69647c733a313a2232223b73746f72655f69647c693a313b6861735f73746f72655f69647c733a313a2231223b72656769737465725f69647c733a323a223133223b636173685f696e5f68616e647c733a31313a223130303030302e30303030223b72656769737465725f6f70656e5f74696d657c733a31393a22323032302d31322d30332032333a35343a3431223b),
('26ce5e6ed1bddee469b3aff613d9bcda4eab20ea', '114.116.237.9', 1607453688, 0x5f5f63695f6c6173745f726567656e65726174657c693a313630373435333638373b),
('2d72868111e4866ae7a087d42b90a76d3186bfd5', '103.213.128.118', 1607455904, 0x5f5f63695f6c6173745f726567656e65726174657c693a313630373435353832373b6964656e746974797c733a353a2261646d696e223b757365726e616d657c733a353a2261646d696e223b656d61696c7c733a31383a2261646d696e406375616e736465762e636f6d223b757365725f69647c733a313a2231223b66697273745f6e616d657c733a353a2241646d696e223b6c6173745f6e616d657c733a353a2241646d696e223b637265617465645f6f6e7c733a32313a22546875203235204a756e20323031352031303a3539223b6f6c645f6c6173745f6c6f67696e7c733a31303a2231363037343339313833223b6c6173745f69707c733a31353a223131302e3133382e3135302e323332223b6176617461727c4e3b67656e6465727c733a343a226d616c65223b67726f75705f69647c733a313a2231223b73746f72655f69647c733a313a2231223b6861735f73746f72655f69647c4e3b72656769737465725f69647c733a323a223131223b636173685f696e5f68616e647c733a363a22302e30303030223b72656769737465725f6f70656e5f74696d657c733a31393a22323032302d31312d32392032313a34383a3536223b),
('2dec907c9e7444e571dc354ddff98207f3eaa398', '110.138.150.232', 1607441600, 0x5f5f63695f6c6173745f726567656e65726174657c693a313630373434313630303b6964656e746974797c733a353a2261646d696e223b757365726e616d657c733a353a2261646d696e223b656d61696c7c733a31383a2261646d696e406375616e736465762e636f6d223b757365725f69647c733a313a2231223b66697273745f6e616d657c733a353a2241646d696e223b6c6173745f6e616d657c733a353a2241646d696e223b637265617465645f6f6e7c733a32313a22546875203235204a756e20323031352031303a3539223b6f6c645f6c6173745f6c6f67696e7c733a31303a2231363037343338333032223b6c6173745f69707c733a31353a223131302e3133382e3135302e323332223b6176617461727c4e3b67656e6465727c733a343a226d616c65223b67726f75705f69647c733a313a2231223b73746f72655f69647c693a313b6861735f73746f72655f69647c4e3b72656769737465725f69647c733a323a223131223b636173685f696e5f68616e647c733a363a22302e30303030223b72656769737465725f6f70656e5f74696d657c733a31393a22323032302d31312d32392032313a34383a3536223b),
('305b5bd414203eb5fa4bf18e4f8d2707ab520ac7', '112.215.66.228', 1607448269, 0x5f5f63695f6c6173745f726567656e65726174657c693a313630373434383236393b6964656e746974797c733a333a22696b69223b757365726e616d657c733a333a22696b69223b656d61696c7c733a31393a22696b694073756d62657273756275722e636f6d223b757365725f69647c733a313a2234223b66697273745f6e616d657c733a333a22496b69223b6c6173745f6e616d657c733a333a22496b69223b637265617465645f6f6e7c733a32303a2254687520332044656320323032302032333a3432223b6f6c645f6c6173745f6c6f67696e7c733a31303a2231363037333133393838223b6c6173745f69707c733a31343a223131322e3231352e36362e323338223b6176617461727c4e3b67656e6465727c733a343a226d616c65223b67726f75705f69647c733a313a2232223b73746f72655f69647c693a313b6861735f73746f72655f69647c733a313a2231223b72656769737465725f69647c733a323a223133223b636173685f696e5f68616e647c733a31313a223130303030302e30303030223b72656769737465725f6f70656e5f74696d657c733a31393a22323032302d31322d30332032333a35343a3431223b),
('3170db606fc5537468f69eea7c89fe2d991f3bb7', '121.199.22.143', 1607453687, 0x5f5f63695f6c6173745f726567656e65726174657c693a313630373435333638373b),
('40ee8763f47cde4a797edc0129ca5877fbc57db9', '112.215.66.238', 1607443631, 0x5f5f63695f6c6173745f726567656e65726174657c693a313630373434333633313b6964656e746974797c733a333a22696b69223b757365726e616d657c733a333a22696b69223b656d61696c7c733a31393a22696b694073756d62657273756275722e636f6d223b757365725f69647c733a313a2234223b66697273745f6e616d657c733a333a22496b69223b6c6173745f6e616d657c733a333a22496b69223b637265617465645f6f6e7c733a32303a2254687520332044656320323032302032333a3432223b6f6c645f6c6173745f6c6f67696e7c733a31303a2231363037333133393838223b6c6173745f69707c733a31343a223131322e3231352e36362e323338223b6176617461727c4e3b67656e6465727c733a343a226d616c65223b67726f75705f69647c733a313a2232223b73746f72655f69647c733a313a2231223b6861735f73746f72655f69647c733a313a2231223b72656769737465725f69647c733a323a223133223b636173685f696e5f68616e647c733a31313a223130303030302e30303030223b72656769737465725f6f70656e5f74696d657c733a31393a22323032302d31322d30332032333a35343a3431223b),
('433541db84a9e102711dabb830f3483392ac1d6a', '110.138.150.232', 1607449144, 0x5f5f63695f6c6173745f726567656e65726174657c693a313630373434393134343b6964656e746974797c733a353a2261646d696e223b757365726e616d657c733a353a2261646d696e223b656d61696c7c733a31383a2261646d696e406375616e736465762e636f6d223b757365725f69647c733a313a2231223b66697273745f6e616d657c733a353a2241646d696e223b6c6173745f6e616d657c733a353a2241646d696e223b637265617465645f6f6e7c733a32313a22546875203235204a756e20323031352031303a3539223b6f6c645f6c6173745f6c6f67696e7c733a31303a2231363037343338333032223b6c6173745f69707c733a31353a223131302e3133382e3135302e323332223b6176617461727c4e3b67656e6465727c733a343a226d616c65223b67726f75705f69647c733a313a2231223b73746f72655f69647c693a313b6861735f73746f72655f69647c4e3b72656769737465725f69647c733a323a223131223b636173685f696e5f68616e647c733a363a22302e30303030223b72656769737465725f6f70656e5f74696d657c733a31393a22323032302d31312d32392032313a34383a3536223b72656d6f76655f73706f7c693a313b),
('43be69ca70780cecde1bc467770a9ff320485141', '112.215.66.235', 1607491433, 0x5f5f63695f6c6173745f726567656e65726174657c693a313630373439313433333b6964656e746974797c733a333a22696b69223b757365726e616d657c733a333a22696b69223b656d61696c7c733a31393a22696b694073756d62657273756275722e636f6d223b757365725f69647c733a313a2234223b66697273745f6e616d657c733a333a22496b69223b6c6173745f6e616d657c733a333a22496b69223b637265617465645f6f6e7c733a32303a2254687520332044656320323032302032333a3432223b6f6c645f6c6173745f6c6f67696e7c733a31303a2231363037333936303034223b6c6173745f69707c733a31343a223131322e3231352e36362e323236223b6176617461727c4e3b67656e6465727c733a343a226d616c65223b67726f75705f69647c733a313a2232223b73746f72655f69647c693a313b6861735f73746f72655f69647c733a313a2231223b72656769737465725f69647c733a323a223133223b636173685f696e5f68616e647c733a31313a223130303030302e30303030223b72656769737465725f6f70656e5f74696d657c733a31393a22323032302d31322d30332032333a35343a3431223b),
('49ad3346e98c2192d3278744211cd0c910673bf9', '112.215.66.239', 1607492897, 0x5f5f63695f6c6173745f726567656e65726174657c693a313630373439323839373b6964656e746974797c733a333a22696b69223b757365726e616d657c733a333a22696b69223b656d61696c7c733a31393a22696b694073756d62657273756275722e636f6d223b757365725f69647c733a313a2234223b66697273745f6e616d657c733a333a22496b69223b6c6173745f6e616d657c733a333a22496b69223b637265617465645f6f6e7c733a32303a2254687520332044656320323032302032333a3432223b6f6c645f6c6173745f6c6f67696e7c733a31303a2231363037333936303034223b6c6173745f69707c733a31343a223131322e3231352e36362e323236223b6176617461727c4e3b67656e6465727c733a343a226d616c65223b67726f75705f69647c733a313a2232223b73746f72655f69647c693a313b6861735f73746f72655f69647c733a313a2231223b72656769737465725f69647c733a323a223133223b636173685f696e5f68616e647c733a31313a223130303030302e30303030223b72656769737465725f6f70656e5f74696d657c733a31393a22323032302d31322d30332032333a35343a3431223b726d73706f737c693a313b6d6573736167657c733a33303a2250656e6a75616c616e20626572686173696c20646974616d6261686b616e223b5f5f63695f766172737c613a313a7b733a373a226d657373616765223b733a333a226f6c64223b7d),
('51fcb523070296b15139b368767ead2a78f415d7', '110.138.150.232', 1607443717, 0x5f5f63695f6c6173745f726567656e65726174657c693a313630373434333731373b6964656e746974797c733a353a2261646d696e223b757365726e616d657c733a353a2261646d696e223b656d61696c7c733a31383a2261646d696e406375616e736465762e636f6d223b757365725f69647c733a313a2231223b66697273745f6e616d657c733a353a2241646d696e223b6c6173745f6e616d657c733a353a2241646d696e223b637265617465645f6f6e7c733a32313a22546875203235204a756e20323031352031303a3539223b6f6c645f6c6173745f6c6f67696e7c733a31303a2231363037343338333032223b6c6173745f69707c733a31353a223131302e3133382e3135302e323332223b6176617461727c4e3b67656e6465727c733a343a226d616c65223b67726f75705f69647c733a313a2231223b73746f72655f69647c693a313b6861735f73746f72655f69647c4e3b72656769737465725f69647c733a323a223131223b636173685f696e5f68616e647c733a363a22302e30303030223b72656769737465725f6f70656e5f74696d657c733a31393a22323032302d31312d32392032313a34383a3536223b72656d6f76655f73706f7c693a313b),
('524caaeb4467e55b700e37e9d56f8fbafa21c0dd', '112.215.66.229', 1607442780, 0x5f5f63695f6c6173745f726567656e65726174657c693a313630373434323738303b6964656e746974797c733a333a22696b69223b757365726e616d657c733a333a22696b69223b656d61696c7c733a31393a22696b694073756d62657273756275722e636f6d223b757365725f69647c733a313a2234223b66697273745f6e616d657c733a333a22496b69223b6c6173745f6e616d657c733a333a22496b69223b637265617465645f6f6e7c733a32303a2254687520332044656320323032302032333a3432223b6f6c645f6c6173745f6c6f67696e7c733a31303a2231363037333133393838223b6c6173745f69707c733a31343a223131322e3231352e36362e323338223b6176617461727c4e3b67656e6465727c733a343a226d616c65223b67726f75705f69647c733a313a2232223b73746f72655f69647c693a313b6861735f73746f72655f69647c733a313a2231223b72656769737465725f69647c733a323a223133223b636173685f696e5f68616e647c733a31313a223130303030302e30303030223b72656769737465725f6f70656e5f74696d657c733a31393a22323032302d31322d30332032333a35343a3431223b),
('53445407f736a2c5eeb5aa701fc56018d22b479e', '112.215.66.227', 1607446740, 0x5f5f63695f6c6173745f726567656e65726174657c693a313630373434363734303b6964656e746974797c733a333a22696b69223b757365726e616d657c733a333a22696b69223b656d61696c7c733a31393a22696b694073756d62657273756275722e636f6d223b757365725f69647c733a313a2234223b66697273745f6e616d657c733a333a22496b69223b6c6173745f6e616d657c733a333a22496b69223b637265617465645f6f6e7c733a32303a2254687520332044656320323032302032333a3432223b6f6c645f6c6173745f6c6f67696e7c733a31303a2231363037333133393838223b6c6173745f69707c733a31343a223131322e3231352e36362e323338223b6176617461727c4e3b67656e6465727c733a343a226d616c65223b67726f75705f69647c733a313a2232223b73746f72655f69647c693a313b6861735f73746f72655f69647c733a313a2231223b72656769737465725f69647c733a323a223133223b636173685f696e5f68616e647c733a31313a223130303030302e30303030223b72656769737465725f6f70656e5f74696d657c733a31393a22323032302d31322d30332032333a35343a3431223b),
('579cd500fe8222bb0ab571e06bf507ed5d9348f0', '110.138.150.232', 1607439864, 0x5f5f63695f6c6173745f726567656e65726174657c693a313630373433393836343b6964656e746974797c733a353a2261646d696e223b757365726e616d657c733a353a2261646d696e223b656d61696c7c733a31383a2261646d696e406375616e736465762e636f6d223b757365725f69647c733a313a2231223b66697273745f6e616d657c733a353a2241646d696e223b6c6173745f6e616d657c733a353a2241646d696e223b637265617465645f6f6e7c733a32313a22546875203235204a756e20323031352031303a3539223b6f6c645f6c6173745f6c6f67696e7c733a31303a2231363037343338333032223b6c6173745f69707c733a31353a223131302e3133382e3135302e323332223b6176617461727c4e3b67656e6465727c733a343a226d616c65223b67726f75705f69647c733a313a2231223b73746f72655f69647c693a313b6861735f73746f72655f69647c4e3b72656769737465725f69647c733a323a223131223b636173685f696e5f68616e647c733a363a22302e30303030223b72656769737465725f6f70656e5f74696d657c733a31393a22323032302d31312d32392032313a34383a3536223b),
('5a1ee5a1f7c694c316704ebaabcb124b79856aa7', '112.215.66.231', 1607446431, 0x5f5f63695f6c6173745f726567656e65726174657c693a313630373434363433313b6964656e746974797c733a333a22696b69223b757365726e616d657c733a333a22696b69223b656d61696c7c733a31393a22696b694073756d62657273756275722e636f6d223b757365725f69647c733a313a2234223b66697273745f6e616d657c733a333a22496b69223b6c6173745f6e616d657c733a333a22496b69223b637265617465645f6f6e7c733a32303a2254687520332044656320323032302032333a3432223b6f6c645f6c6173745f6c6f67696e7c733a31303a2231363037333133393838223b6c6173745f69707c733a31343a223131322e3231352e36362e323338223b6176617461727c4e3b67656e6465727c733a343a226d616c65223b67726f75705f69647c733a313a2232223b73746f72655f69647c733a313a2231223b6861735f73746f72655f69647c733a313a2231223b72656769737465725f69647c733a323a223133223b636173685f696e5f68616e647c733a31313a223130303030302e30303030223b72656769737465725f6f70656e5f74696d657c733a31393a22323032302d31322d30332032333a35343a3431223b),
('6d787bb29186e8ebec92295d953a587f177a2442', '112.215.66.239', 1607439613, 0x5f5f63695f6c6173745f726567656e65726174657c693a313630373433393631333b6964656e746974797c733a333a22696b69223b757365726e616d657c733a333a22696b69223b656d61696c7c733a31393a22696b694073756d62657273756275722e636f6d223b757365725f69647c733a313a2234223b66697273745f6e616d657c733a333a22496b69223b6c6173745f6e616d657c733a333a22496b69223b637265617465645f6f6e7c733a32303a2254687520332044656320323032302032333a3432223b6f6c645f6c6173745f6c6f67696e7c733a31303a2231363037333133393838223b6c6173745f69707c733a31343a223131322e3231352e36362e323338223b6176617461727c4e3b67656e6465727c733a343a226d616c65223b67726f75705f69647c733a313a2232223b73746f72655f69647c693a313b6861735f73746f72655f69647c733a313a2231223b72656769737465725f69647c733a323a223133223b636173685f696e5f68616e647c733a31313a223130303030302e30303030223b72656769737465725f6f70656e5f74696d657c733a31393a22323032302d31322d30332032333a35343a3431223b),
('742d346987abaabb86f49a9fd544b376b08a5d4b', '110.138.150.232', 1607439334, 0x5f5f63695f6c6173745f726567656e65726174657c693a313630373433393333343b6964656e746974797c733a353a2261646d696e223b757365726e616d657c733a353a2261646d696e223b656d61696c7c733a31383a2261646d696e406375616e736465762e636f6d223b757365725f69647c733a313a2231223b66697273745f6e616d657c733a353a2241646d696e223b6c6173745f6e616d657c733a353a2241646d696e223b637265617465645f6f6e7c733a32313a22546875203235204a756e20323031352031303a3539223b6f6c645f6c6173745f6c6f67696e7c733a31303a2231363037343338333032223b6c6173745f69707c733a31353a223131302e3133382e3135302e323332223b6176617461727c4e3b67656e6465727c733a343a226d616c65223b67726f75705f69647c733a313a2231223b73746f72655f69647c733a313a2231223b6861735f73746f72655f69647c4e3b72656769737465725f69647c733a323a223131223b636173685f696e5f68616e647c733a363a22302e30303030223b72656769737465725f6f70656e5f74696d657c733a31393a22323032302d31312d32392032313a34383a3536223b),
('7aec90659e78dfa47bf92ef1d08614493947c37a', '110.138.150.232', 1607444020, 0x5f5f63695f6c6173745f726567656e65726174657c693a313630373434343032303b6964656e746974797c733a353a2261646d696e223b757365726e616d657c733a353a2261646d696e223b656d61696c7c733a31383a2261646d696e406375616e736465762e636f6d223b757365725f69647c733a313a2231223b66697273745f6e616d657c733a353a2241646d696e223b6c6173745f6e616d657c733a353a2241646d696e223b637265617465645f6f6e7c733a32313a22546875203235204a756e20323031352031303a3539223b6f6c645f6c6173745f6c6f67696e7c733a31303a2231363037343338333032223b6c6173745f69707c733a31353a223131302e3133382e3135302e323332223b6176617461727c4e3b67656e6465727c733a343a226d616c65223b67726f75705f69647c733a313a2231223b73746f72655f69647c693a313b6861735f73746f72655f69647c4e3b72656769737465725f69647c733a323a223131223b636173685f696e5f68616e647c733a363a22302e30303030223b72656769737465725f6f70656e5f74696d657c733a31393a22323032302d31312d32392032313a34383a3536223b72656d6f76655f73706f7c693a313b),
('7e0c9cf33f27fb6414e3c4b3f950a56de41b9911', '110.138.150.232', 1607440258, 0x5f5f63695f6c6173745f726567656e65726174657c693a313630373434303235383b6964656e746974797c733a353a2261646d696e223b757365726e616d657c733a353a2261646d696e223b656d61696c7c733a31383a2261646d696e406375616e736465762e636f6d223b757365725f69647c733a313a2231223b66697273745f6e616d657c733a353a2241646d696e223b6c6173745f6e616d657c733a353a2241646d696e223b637265617465645f6f6e7c733a32313a22546875203235204a756e20323031352031303a3539223b6f6c645f6c6173745f6c6f67696e7c733a31303a2231363037343338333032223b6c6173745f69707c733a31353a223131302e3133382e3135302e323332223b6176617461727c4e3b67656e6465727c733a343a226d616c65223b67726f75705f69647c733a313a2231223b73746f72655f69647c693a313b6861735f73746f72655f69647c4e3b72656769737465725f69647c733a323a223131223b636173685f696e5f68616e647c733a363a22302e30303030223b72656769737465725f6f70656e5f74696d657c733a31393a22323032302d31312d32392032313a34383a3536223b),
('8940cabbbf2a4279a727b69a3dfe2e05f30b9fcc', '110.138.150.232', 1607443389, 0x5f5f63695f6c6173745f726567656e65726174657c693a313630373434333338393b6964656e746974797c733a353a2261646d696e223b757365726e616d657c733a353a2261646d696e223b656d61696c7c733a31383a2261646d696e406375616e736465762e636f6d223b757365725f69647c733a313a2231223b66697273745f6e616d657c733a353a2241646d696e223b6c6173745f6e616d657c733a353a2241646d696e223b637265617465645f6f6e7c733a32313a22546875203235204a756e20323031352031303a3539223b6f6c645f6c6173745f6c6f67696e7c733a31303a2231363037343338333032223b6c6173745f69707c733a31353a223131302e3133382e3135302e323332223b6176617461727c4e3b67656e6465727c733a343a226d616c65223b67726f75705f69647c733a313a2231223b73746f72655f69647c693a313b6861735f73746f72655f69647c4e3b72656769737465725f69647c733a323a223131223b636173685f696e5f68616e647c733a363a22302e30303030223b72656769737465725f6f70656e5f74696d657c733a31393a22323032302d31312d32392032313a34383a3536223b72656d6f76655f73706f7c693a313b),
('9ac4238083769aa74b909179f4e8b039ea6d80b4', '112.215.66.233', 1607448275, 0x5f5f63695f6c6173745f726567656e65726174657c693a313630373434383236393b),
('a634c739705776a7cbc3d75916a89be015fb0c6c', '103.213.128.118', 1607451374, 0x5f5f63695f6c6173745f726567656e65726174657c693a313630373435313337343b6964656e746974797c733a353a2261646d696e223b757365726e616d657c733a353a2261646d696e223b656d61696c7c733a31383a2261646d696e406375616e736465762e636f6d223b757365725f69647c733a313a2231223b66697273745f6e616d657c733a353a2241646d696e223b6c6173745f6e616d657c733a353a2241646d696e223b637265617465645f6f6e7c733a32313a22546875203235204a756e20323031352031303a3539223b6f6c645f6c6173745f6c6f67696e7c733a31303a2231363037343339313833223b6c6173745f69707c733a31353a223131302e3133382e3135302e323332223b6176617461727c4e3b67656e6465727c733a343a226d616c65223b67726f75705f69647c733a313a2231223b73746f72655f69647c733a313a2231223b6861735f73746f72655f69647c4e3b72656769737465725f69647c733a323a223131223b636173685f696e5f68616e647c733a363a22302e30303030223b72656769737465725f6f70656e5f74696d657c733a31393a22323032302d31312d32392032313a34383a3536223b),
('a6fb008715e6be11eaae2f170bf28b61989c828a', '112.215.66.232', 1607443104, 0x5f5f63695f6c6173745f726567656e65726174657c693a313630373434333130343b6964656e746974797c733a333a22696b69223b757365726e616d657c733a333a22696b69223b656d61696c7c733a31393a22696b694073756d62657273756275722e636f6d223b757365725f69647c733a313a2234223b66697273745f6e616d657c733a333a22496b69223b6c6173745f6e616d657c733a333a22496b69223b637265617465645f6f6e7c733a32303a2254687520332044656320323032302032333a3432223b6f6c645f6c6173745f6c6f67696e7c733a31303a2231363037333133393838223b6c6173745f69707c733a31343a223131322e3231352e36362e323338223b6176617461727c4e3b67656e6465727c733a343a226d616c65223b67726f75705f69647c733a313a2232223b73746f72655f69647c693a313b6861735f73746f72655f69647c733a313a2231223b72656769737465725f69647c733a323a223133223b636173685f696e5f68616e647c733a31313a223130303030302e30303030223b72656769737465725f6f70656e5f74696d657c733a31393a22323032302d31322d30332032333a35343a3431223b),
('ae395ae72c14eedfa7c3a9d8b0e8d07c23d97cc0', '103.213.128.118', 1607451682, 0x5f5f63695f6c6173745f726567656e65726174657c693a313630373435313638323b6964656e746974797c733a353a2261646d696e223b757365726e616d657c733a353a2261646d696e223b656d61696c7c733a31383a2261646d696e406375616e736465762e636f6d223b757365725f69647c733a313a2231223b66697273745f6e616d657c733a353a2241646d696e223b6c6173745f6e616d657c733a353a2241646d696e223b637265617465645f6f6e7c733a32313a22546875203235204a756e20323031352031303a3539223b6f6c645f6c6173745f6c6f67696e7c733a31303a2231363037343339313833223b6c6173745f69707c733a31353a223131302e3133382e3135302e323332223b6176617461727c4e3b67656e6465727c733a343a226d616c65223b67726f75705f69647c733a313a2231223b73746f72655f69647c733a313a2231223b6861735f73746f72655f69647c4e3b72656769737465725f69647c733a323a223131223b636173685f696e5f68616e647c733a363a22302e30303030223b72656769737465725f6f70656e5f74696d657c733a31393a22323032302d31312d32392032313a34383a3536223b),
('b33b3f58fabda9ad77889c2f7b722a84213b7934', '103.213.128.118', 1607453095, 0x5f5f63695f6c6173745f726567656e65726174657c693a313630373435333039353b6964656e746974797c733a353a2261646d696e223b757365726e616d657c733a353a2261646d696e223b656d61696c7c733a31383a2261646d696e406375616e736465762e636f6d223b757365725f69647c733a313a2231223b66697273745f6e616d657c733a353a2241646d696e223b6c6173745f6e616d657c733a353a2241646d696e223b637265617465645f6f6e7c733a32313a22546875203235204a756e20323031352031303a3539223b6f6c645f6c6173745f6c6f67696e7c733a31303a2231363037343339313833223b6c6173745f69707c733a31353a223131302e3133382e3135302e323332223b6176617461727c4e3b67656e6465727c733a343a226d616c65223b67726f75705f69647c733a313a2231223b73746f72655f69647c733a313a2231223b6861735f73746f72655f69647c4e3b72656769737465725f69647c733a323a223131223b636173685f696e5f68616e647c733a363a22302e30303030223b72656769737465725f6f70656e5f74696d657c733a31393a22323032302d31312d32392032313a34383a3536223b),
('b5290bf0aa6c2d27fba5eb56e1e44a6a9ef91211', '114.5.212.25', 1607441788, 0x5f5f63695f6c6173745f726567656e65726174657c693a313630373434313738383b),
('b5af160cac474e4533f92fd895c5f496f6dfbc35', '103.213.128.118', 1607455827, 0x5f5f63695f6c6173745f726567656e65726174657c693a313630373435353832373b6964656e746974797c733a353a2261646d696e223b757365726e616d657c733a353a2261646d696e223b656d61696c7c733a31383a2261646d696e406375616e736465762e636f6d223b757365725f69647c733a313a2231223b66697273745f6e616d657c733a353a2241646d696e223b6c6173745f6e616d657c733a353a2241646d696e223b637265617465645f6f6e7c733a32313a22546875203235204a756e20323031352031303a3539223b6f6c645f6c6173745f6c6f67696e7c733a31303a2231363037343339313833223b6c6173745f69707c733a31353a223131302e3133382e3135302e323332223b6176617461727c4e3b67656e6465727c733a343a226d616c65223b67726f75705f69647c733a313a2231223b73746f72655f69647c733a313a2231223b6861735f73746f72655f69647c4e3b72656769737465725f69647c733a323a223131223b636173685f696e5f68616e647c733a363a22302e30303030223b72656769737465725f6f70656e5f74696d657c733a31393a22323032302d31312d32392032313a34383a3536223b),
('b8b0c7ced445bb8c7aa4be45e03a2daecdfc3a3e', '66.249.79.242', 1607488769, 0x5f5f63695f6c6173745f726567656e65726174657c693a313630373438383736393b),
('beba2dbadce25e8b57f972ccff69287dfda8dac9', '110.138.150.232', 1607449924, 0x5f5f63695f6c6173745f726567656e65726174657c693a313630373434393932343b6964656e746974797c733a353a2261646d696e223b757365726e616d657c733a353a2261646d696e223b656d61696c7c733a31383a2261646d696e406375616e736465762e636f6d223b757365725f69647c733a313a2231223b66697273745f6e616d657c733a353a2241646d696e223b6c6173745f6e616d657c733a353a2241646d696e223b637265617465645f6f6e7c733a32313a22546875203235204a756e20323031352031303a3539223b6f6c645f6c6173745f6c6f67696e7c733a31303a2231363037343338333032223b6c6173745f69707c733a31353a223131302e3133382e3135302e323332223b6176617461727c4e3b67656e6465727c733a343a226d616c65223b67726f75705f69647c733a313a2231223b73746f72655f69647c693a313b6861735f73746f72655f69647c4e3b72656769737465725f69647c733a323a223131223b636173685f696e5f68616e647c733a363a22302e30303030223b72656769737465725f6f70656e5f74696d657c733a31393a22323032302d31312d32392032313a34383a3536223b72656d6f76655f73706f7c693a313b),
('c4a41b5684fccdcc357ff6a4c1f67938ef813513', '112.215.66.235', 1607487240, 0x5f5f63695f6c6173745f726567656e65726174657c693a313630373438373234303b6964656e746974797c733a333a22696b69223b757365726e616d657c733a333a22696b69223b656d61696c7c733a31393a22696b694073756d62657273756275722e636f6d223b757365725f69647c733a313a2234223b66697273745f6e616d657c733a333a22496b69223b6c6173745f6e616d657c733a333a22496b69223b637265617465645f6f6e7c733a32303a2254687520332044656320323032302032333a3432223b6f6c645f6c6173745f6c6f67696e7c733a31303a2231363037333936303034223b6c6173745f69707c733a31343a223131322e3231352e36362e323236223b6176617461727c4e3b67656e6465727c733a343a226d616c65223b67726f75705f69647c733a313a2232223b73746f72655f69647c693a313b6861735f73746f72655f69647c733a313a2231223b72656769737465725f69647c733a323a223133223b636173685f696e5f68616e647c733a31313a223130303030302e30303030223b72656769737465725f6f70656e5f74696d657c733a31393a22323032302d31322d30332032333a35343a3431223b),
('d4457181303e40e124eab47ae4ff50a430c8f567', '119.3.153.66', 1607453696, 0x5f5f63695f6c6173745f726567656e65726174657c693a313630373435333639353b),
('e3b6b970dd2301f3ef349466d5053a6660830f0c', '110.138.150.232', 1607440661, 0x5f5f63695f6c6173745f726567656e65726174657c693a313630373434303636313b6964656e746974797c733a353a2261646d696e223b757365726e616d657c733a353a2261646d696e223b656d61696c7c733a31383a2261646d696e406375616e736465762e636f6d223b757365725f69647c733a313a2231223b66697273745f6e616d657c733a353a2241646d696e223b6c6173745f6e616d657c733a353a2241646d696e223b637265617465645f6f6e7c733a32313a22546875203235204a756e20323031352031303a3539223b6f6c645f6c6173745f6c6f67696e7c733a31303a2231363037343338333032223b6c6173745f69707c733a31353a223131302e3133382e3135302e323332223b6176617461727c4e3b67656e6465727c733a343a226d616c65223b67726f75705f69647c733a313a2231223b73746f72655f69647c693a313b6861735f73746f72655f69647c4e3b72656769737465725f69647c733a323a223131223b636173685f696e5f68616e647c733a363a22302e30303030223b72656769737465725f6f70656e5f74696d657c733a31393a22323032302d31312d32392032313a34383a3536223b),
('ea42f70ba024576baf03efe7c0907ca56583df1d', '34.222.238.117', 1607480073, 0x5f5f63695f6c6173745f726567656e65726174657c693a313630373438303037333b),
('eb8a4532cd16d81577a876228db0f85dfba1bf0c', '103.213.128.118', 1607448941, 0x5f5f63695f6c6173745f726567656e65726174657c693a313630373434383934313b6964656e746974797c733a353a2261646d696e223b757365726e616d657c733a353a2261646d696e223b656d61696c7c733a31383a2261646d696e406375616e736465762e636f6d223b757365725f69647c733a313a2231223b66697273745f6e616d657c733a353a2241646d696e223b6c6173745f6e616d657c733a353a2241646d696e223b637265617465645f6f6e7c733a32313a22546875203235204a756e20323031352031303a3539223b6f6c645f6c6173745f6c6f67696e7c733a31303a2231363037343339313833223b6c6173745f69707c733a31353a223131302e3133382e3135302e323332223b6176617461727c4e3b67656e6465727c733a343a226d616c65223b67726f75705f69647c733a313a2231223b73746f72655f69647c733a313a2231223b6861735f73746f72655f69647c4e3b72656769737465725f69647c733a323a223131223b636173685f696e5f68616e647c733a363a22302e30303030223b72656769737465725f6f70656e5f74696d657c733a31393a22323032302d31312d32392032313a34383a3536223b),
('eec5e01add2645303b94cedcc8b5291331266761', '110.138.150.232', 1607448746, 0x5f5f63695f6c6173745f726567656e65726174657c693a313630373434383734363b6964656e746974797c733a353a2261646d696e223b757365726e616d657c733a353a2261646d696e223b656d61696c7c733a31383a2261646d696e406375616e736465762e636f6d223b757365725f69647c733a313a2231223b66697273745f6e616d657c733a353a2241646d696e223b6c6173745f6e616d657c733a353a2241646d696e223b637265617465645f6f6e7c733a32313a22546875203235204a756e20323031352031303a3539223b6f6c645f6c6173745f6c6f67696e7c733a31303a2231363037343338333032223b6c6173745f69707c733a31353a223131302e3133382e3135302e323332223b6176617461727c4e3b67656e6465727c733a343a226d616c65223b67726f75705f69647c733a313a2231223b73746f72655f69647c693a313b6861735f73746f72655f69647c4e3b72656769737465725f69647c733a323a223131223b636173685f696e5f68616e647c733a363a22302e30303030223b72656769737465725f6f70656e5f74696d657c733a31393a22323032302d31312d32392032313a34383a3536223b72656d6f76655f73706f7c693a313b),
('f1365fdb482833254daae82b650b0f8a31378940', '114.5.212.25', 1607449404, 0x5f5f63695f6c6173745f726567656e65726174657c693a313630373434393232333b6964656e746974797c733a353a2261646d696e223b757365726e616d657c733a353a2261646d696e223b656d61696c7c733a31383a2261646d696e406375616e736465762e636f6d223b757365725f69647c733a313a2231223b66697273745f6e616d657c733a353a2241646d696e223b6c6173745f6e616d657c733a353a2241646d696e223b637265617465645f6f6e7c733a32313a22546875203235204a756e20323031352031303a3539223b6f6c645f6c6173745f6c6f67696e7c733a31303a2231363037343435363131223b6c6173745f69707c733a31353a223130332e3231332e3132382e313138223b6176617461727c4e3b67656e6465727c733a343a226d616c65223b67726f75705f69647c733a313a2231223b73746f72655f69647c733a313a2231223b6861735f73746f72655f69647c4e3b72656769737465725f69647c733a323a223131223b636173685f696e5f68616e647c733a363a22302e30303030223b72656769737465725f6f70656e5f74696d657c733a31393a22323032302d31312d32392032313a34383a3536223b),
('f31dc7a90b6c4e1633711fd1429041d53d1621b2', '47.252.80.226', 1607453698, 0x5f5f63695f6c6173745f726567656e65726174657c693a313630373435333639343b),
('f660f433dcf6f541ebc073ac744d2ce96713020e', '110.138.150.232', 1607438566, 0x5f5f63695f6c6173745f726567656e65726174657c693a313630373433383536363b6964656e746974797c733a353a2261646d696e223b757365726e616d657c733a353a2261646d696e223b656d61696c7c733a31383a2261646d696e406375616e736465762e636f6d223b757365725f69647c733a313a2231223b66697273745f6e616d657c733a353a2241646d696e223b6c6173745f6e616d657c733a353a2241646d696e223b637265617465645f6f6e7c733a32313a22546875203235204a756e20323031352031303a3539223b6f6c645f6c6173745f6c6f67696e7c733a31303a2231363037343330323835223b6c6173745f69707c733a31353a223131302e3133382e3135302e323332223b6176617461727c4e3b67656e6465727c733a343a226d616c65223b67726f75705f69647c733a313a2231223b73746f72655f69647c733a313a2231223b6861735f73746f72655f69647c4e3b72656769737465725f69647c733a323a223131223b636173685f696e5f68616e647c733a363a22302e30303030223b72656769737465725f6f70656e5f74696d657c733a31393a22323032302d31312d32392032313a34383a3536223b),
('f6db9b805fb6cf027a18668671e8de7b982bde1f', '110.138.150.232', 1607438566, 0x5f5f63695f6c6173745f726567656e65726174657c693a313630373433383536363b6964656e746974797c733a353a2261646d696e223b757365726e616d657c733a353a2261646d696e223b656d61696c7c733a31383a2261646d696e406375616e736465762e636f6d223b757365725f69647c733a313a2231223b66697273745f6e616d657c733a353a2241646d696e223b6c6173745f6e616d657c733a353a2241646d696e223b637265617465645f6f6e7c733a32313a22546875203235204a756e20323031352031303a3539223b6f6c645f6c6173745f6c6f67696e7c733a31303a2231363037343330323835223b6c6173745f69707c733a31353a223131302e3133382e3135302e323332223b6176617461727c4e3b67656e6465727c733a343a226d616c65223b67726f75705f69647c733a313a2231223b73746f72655f69647c733a313a2231223b6861735f73746f72655f69647c4e3b72656769737465725f69647c733a323a223131223b636173685f696e5f68616e647c733a363a22302e30303030223b72656769737465725f6f70656e5f74696d657c733a31393a22323032302d31312d32392032313a34383a3536223b),
('f7b3fab605747bbd68d4272ceaaa2fa480bef56c', '110.138.150.232', 1607449938, 0x5f5f63695f6c6173745f726567656e65726174657c693a313630373434393932343b6964656e746974797c733a353a2261646d696e223b757365726e616d657c733a353a2261646d696e223b656d61696c7c733a31383a2261646d696e406375616e736465762e636f6d223b757365725f69647c733a313a2231223b66697273745f6e616d657c733a353a2241646d696e223b6c6173745f6e616d657c733a353a2241646d696e223b637265617465645f6f6e7c733a32313a22546875203235204a756e20323031352031303a3539223b6f6c645f6c6173745f6c6f67696e7c733a31303a2231363037343338333032223b6c6173745f69707c733a31353a223131302e3133382e3135302e323332223b6176617461727c4e3b67656e6465727c733a343a226d616c65223b67726f75705f69647c733a313a2231223b73746f72655f69647c693a313b6861735f73746f72655f69647c4e3b72656769737465725f69647c733a323a223131223b636173685f696e5f68616e647c733a363a22302e30303030223b72656769737465725f6f70656e5f74696d657c733a31393a22323032302d31312d32392032313a34383a3536223b72656d6f76655f73706f7c693a313b),
('f800336b9a5cade8a469f74421926e0a54ff7144', '66.249.79.177', 1607488769, 0x5f5f63695f6c6173745f726567656e65726174657c693a313630373438383736393b);

-- --------------------------------------------------------

--
-- Table structure for table `tec_settings`
--

CREATE TABLE `tec_settings` (
  `setting_id` int(1) NOT NULL,
  `logo` varchar(255) NOT NULL,
  `site_name` varchar(55) NOT NULL,
  `tel` varchar(20) NOT NULL,
  `dateformat` varchar(20) DEFAULT NULL,
  `timeformat` varchar(20) DEFAULT NULL,
  `default_email` varchar(100) NOT NULL,
  `language` varchar(20) NOT NULL,
  `version` varchar(10) NOT NULL DEFAULT '1.0',
  `theme` varchar(20) NOT NULL,
  `timezone` varchar(255) NOT NULL DEFAULT '0',
  `protocol` varchar(20) NOT NULL DEFAULT 'mail',
  `smtp_host` varchar(255) DEFAULT NULL,
  `smtp_user` varchar(100) DEFAULT NULL,
  `smtp_pass` varchar(255) DEFAULT NULL,
  `smtp_port` varchar(10) DEFAULT '25',
  `smtp_crypto` varchar(5) DEFAULT NULL,
  `mmode` tinyint(1) NOT NULL,
  `captcha` tinyint(1) NOT NULL DEFAULT 1,
  `mailpath` varchar(55) DEFAULT NULL,
  `currency_prefix` varchar(3) NOT NULL,
  `default_customer` int(11) NOT NULL,
  `default_tax_rate` varchar(20) NOT NULL,
  `rows_per_page` int(2) NOT NULL,
  `total_rows` int(2) NOT NULL,
  `header` varchar(1000) DEFAULT NULL,
  `footer` varchar(1000) DEFAULT NULL,
  `bsty` tinyint(4) NOT NULL,
  `display_kb` tinyint(4) NOT NULL,
  `default_category` int(11) NOT NULL,
  `default_discount` varchar(20) NOT NULL,
  `item_addition` tinyint(1) NOT NULL,
  `barcode_symbology` varchar(55) DEFAULT NULL,
  `pro_limit` tinyint(4) NOT NULL,
  `decimals` tinyint(1) NOT NULL DEFAULT 2,
  `thousands_sep` varchar(2) NOT NULL DEFAULT ',',
  `decimals_sep` varchar(2) NOT NULL DEFAULT '.',
  `focus_add_item` varchar(55) DEFAULT NULL,
  `add_customer` varchar(55) DEFAULT NULL,
  `toggle_category_slider` varchar(55) DEFAULT NULL,
  `cancel_sale` varchar(55) DEFAULT NULL,
  `suspend_sale` varchar(55) DEFAULT NULL,
  `print_order` varchar(55) DEFAULT NULL,
  `print_bill` varchar(55) DEFAULT NULL,
  `finalize_sale` varchar(55) DEFAULT NULL,
  `today_sale` varchar(55) DEFAULT NULL,
  `open_hold_bills` varchar(55) DEFAULT NULL,
  `close_register` varchar(55) DEFAULT NULL,
  `java_applet` tinyint(1) NOT NULL,
  `receipt_printer` varchar(55) DEFAULT NULL,
  `pos_printers` varchar(255) DEFAULT NULL,
  `cash_drawer_codes` varchar(55) DEFAULT NULL,
  `char_per_line` tinyint(4) DEFAULT 42,
  `rounding` tinyint(1) DEFAULT 0,
  `pin_code` varchar(20) DEFAULT NULL,
  `stripe` tinyint(1) DEFAULT NULL,
  `stripe_secret_key` varchar(100) DEFAULT NULL,
  `stripe_publishable_key` varchar(100) DEFAULT NULL,
  `purchase_code` varchar(100) DEFAULT NULL,
  `envato_username` varchar(50) DEFAULT NULL,
  `theme_style` varchar(25) DEFAULT 'green',
  `after_sale_page` tinyint(1) DEFAULT NULL,
  `overselling` tinyint(1) DEFAULT 1,
  `multi_store` tinyint(1) DEFAULT NULL,
  `qty_decimals` tinyint(1) DEFAULT 2,
  `symbol` varchar(55) DEFAULT NULL,
  `sac` tinyint(1) DEFAULT 0,
  `display_symbol` tinyint(1) DEFAULT NULL,
  `remote_printing` tinyint(1) DEFAULT 1,
  `printer` int(11) DEFAULT NULL,
  `order_printers` varchar(55) DEFAULT NULL,
  `auto_print` tinyint(1) DEFAULT 0,
  `local_printers` tinyint(1) DEFAULT NULL,
  `rtl` tinyint(1) DEFAULT NULL,
  `print_img` tinyint(1) DEFAULT NULL
) ENGINE=InnoDB DEFAULT CHARSET=utf8;

--
-- Dumping data for table `tec_settings`
--

INSERT INTO `tec_settings` (`setting_id`, `logo`, `site_name`, `tel`, `dateformat`, `timeformat`, `default_email`, `language`, `version`, `theme`, `timezone`, `protocol`, `smtp_host`, `smtp_user`, `smtp_pass`, `smtp_port`, `smtp_crypto`, `mmode`, `captcha`, `mailpath`, `currency_prefix`, `default_customer`, `default_tax_rate`, `rows_per_page`, `total_rows`, `header`, `footer`, `bsty`, `display_kb`, `default_category`, `default_discount`, `item_addition`, `barcode_symbology`, `pro_limit`, `decimals`, `thousands_sep`, `decimals_sep`, `focus_add_item`, `add_customer`, `toggle_category_slider`, `cancel_sale`, `suspend_sale`, `print_order`, `print_bill`, `finalize_sale`, `today_sale`, `open_hold_bills`, `close_register`, `java_applet`, `receipt_printer`, `pos_printers`, `cash_drawer_codes`, `char_per_line`, `rounding`, `pin_code`, `stripe`, `stripe_secret_key`, `stripe_publishable_key`, `purchase_code`, `envato_username`, `theme_style`, `after_sale_page`, `overselling`, `multi_store`, `qty_decimals`, `symbol`, `sac`, `display_symbol`, `remote_printing`, `printer`, `order_printers`, `auto_print`, `local_printers`, `rtl`, `print_img`) VALUES
(1, 'logo1.png', 'SUMBER SUBUR POS', '087780006217', 'D j M Y', 'H:i', 'nugiscumi999@gmail.com', 'indonesian', '1.5.0', 'default', 'Asia/Kuala_Lumpur', 'mail', 'pop.gmail.com', 'noreply@spos.tecdiary.my', '', '25', '', 0, 0, NULL, 'IDR', 1, '0%', 10, 30, NULL, NULL, 3, 0, 1, '0', 1, NULL, 100, 0, '.', ',', 'ALT+F1', 'ALT+F2', 'ALT+F10', 'ALT+F5', 'ALT+F6', 'ALT+F11', 'ALT+F12', 'ALT+F8', 'Ctrl+F1', 'Ctrl+F2', 'ALT+F7', 0, '', '', '', 42, 1, NULL, 0, '', '', '', '', 'blue-light', 0, 0, 0, 0, 'Rp', 0, 1, 1, 1, 'null', 0, 1, 0, 0);

-- --------------------------------------------------------

--
-- Table structure for table `tec_stores`
--

CREATE TABLE `tec_stores` (
  `id` int(11) NOT NULL,
  `name` varchar(50) NOT NULL,
  `code` varchar(20) NOT NULL,
  `logo` varchar(40) DEFAULT NULL,
  `email` varchar(100) DEFAULT NULL,
  `phone` varchar(15) NOT NULL,
  `address1` varchar(50) DEFAULT NULL,
  `address2` varchar(50) DEFAULT NULL,
  `city` varchar(20) DEFAULT NULL,
  `state` varchar(20) DEFAULT NULL,
  `postal_code` varchar(8) DEFAULT NULL,
  `country` varchar(25) DEFAULT NULL,
  `currency_code` varchar(3) DEFAULT NULL,
  `receipt_header` text DEFAULT NULL,
  `receipt_footer` text DEFAULT NULL
) ENGINE=InnoDB DEFAULT CHARSET=utf8;

--
-- Dumping data for table `tec_stores`
--

INSERT INTO `tec_stores` (`id`, `name`, `code`, `logo`, `email`, `phone`, `address1`, `address2`, `city`, `state`, `postal_code`, `country`, `currency_code`, `receipt_header`, `receipt_footer`) VALUES
(1, 'SUMBER SUBUR', 'POS', '', 'waroenkmimo999@gmail.com', '087780006217', 'Pasar induk cikopo los sayur blok D3 no 97', '', '', 'Backstrad', '131410', 'Indonesia', 'MYR', '', 'This is receipt footer for store');

-- --------------------------------------------------------

--
-- Table structure for table `tec_suppliers`
--

CREATE TABLE `tec_suppliers` (
  `id` int(11) NOT NULL,
  `name` varchar(55) NOT NULL,
  `cf1` varchar(255) NOT NULL,
  `cf2` varchar(255) NOT NULL,
  `phone` varchar(20) NOT NULL,
  `email` varchar(100) NOT NULL
) ENGINE=InnoDB DEFAULT CHARSET=utf8;

--
-- Dumping data for table `tec_suppliers`
--

INSERT INTO `tec_suppliers` (`id`, `name`, `cf1`, `cf2`, `phone`, `email`) VALUES
(3, 'DARSO', '', '', '76766', ''),
(4, 'A yudi', '', '', '081366815117', ''),
(5, 'Mas bro', '', '', '082136704999', ''),
(6, 'Seno', '', '', '08785954226', ''),
(7, 'Agun', '', '', '081317343917', ''),
(8, 'Amin ', '', '', '081317343917', ''),
(9, 'Mang yaya', '', '', '081912577923', ''),
(10, 'Wardan', '', '', '085318923827', ''),
(11, 'Rusi', '', '', '085213899488', ''),
(12, 'Adi ', '', '', '085263099131', ''),
(13, 'NYANYANG', '', '', '', ''),
(14, 'NINING', '', '', '', '');

-- --------------------------------------------------------

--
-- Table structure for table `tec_suspended_items`
--

CREATE TABLE `tec_suspended_items` (
  `id` int(11) NOT NULL,
  `suspend_id` int(11) NOT NULL,
  `product_id` int(11) NOT NULL,
  `quantity` decimal(15,4) NOT NULL,
  `unit_price` decimal(25,4) NOT NULL,
  `net_unit_price` decimal(25,4) NOT NULL,
  `discount` varchar(20) DEFAULT NULL,
  `item_discount` decimal(25,4) DEFAULT NULL,
  `tax` int(20) DEFAULT NULL,
  `item_tax` decimal(25,4) DEFAULT NULL,
  `subtotal` decimal(25,4) NOT NULL,
  `real_unit_price` decimal(25,4) DEFAULT NULL,
  `product_code` varchar(50) DEFAULT NULL,
  `product_name` varchar(50) DEFAULT NULL,
  `comment` varchar(255) DEFAULT NULL
) ENGINE=InnoDB DEFAULT CHARSET=utf8;

-- --------------------------------------------------------

--
-- Table structure for table `tec_suspended_sales`
--

CREATE TABLE `tec_suspended_sales` (
  `id` int(11) NOT NULL,
  `date` datetime NOT NULL,
  `customer_id` int(11) NOT NULL,
  `customer_name` varchar(55) NOT NULL,
  `total` decimal(25,4) NOT NULL,
  `product_discount` decimal(25,4) DEFAULT NULL,
  `order_discount_id` varchar(20) DEFAULT NULL,
  `order_discount` decimal(25,4) DEFAULT NULL,
  `total_discount` decimal(25,4) DEFAULT NULL,
  `product_tax` decimal(25,4) DEFAULT NULL,
  `order_tax_id` varchar(20) DEFAULT NULL,
  `order_tax` decimal(25,4) DEFAULT NULL,
  `total_tax` decimal(25,4) DEFAULT NULL,
  `grand_total` decimal(25,4) NOT NULL,
  `total_items` int(11) DEFAULT NULL,
  `total_quantity` decimal(15,4) DEFAULT NULL,
  `paid` decimal(25,4) DEFAULT NULL,
  `created_by` int(11) DEFAULT NULL,
  `updated_by` int(11) DEFAULT NULL,
  `updated_at` datetime DEFAULT NULL,
  `note` varchar(1000) DEFAULT NULL,
  `hold_ref` varchar(255) DEFAULT NULL,
  `store_id` int(11) NOT NULL DEFAULT 1
) ENGINE=InnoDB DEFAULT CHARSET=utf8;

-- --------------------------------------------------------

--
-- Table structure for table `tec_unit`
--

CREATE TABLE `tec_unit` (
  `id` int(11) NOT NULL,
  `name` varchar(20) NOT NULL,
  `nick` varchar(5) NOT NULL
) ENGINE=InnoDB DEFAULT CHARSET=latin1;

--
-- Dumping data for table `tec_unit`
--

INSERT INTO `tec_unit` (`id`, `name`, `nick`) VALUES
(1, 'Kilogram', 'Kg'),
(2, 'Ons', 'Ons');

-- --------------------------------------------------------

--
-- Table structure for table `tec_users`
--

CREATE TABLE `tec_users` (
  `id` int(11) UNSIGNED NOT NULL,
  `last_ip_address` varbinary(45) DEFAULT NULL,
  `ip_address` varbinary(45) DEFAULT NULL,
  `username` varchar(100) NOT NULL,
  `password` varchar(40) NOT NULL,
  `salt` varchar(40) DEFAULT NULL,
  `email` varchar(100) NOT NULL,
  `activation_code` varchar(40) DEFAULT NULL,
  `forgotten_password_code` varchar(40) DEFAULT NULL,
  `forgotten_password_time` int(11) UNSIGNED DEFAULT NULL,
  `remember_code` varchar(40) DEFAULT NULL,
  `created_on` int(11) UNSIGNED NOT NULL,
  `last_login` int(11) UNSIGNED DEFAULT NULL,
  `active` tinyint(1) UNSIGNED DEFAULT NULL,
  `first_name` varchar(50) DEFAULT NULL,
  `last_name` varchar(50) DEFAULT NULL,
  `company` varchar(100) DEFAULT NULL,
  `phone` varchar(20) DEFAULT NULL,
  `avatar` varchar(55) DEFAULT NULL,
  `gender` varchar(20) DEFAULT NULL,
  `group_id` int(11) UNSIGNED NOT NULL DEFAULT 2,
  `store_id` int(11) DEFAULT NULL
) ENGINE=InnoDB DEFAULT CHARSET=utf8;

--
-- Dumping data for table `tec_users`
--

INSERT INTO `tec_users` (`id`, `last_ip_address`, `ip_address`, `username`, `password`, `salt`, `email`, `activation_code`, `forgotten_password_code`, `forgotten_password_time`, `remember_code`, `created_on`, `last_login`, `active`, `first_name`, `last_name`, `company`, `phone`, `avatar`, `gender`, `group_id`, `store_id`) VALUES
(1, 0x3131342e352e3231322e3235, 0x3132372e302e302e31, 'admin', '87cbd08558eb35b98a2e81184ee9235988f2e63d', NULL, 'admin@cuansdev.com', NULL, NULL, NULL, 'babe5b5b114953618ce7d6ceea9eacd52530d8de', 1435204774, 1607449231, 1, 'Admin', 'Admin', 'Cuansdev', '012345678', NULL, 'male', 1, NULL),
(2, NULL, 0x3130332e3231332e3132382e323534, 'bayu', '36fffd7e5a4b88f7b4bfc7f6854544a120f74ab8', NULL, 'bayoewa@gmail.com', NULL, NULL, NULL, NULL, 1606535740, 1606535740, 1, 'Bayu', 'War', NULL, '08888', NULL, 'male', 2, 1),
(3, 0x3130332e36362e3139382e3432, 0x3131322e3231352e3233352e323235, 'kasir', '9864e0f0337fbadaed1fe31320300928552e2e82', NULL, 'kasir@sumbersubur.xyz', NULL, NULL, NULL, '974c4ea17b3e6e918e450c5df7929e6a1bc3272a', 1606569552, 1606990348, 1, 'kasir', 'sumbersubur', NULL, '12345678', NULL, 'male', 2, 1),
(4, 0x3131322e3231352e36362e323236, 0x3131342e342e3231332e3330, 'iki', 'dc64690120cbdc0d2ec98909476ead729ac61220', NULL, 'iki@sumbersubur.com', NULL, NULL, NULL, '4e90b30666294de34428ff4d9936bad101be98be', 1607013729, 1607486791, 1, 'Iki', 'Iki', NULL, '000', NULL, 'male', 2, 1);

-- --------------------------------------------------------

--
-- Table structure for table `tec_user_logins`
--

CREATE TABLE `tec_user_logins` (
  `id` int(11) NOT NULL,
  `user_id` int(11) NOT NULL,
  `company_id` int(11) DEFAULT NULL,
  `ip_address` varbinary(16) NOT NULL,
  `login` varchar(100) NOT NULL,
  `time` timestamp NULL DEFAULT current_timestamp()
) ENGINE=InnoDB DEFAULT CHARSET=utf8;

--
-- Dumping data for table `tec_user_logins`
--

INSERT INTO `tec_user_logins` (`id`, `user_id`, `company_id`, `ip_address`, `login`, `time`) VALUES
(1, 1, NULL, 0x38302e32332e3132312e313134, 'admin@tecdiary.com', '2019-03-19 16:47:42'),
(2, 1, NULL, 0x3a3a31, 'admin@tecdiary.com', '2019-03-19 18:17:26'),
(3, 1, NULL, 0x3a3a31, 'admin', '2020-05-13 14:45:37'),
(4, 1, NULL, 0x3132372e302e302e31, 'admin', '2020-05-14 17:07:01'),
(5, 1, NULL, 0x3a3a31, 'admin', '2020-07-26 03:19:04'),
(6, 1, NULL, 0x3a3a31, 'admin', '2020-11-27 18:16:15'),
(7, 1, NULL, 0x3131322e3231352e3233352e323235, 'admin', '2020-11-27 18:50:48'),
(8, 1, NULL, 0x3131322e3231352e3233352e323235, 'admin', '2020-11-27 19:14:34'),
(9, 1, NULL, 0x3131342e342e3231322e3732, 'Admin', '2020-11-28 00:29:21'),
(10, 1, NULL, 0x3131342e342e3231322e3732, 'Admin', '2020-11-28 00:30:01'),
(11, 1, NULL, 0x3131342e342e3231322e3732, 'admin', '2020-11-28 02:44:27'),
(12, 1, NULL, 0x3130332e3231332e3132382e323534, 'Admin ', '2020-11-28 03:11:14'),
(13, 1, NULL, 0x3130332e3231332e3132382e323534, 'admin', '2020-11-28 03:46:20'),
(14, 1, NULL, 0x3130332e3231332e3132382e323534, 'admin', '2020-11-28 03:48:08'),
(15, 1, NULL, 0x3131322e3231352e3233352e323235, 'admin', '2020-11-28 05:01:10'),
(16, 1, NULL, 0x3131342e342e3231322e3732, 'admin', '2020-11-28 05:09:20'),
(17, 1, NULL, 0x3130332e3231332e3132382e323534, 'admin', '2020-11-28 05:34:43'),
(18, 1, NULL, 0x3130332e3231332e3132382e323534, 'admin', '2020-11-28 05:35:14'),
(19, 1, NULL, 0x3130332e3231332e3132382e323534, 'admin', '2020-11-28 05:35:47'),
(20, 1, NULL, 0x3131342e342e3231322e3732, 'admin', '2020-11-28 05:42:54'),
(21, 1, NULL, 0x3131322e3231352e3233352e323235, 'admin', '2020-11-28 09:02:19'),
(22, 1, NULL, 0x3131342e352e3231312e3531, 'admin', '2020-11-28 12:34:46'),
(23, 1, NULL, 0x3131322e3231352e3233352e323235, 'admin', '2020-11-28 13:01:08'),
(24, 3, NULL, 0x3131322e3231352e3233352e323235, 'kasir', '2020-11-28 13:19:29'),
(25, 3, NULL, 0x3131342e352e3231312e3531, 'kasir', '2020-11-28 13:35:42'),
(26, 1, NULL, 0x3130332e3231332e3132392e3938, 'admin', '2020-11-28 18:35:36'),
(27, 3, NULL, 0x3131342e352e3231312e3531, 'kasir', '2020-11-29 04:29:35'),
(28, 1, NULL, 0x3131342e352e3231312e3531, 'admin', '2020-11-29 04:31:52'),
(29, 1, NULL, 0x3131342e352e3231312e3531, 'admin', '2020-11-29 08:21:43'),
(30, 3, NULL, 0x3131342e352e3231312e3531, 'kasir', '2020-11-29 08:30:19'),
(31, 1, NULL, 0x3131342e352e3231312e3531, 'admin', '2020-11-29 08:35:14'),
(32, 1, NULL, 0x3130332e3231332e3132382e313138, 'admin', '2020-11-29 14:48:43'),
(33, 1, NULL, 0x3130332e36362e3139382e3432, 'Admin ', '2020-11-30 03:36:22'),
(34, 1, NULL, 0x3131342e352e3231312e3531, 'Admin', '2020-11-30 03:36:23'),
(35, 3, NULL, 0x3131342e352e3231312e3531, 'Kasir', '2020-11-30 03:39:40'),
(36, 1, NULL, 0x3131342e352e3231312e3531, 'Admin', '2020-11-30 03:41:24'),
(37, 1, NULL, 0x3130332e36362e3139382e3432, 'admin', '2020-11-30 04:15:40'),
(38, 1, NULL, 0x3a3a31, 'admin', '2020-11-30 09:14:12'),
(39, 1, NULL, 0x3a3a31, 'admin', '2020-12-01 03:37:14'),
(40, 1, NULL, 0x3132372e302e302e31, 'admin', '2020-12-01 07:11:01'),
(41, 1, NULL, 0x3130332e36362e3139382e3432, 'admin', '2020-12-01 07:58:57'),
(42, 1, NULL, 0x3130332e36362e3139382e3432, 'admin', '2020-12-01 08:05:12'),
(43, 1, NULL, 0x3130332e36362e3139382e3432, 'admin', '2020-12-01 10:00:16'),
(44, 1, NULL, 0x3130332e36362e3139382e3432, 'admin', '2020-12-02 07:40:00'),
(45, 1, NULL, 0x3130332e36362e3139382e3432, 'admin', '2020-12-02 07:43:09'),
(46, 1, NULL, 0x3130332e36362e3139382e3432, 'admin', '2020-12-02 07:44:46'),
(47, 1, NULL, 0x3130332e36362e3139382e3432, 'admin', '2020-12-02 07:50:48'),
(48, 1, NULL, 0x3131342e352e3234392e313932, 'Admin', '2020-12-02 13:15:08'),
(49, 1, NULL, 0x3131342e352e3234392e313932, 'admin', '2020-12-02 13:45:57'),
(50, 1, NULL, 0x3131342e352e3234392e313932, 'Admin', '2020-12-02 13:55:05'),
(51, 1, NULL, 0x3131342e352e3234392e313932, 'admin', '2020-12-02 14:49:36'),
(52, 1, NULL, 0x3131322e3231352e36352e3632, 'Admin', '2020-12-03 02:55:15'),
(53, 1, NULL, 0x3130332e36362e3139382e3432, 'admin', '2020-12-03 04:34:39'),
(54, 1, NULL, 0x3131342e352e3234392e313932, 'Admin', '2020-12-03 04:36:17'),
(55, 1, NULL, 0x3130332e36362e3139382e3432, 'admin', '2020-12-03 04:45:24'),
(56, 1, NULL, 0x3130332e36362e3139382e3432, 'Admin', '2020-12-03 05:34:37'),
(57, 1, NULL, 0x3130332e36362e3139382e3432, 'admin', '2020-12-03 07:24:07'),
(58, 1, NULL, 0x3130332e36362e3139382e3432, 'Admin', '2020-12-03 08:50:55'),
(59, 3, NULL, 0x3130332e36362e3139382e3432, 'Kasir', '2020-12-03 10:12:28'),
(60, 1, NULL, 0x3131342e37392e35352e3839, 'admin', '2020-12-03 10:15:33'),
(61, 1, NULL, 0x3230332e37382e3132342e3836, 'Admin', '2020-12-03 16:33:07'),
(62, 1, NULL, 0x3131342e342e3231332e3330, 'Admin', '2020-12-03 16:40:21'),
(63, 4, NULL, 0x3131342e342e3231332e3330, 'Iki', '2020-12-03 16:42:24'),
(64, 4, NULL, 0x3230332e37382e3132342e3836, 'Iki', '2020-12-03 16:46:56'),
(65, 1, NULL, 0x3134302e3231332e372e313532, 'Admin', '2020-12-03 18:26:05'),
(66, 1, NULL, 0x3131342e342e3231332e3330, 'Admin', '2020-12-03 18:44:12'),
(67, 1, NULL, 0x3134302e3231332e372e313530, 'Admin', '2020-12-03 19:05:05'),
(68, 1, NULL, 0x3134302e3231332e372e313530, 'Admin', '2020-12-03 20:15:30'),
(69, 1, NULL, 0x3134302e3231332e372e313530, 'Admin', '2020-12-03 23:40:22'),
(70, 1, NULL, 0x3134302e3231332e372e313530, 'admin', '2020-12-04 00:01:32'),
(71, 1, NULL, 0x3130332e36362e3139382e3432, 'admin', '2020-12-04 08:14:45'),
(72, 4, NULL, 0x3131322e3231352e3231302e3137, 'Iki', '2020-12-04 08:44:34'),
(73, 4, NULL, 0x3134302e3231332e31362e3531, 'Iki', '2020-12-04 10:02:31'),
(74, 4, NULL, 0x3134302e3231332e31362e3531, 'Iki', '2020-12-04 10:12:06'),
(75, 4, NULL, 0x3134302e3231332e31362e3531, 'Iki', '2020-12-04 10:16:22'),
(76, 1, NULL, 0x3134302e3231332e352e313039, 'admin', '2020-12-04 10:31:57'),
(77, 1, NULL, 0x3131342e342e3231332e3330, 'Admin', '2020-12-04 10:36:59'),
(78, 1, NULL, 0x3131342e342e3231332e3330, 'Admin', '2020-12-04 10:45:40'),
(79, 1, NULL, 0x3131342e342e3231332e3330, 'Admin', '2020-12-04 14:27:57'),
(80, 1, NULL, 0x3138302e3234332e3231382e313533, 'admin', '2020-12-04 19:00:23'),
(81, 1, NULL, 0x3131342e342e3231332e3330, 'Admin', '2020-12-05 02:20:25'),
(82, 4, NULL, 0x3134302e3231332e31362e3531, 'Iki', '2020-12-05 04:36:53'),
(83, 1, NULL, 0x3134302e3231332e31382e323131, 'Admin', '2020-12-05 05:16:44'),
(84, 1, NULL, 0x3132352e3136302e3133312e323531, 'admin', '2020-12-05 06:13:21'),
(85, 1, NULL, 0x3131342e342e3231332e3330, 'Admin', '2020-12-05 09:55:46'),
(86, 1, NULL, 0x3131342e342e3231332e3330, 'Admin', '2020-12-05 12:09:42'),
(87, 1, NULL, 0x3134302e3231332e31362e313932, 'Admin', '2020-12-05 12:15:44'),
(88, 1, NULL, 0x3132302e3138382e352e323535, 'admin', '2020-12-05 12:19:42'),
(89, 1, NULL, 0x3131342e342e3231332e3330, 'Admin', '2020-12-05 12:32:11'),
(90, 4, NULL, 0x3134302e3231332e31382e3131, 'Iki', '2020-12-05 16:45:17'),
(91, 1, NULL, 0x3131342e342e3231332e3330, 'admin', '2020-12-05 17:44:46'),
(92, 1, NULL, 0x3132352e3136302e3133312e323531, 'admin', '2020-12-05 17:46:12'),
(93, 1, NULL, 0x3131342e342e3231332e3330, 'Admin', '2020-12-05 17:52:43'),
(94, 1, NULL, 0x3131342e342e3231332e3330, 'admin', '2020-12-05 17:54:41'),
(95, 4, NULL, 0x3134302e3231332e31382e3131, 'Iki', '2020-12-06 04:15:43'),
(96, 1, NULL, 0x3131302e3133382e3135312e323437, 'admin', '2020-12-06 05:17:11'),
(97, 1, NULL, 0x3131342e342e3231332e3330, 'Admin', '2020-12-06 10:09:20'),
(98, 1, NULL, 0x3131302e3133382e3135312e323437, 'admin', '2020-12-06 13:32:55'),
(99, 1, NULL, 0x3131302e3133382e3135312e323437, 'admin', '2020-12-06 16:15:05'),
(100, 1, NULL, 0x3130332e36362e3139382e3432, 'admin', '2020-12-07 02:31:27'),
(101, 1, NULL, 0x3130332e36362e3139382e3432, 'admin', '2020-12-07 02:36:37'),
(102, 1, NULL, 0x3130332e36362e3139382e3432, 'admin', '2020-12-07 02:36:56'),
(103, 4, NULL, 0x3131322e3231352e36362e323338, 'Iki', '2020-12-07 04:06:28'),
(104, 1, NULL, 0x3131302e3133382e3135312e323437, 'admin', '2020-12-07 05:52:39'),
(105, 1, NULL, 0x3138302e3235322e3131382e3732, 'admin', '2020-12-07 08:41:43'),
(106, 1, NULL, 0x3131302e3133382e3135302e313530, 'admin', '2020-12-07 15:27:45'),
(107, 4, NULL, 0x3131322e3231352e36362e323236, 'Iki', '2020-12-08 02:53:24'),
(108, 1, NULL, 0x3130332e36362e3139382e3432, 'admin', '2020-12-08 03:50:45'),
(109, 1, NULL, 0x3130332e36362e3139382e3432, 'admin', '2020-12-08 04:14:14'),
(110, 1, NULL, 0x3130332e36362e3139382e3432, 'admin', '2020-12-08 04:27:23'),
(111, 1, NULL, 0x3130332e36362e3139382e3432, 'admin', '2020-12-08 04:27:51'),
(112, 1, NULL, 0x3130332e36362e3139382e3432, 'admin', '2020-12-08 04:28:45'),
(113, 1, NULL, 0x3130332e36362e3139382e3432, 'admin', '2020-12-08 04:30:36'),
(114, 1, NULL, 0x3130332e36362e3139382e3432, 'admin', '2020-12-08 04:30:58'),
(115, 1, NULL, 0x3131302e3133382e3135302e313530, 'admin', '2020-12-08 04:46:40'),
(116, 1, NULL, 0x3131302e3133382e3135302e313532, 'admin', '2020-12-08 08:12:23'),
(117, 1, NULL, 0x3131342e352e3231322e3235, 'Admin', '2020-12-08 09:54:23'),
(118, 1, NULL, 0x3130332e36362e3139382e3432, 'admin', '2020-12-08 09:58:29'),
(119, 1, NULL, 0x3130332e36362e3139382e3432, 'admin', '2020-12-08 10:00:51'),
(120, 1, NULL, 0x3131302e3133382e3135302e313532, 'admin', '2020-12-08 11:21:40'),
(121, 1, NULL, 0x3131302e3133382e3135302e323332, 'admin', '2020-12-08 12:24:45'),
(122, 1, NULL, 0x3131302e3133382e3135302e323332, 'admin', '2020-12-08 14:38:22'),
(123, 1, NULL, 0x3131302e3133382e3135302e323332, 'admin', '2020-12-08 14:53:03'),
(124, 1, NULL, 0x3130332e3231332e3132382e313138, 'admin', '2020-12-08 16:40:11'),
(125, 1, NULL, 0x3131342e352e3231322e3235, 'Admin', '2020-12-08 17:40:31'),
(126, 4, NULL, 0x3131322e3231352e36362e323236, 'Iki', '2020-12-09 04:06:31');

--
-- Indexes for dumped tables
--

--
-- Indexes for table `tec_categories`
--
ALTER TABLE `tec_categories`
  ADD PRIMARY KEY (`id`);

--
-- Indexes for table `tec_combo_items`
--
ALTER TABLE `tec_combo_items`
  ADD PRIMARY KEY (`id`);

--
-- Indexes for table `tec_customers`
--
ALTER TABLE `tec_customers`
  ADD PRIMARY KEY (`id`);

--
-- Indexes for table `tec_expenses`
--
ALTER TABLE `tec_expenses`
  ADD PRIMARY KEY (`id`);

--
-- Indexes for table `tec_gift_cards`
--
ALTER TABLE `tec_gift_cards`
  ADD PRIMARY KEY (`id`),
  ADD UNIQUE KEY `card_no` (`card_no`);

--
-- Indexes for table `tec_groups`
--
ALTER TABLE `tec_groups`
  ADD PRIMARY KEY (`id`);

--
-- Indexes for table `tec_login_attempts`
--
ALTER TABLE `tec_login_attempts`
  ADD PRIMARY KEY (`id`);

--
-- Indexes for table `tec_payments`
--
ALTER TABLE `tec_payments`
  ADD PRIMARY KEY (`id`);

--
-- Indexes for table `tec_printers`
--
ALTER TABLE `tec_printers`
  ADD PRIMARY KEY (`id`);

--
-- Indexes for table `tec_products`
--
ALTER TABLE `tec_products`
  ADD PRIMARY KEY (`id`),
  ADD UNIQUE KEY `code` (`code`);

--
-- Indexes for table `tec_product_store_qty`
--
ALTER TABLE `tec_product_store_qty`
  ADD PRIMARY KEY (`id`),
  ADD KEY `product_id` (`product_id`),
  ADD KEY `store_id` (`store_id`);

--
-- Indexes for table `tec_purchases`
--
ALTER TABLE `tec_purchases`
  ADD PRIMARY KEY (`id`);

--
-- Indexes for table `tec_purchase_items`
--
ALTER TABLE `tec_purchase_items`
  ADD PRIMARY KEY (`id`);

--
-- Indexes for table `tec_purchase_payments`
--
ALTER TABLE `tec_purchase_payments`
  ADD PRIMARY KEY (`id`);

--
-- Indexes for table `tec_registers`
--
ALTER TABLE `tec_registers`
  ADD PRIMARY KEY (`id`);

--
-- Indexes for table `tec_sales`
--
ALTER TABLE `tec_sales`
  ADD PRIMARY KEY (`id`);

--
-- Indexes for table `tec_sale_items`
--
ALTER TABLE `tec_sale_items`
  ADD PRIMARY KEY (`id`);

--
-- Indexes for table `tec_sessions`
--
ALTER TABLE `tec_sessions`
  ADD PRIMARY KEY (`id`),
  ADD KEY `ci_sessions_timestamp` (`timestamp`);

--
-- Indexes for table `tec_settings`
--
ALTER TABLE `tec_settings`
  ADD PRIMARY KEY (`setting_id`);

--
-- Indexes for table `tec_stores`
--
ALTER TABLE `tec_stores`
  ADD PRIMARY KEY (`id`);

--
-- Indexes for table `tec_suppliers`
--
ALTER TABLE `tec_suppliers`
  ADD PRIMARY KEY (`id`);

--
-- Indexes for table `tec_suspended_items`
--
ALTER TABLE `tec_suspended_items`
  ADD PRIMARY KEY (`id`);

--
-- Indexes for table `tec_suspended_sales`
--
ALTER TABLE `tec_suspended_sales`
  ADD PRIMARY KEY (`id`);

--
-- Indexes for table `tec_unit`
--
ALTER TABLE `tec_unit`
  ADD PRIMARY KEY (`id`);

--
-- Indexes for table `tec_users`
--
ALTER TABLE `tec_users`
  ADD PRIMARY KEY (`id`),
  ADD KEY `group_id` (`group_id`);

--
-- Indexes for table `tec_user_logins`
--
ALTER TABLE `tec_user_logins`
  ADD PRIMARY KEY (`id`);

--
-- AUTO_INCREMENT for dumped tables
--

--
-- AUTO_INCREMENT for table `tec_categories`
--
ALTER TABLE `tec_categories`
  MODIFY `id` int(11) NOT NULL AUTO_INCREMENT, AUTO_INCREMENT=2;

--
-- AUTO_INCREMENT for table `tec_combo_items`
--
ALTER TABLE `tec_combo_items`
  MODIFY `id` int(11) NOT NULL AUTO_INCREMENT;

--
-- AUTO_INCREMENT for table `tec_customers`
--
ALTER TABLE `tec_customers`
  MODIFY `id` int(11) NOT NULL AUTO_INCREMENT, AUTO_INCREMENT=18;

--
-- AUTO_INCREMENT for table `tec_expenses`
--
ALTER TABLE `tec_expenses`
  MODIFY `id` int(11) NOT NULL AUTO_INCREMENT;

--
-- AUTO_INCREMENT for table `tec_gift_cards`
--
ALTER TABLE `tec_gift_cards`
  MODIFY `id` int(11) NOT NULL AUTO_INCREMENT;

--
-- AUTO_INCREMENT for table `tec_groups`
--
ALTER TABLE `tec_groups`
  MODIFY `id` mediumint(8) UNSIGNED NOT NULL AUTO_INCREMENT, AUTO_INCREMENT=3;

--
-- AUTO_INCREMENT for table `tec_login_attempts`
--
ALTER TABLE `tec_login_attempts`
  MODIFY `id` mediumint(8) UNSIGNED NOT NULL AUTO_INCREMENT, AUTO_INCREMENT=21;

--
-- AUTO_INCREMENT for table `tec_payments`
--
ALTER TABLE `tec_payments`
  MODIFY `id` int(11) NOT NULL AUTO_INCREMENT, AUTO_INCREMENT=266;

--
-- AUTO_INCREMENT for table `tec_printers`
--
ALTER TABLE `tec_printers`
  MODIFY `id` int(11) NOT NULL AUTO_INCREMENT, AUTO_INCREMENT=2;

--
-- AUTO_INCREMENT for table `tec_products`
--
ALTER TABLE `tec_products`
  MODIFY `id` int(11) NOT NULL AUTO_INCREMENT, AUTO_INCREMENT=33;

--
-- AUTO_INCREMENT for table `tec_product_store_qty`
--
ALTER TABLE `tec_product_store_qty`
  MODIFY `id` int(11) NOT NULL AUTO_INCREMENT, AUTO_INCREMENT=33;

--
-- AUTO_INCREMENT for table `tec_purchases`
--
ALTER TABLE `tec_purchases`
  MODIFY `id` int(11) NOT NULL AUTO_INCREMENT, AUTO_INCREMENT=97;

--
-- AUTO_INCREMENT for table `tec_purchase_items`
--
ALTER TABLE `tec_purchase_items`
  MODIFY `id` int(11) NOT NULL AUTO_INCREMENT, AUTO_INCREMENT=179;

--
-- AUTO_INCREMENT for table `tec_purchase_payments`
--
ALTER TABLE `tec_purchase_payments`
  MODIFY `id` int(11) NOT NULL AUTO_INCREMENT, AUTO_INCREMENT=90;

--
-- AUTO_INCREMENT for table `tec_registers`
--
ALTER TABLE `tec_registers`
  MODIFY `id` int(11) NOT NULL AUTO_INCREMENT, AUTO_INCREMENT=16;

--
-- AUTO_INCREMENT for table `tec_sales`
--
ALTER TABLE `tec_sales`
  MODIFY `id` int(11) NOT NULL AUTO_INCREMENT, AUTO_INCREMENT=270;

--
-- AUTO_INCREMENT for table `tec_sale_items`
--
ALTER TABLE `tec_sale_items`
  MODIFY `id` int(11) NOT NULL AUTO_INCREMENT, AUTO_INCREMENT=757;

--
-- AUTO_INCREMENT for table `tec_stores`
--
ALTER TABLE `tec_stores`
  MODIFY `id` int(11) NOT NULL AUTO_INCREMENT, AUTO_INCREMENT=2;

--
-- AUTO_INCREMENT for table `tec_suppliers`
--
ALTER TABLE `tec_suppliers`
  MODIFY `id` int(11) NOT NULL AUTO_INCREMENT, AUTO_INCREMENT=15;

--
-- AUTO_INCREMENT for table `tec_suspended_items`
--
ALTER TABLE `tec_suspended_items`
  MODIFY `id` int(11) NOT NULL AUTO_INCREMENT, AUTO_INCREMENT=61;

--
-- AUTO_INCREMENT for table `tec_suspended_sales`
--
ALTER TABLE `tec_suspended_sales`
  MODIFY `id` int(11) NOT NULL AUTO_INCREMENT, AUTO_INCREMENT=15;

--
-- AUTO_INCREMENT for table `tec_unit`
--
ALTER TABLE `tec_unit`
  MODIFY `id` int(11) NOT NULL AUTO_INCREMENT, AUTO_INCREMENT=3;

--
-- AUTO_INCREMENT for table `tec_users`
--
ALTER TABLE `tec_users`
  MODIFY `id` int(11) UNSIGNED NOT NULL AUTO_INCREMENT, AUTO_INCREMENT=5;

--
-- AUTO_INCREMENT for table `tec_user_logins`
--
ALTER TABLE `tec_user_logins`
  MODIFY `id` int(11) NOT NULL AUTO_INCREMENT, AUTO_INCREMENT=127;
COMMIT;

/*!40101 SET CHARACTER_SET_CLIENT=@OLD_CHARACTER_SET_CLIENT */;
/*!40101 SET CHARACTER_SET_RESULTS=@OLD_CHARACTER_SET_RESULTS */;
/*!40101 SET COLLATION_CONNECTION=@OLD_COLLATION_CONNECTION */;
