-- phpMyAdmin SQL Dump
-- version 4.8.4
-- https://www.phpmyadmin.net/
--
-- Host: 127.0.0.1
-- Waktu pembuatan: 01 Des 2020 pada 05.24
-- Versi server: 10.1.37-MariaDB
-- Versi PHP: 7.1.26

SET SQL_MODE = "NO_AUTO_VALUE_ON_ZERO";
SET AUTOCOMMIT = 0;
START TRANSACTION;
SET time_zone = "+00:00";


/*!40101 SET @OLD_CHARACTER_SET_CLIENT=@@CHARACTER_SET_CLIENT */;
/*!40101 SET @OLD_CHARACTER_SET_RESULTS=@@CHARACTER_SET_RESULTS */;
/*!40101 SET @OLD_COLLATION_CONNECTION=@@COLLATION_CONNECTION */;
/*!40101 SET NAMES utf8mb4 */;

--
-- Database: `sumbersubur`
--

-- --------------------------------------------------------

--
-- Struktur dari tabel `tec_categories`
--

CREATE TABLE `tec_categories` (
  `id` int(11) NOT NULL,
  `code` varchar(20) NOT NULL,
  `name` varchar(55) NOT NULL,
  `image` varchar(100) DEFAULT 'no_image.png'
) ENGINE=InnoDB DEFAULT CHARSET=utf8;

--
-- Dumping data untuk tabel `tec_categories`
--

INSERT INTO `tec_categories` (`id`, `code`, `name`, `image`) VALUES
(1, 'G01', 'General', 'no_image.png');

-- --------------------------------------------------------

--
-- Struktur dari tabel `tec_combo_items`
--

CREATE TABLE `tec_combo_items` (
  `id` int(11) NOT NULL,
  `product_id` int(11) NOT NULL,
  `item_code` varchar(20) NOT NULL,
  `quantity` decimal(12,4) NOT NULL,
  `price` decimal(25,4) DEFAULT NULL,
  `cost` decimal(25,4) DEFAULT NULL
) ENGINE=InnoDB DEFAULT CHARSET=utf8;

-- --------------------------------------------------------

--
-- Struktur dari tabel `tec_customers`
--

CREATE TABLE `tec_customers` (
  `id` int(11) NOT NULL,
  `name` varchar(55) NOT NULL,
  `cf1` varchar(255) NOT NULL,
  `cf2` varchar(255) NOT NULL,
  `phone` varchar(20) NOT NULL,
  `email` varchar(100) NOT NULL,
  `store_id` int(11) DEFAULT NULL
) ENGINE=InnoDB DEFAULT CHARSET=utf8;

--
-- Dumping data untuk tabel `tec_customers`
--

INSERT INTO `tec_customers` (`id`, `name`, `cf1`, `cf2`, `phone`, `email`, `store_id`) VALUES
(1, 'Walk-in Client', '', '', '012345678', 'customer@tecdiary.com', NULL);

-- --------------------------------------------------------

--
-- Struktur dari tabel `tec_expenses`
--

CREATE TABLE `tec_expenses` (
  `id` int(11) NOT NULL,
  `date` timestamp NOT NULL DEFAULT CURRENT_TIMESTAMP,
  `reference` varchar(50) NOT NULL,
  `amount` decimal(25,4) NOT NULL,
  `note` varchar(1000) DEFAULT NULL,
  `created_by` varchar(55) NOT NULL,
  `attachment` varchar(55) DEFAULT NULL,
  `store_id` int(11) NOT NULL DEFAULT '1'
) ENGINE=InnoDB DEFAULT CHARSET=utf8;

-- --------------------------------------------------------

--
-- Struktur dari tabel `tec_gift_cards`
--

CREATE TABLE `tec_gift_cards` (
  `id` int(11) NOT NULL,
  `date` timestamp NOT NULL DEFAULT CURRENT_TIMESTAMP,
  `card_no` varchar(20) NOT NULL,
  `value` decimal(25,4) NOT NULL,
  `customer_id` int(11) DEFAULT NULL,
  `balance` decimal(25,4) NOT NULL,
  `expiry` date DEFAULT NULL,
  `created_by` int(11) DEFAULT NULL,
  `store_id` int(11) DEFAULT NULL
) ENGINE=InnoDB DEFAULT CHARSET=utf8;

-- --------------------------------------------------------

--
-- Struktur dari tabel `tec_groups`
--

CREATE TABLE `tec_groups` (
  `id` mediumint(8) UNSIGNED NOT NULL,
  `name` varchar(20) NOT NULL,
  `description` varchar(100) NOT NULL
) ENGINE=InnoDB DEFAULT CHARSET=utf8;

--
-- Dumping data untuk tabel `tec_groups`
--

INSERT INTO `tec_groups` (`id`, `name`, `description`) VALUES
(1, 'admin', 'Administrator'),
(2, 'staff', 'Staff');

-- --------------------------------------------------------

--
-- Struktur dari tabel `tec_login_attempts`
--

CREATE TABLE `tec_login_attempts` (
  `id` mediumint(8) UNSIGNED NOT NULL,
  `ip_address` varbinary(16) NOT NULL,
  `login` varchar(100) NOT NULL,
  `time` int(11) UNSIGNED DEFAULT NULL
) ENGINE=InnoDB DEFAULT CHARSET=utf8;

-- --------------------------------------------------------

--
-- Struktur dari tabel `tec_payments`
--

CREATE TABLE `tec_payments` (
  `id` int(11) NOT NULL,
  `date` timestamp NULL DEFAULT CURRENT_TIMESTAMP,
  `sale_id` int(11) DEFAULT NULL,
  `customer_id` int(11) DEFAULT NULL,
  `transaction_id` varchar(50) DEFAULT NULL,
  `paid_by` varchar(20) NOT NULL,
  `cheque_no` varchar(20) DEFAULT NULL,
  `cc_no` varchar(20) DEFAULT NULL,
  `cc_holder` varchar(25) DEFAULT NULL,
  `cc_month` varchar(2) DEFAULT NULL,
  `cc_year` varchar(4) DEFAULT NULL,
  `cc_type` varchar(20) DEFAULT NULL,
  `amount` decimal(25,4) NOT NULL,
  `currency` varchar(3) DEFAULT NULL,
  `created_by` int(11) NOT NULL,
  `attachment` varchar(55) DEFAULT NULL,
  `note` varchar(1000) DEFAULT NULL,
  `pos_paid` decimal(25,4) DEFAULT '0.0000',
  `pos_balance` decimal(25,4) DEFAULT '0.0000',
  `gc_no` varchar(20) DEFAULT NULL,
  `reference` varchar(50) DEFAULT NULL,
  `updated_by` int(11) DEFAULT NULL,
  `updated_at` timestamp NULL DEFAULT NULL,
  `store_id` int(11) NOT NULL DEFAULT '1'
) ENGINE=InnoDB DEFAULT CHARSET=utf8;

--
-- Dumping data untuk tabel `tec_payments`
--

INSERT INTO `tec_payments` (`id`, `date`, `sale_id`, `customer_id`, `transaction_id`, `paid_by`, `cheque_no`, `cc_no`, `cc_holder`, `cc_month`, `cc_year`, `cc_type`, `amount`, `currency`, `created_by`, `attachment`, `note`, `pos_paid`, `pos_balance`, `gc_no`, `reference`, `updated_by`, `updated_at`, `store_id`) VALUES
(5, '2020-11-28 13:41:53', 5, 1, NULL, 'cash', '', '', '', '', '', '', '55000.0000', NULL, 1, NULL, '', '100000.0000', '45000.0000', '', NULL, NULL, NULL, 1),
(6, '2020-11-29 04:30:54', 6, 1, NULL, 'cash', '', '', '', '', '', '', '25000.0000', NULL, 3, NULL, '', '50000.0000', '25000.0000', '', NULL, NULL, NULL, 1),
(7, '2020-11-29 08:33:35', 7, 1, NULL, 'cash', '', '', '', '', '', '', '55000.0000', NULL, 3, NULL, '', '100000.0000', '45000.0000', '', NULL, NULL, NULL, 1),
(8, '2020-11-30 03:37:30', 8, 1, NULL, 'cash', '', '', '', '', '', '', '18375.0000', NULL, 1, NULL, '', '50000.0000', '31625.0000', '', NULL, NULL, NULL, 1);

-- --------------------------------------------------------

--
-- Struktur dari tabel `tec_printers`
--

CREATE TABLE `tec_printers` (
  `id` int(11) NOT NULL,
  `title` varchar(55) NOT NULL,
  `type` varchar(25) NOT NULL,
  `profile` varchar(25) NOT NULL,
  `char_per_line` tinyint(3) UNSIGNED DEFAULT NULL,
  `path` varchar(255) DEFAULT NULL,
  `ip_address` varbinary(45) DEFAULT NULL,
  `port` varchar(10) DEFAULT NULL
) ENGINE=InnoDB DEFAULT CHARSET=utf8;

--
-- Dumping data untuk tabel `tec_printers`
--

INSERT INTO `tec_printers` (`id`, `title`, `type`, `profile`, `char_per_line`, `path`, `ip_address`, `port`) VALUES
(1, 'XPrinter', 'network', 'default', 45, '', 0x3139322e3136382e312e323030, '9100');

-- --------------------------------------------------------

--
-- Struktur dari tabel `tec_products`
--

CREATE TABLE `tec_products` (
  `id` int(11) NOT NULL,
  `code` varchar(50) NOT NULL,
  `name` char(255) NOT NULL,
  `category_id` int(11) NOT NULL DEFAULT '1',
  `price` decimal(25,2) NOT NULL,
  `image` varchar(255) DEFAULT 'no_image.png',
  `tax` varchar(20) DEFAULT NULL,
  `cost` decimal(25,2) DEFAULT NULL,
  `tax_method` tinyint(1) DEFAULT '1',
  `quantity` decimal(15,4) DEFAULT '0.0000',
  `barcode_symbology` varchar(20) NOT NULL DEFAULT 'code39',
  `type` varchar(20) NOT NULL DEFAULT 'standard',
  `details` text,
  `alert_quantity` decimal(10,4) DEFAULT '0.0000'
) ENGINE=InnoDB DEFAULT CHARSET=utf8;

--
-- Dumping data untuk tabel `tec_products`
--

INSERT INTO `tec_products` (`id`, `code`, `name`, `category_id`, `price`, `image`, `tax`, `cost`, `tax_method`, `quantity`, `barcode_symbology`, `type`, `details`, `alert_quantity`) VALUES
(5, 'GR345', 'GORI', 1, '10000.00', '9dfa23f89bd05ffb3525c182ecbc1813.jpg', '0', '0.00', 0, '0.0000', 'code128', 'standard', '', '0.0000'),
(6, 'KR234', 'KACANG RAMPONG', 1, '5000.00', 'a00bb22720dc2def351b4fc5f1aa59e0.jpg', '0', '0.00', 0, '0.0000', 'code128', 'standard', '', '0.0000'),
(7, 'CK231', 'CABE KRITING', 1, '5000.00', 'bda74c66806535c58be320f71c6d5a68.jpg', '0', '0.00', 0, '0.0000', 'code128', 'standard', '', '0.0000'),
(8, 'TMT345', 'TOMAT', 1, '5000.00', '0e1b6b532efcf4a1b3ce72a5d0f40156.jpg', '0', '0.00', 0, '0.0000', 'code128', 'standard', '', '0.0000'),
(9, 'TKL1', 'tangkil', 1, '7000.00', 'no_image.png', '0', '100000.00', 0, '0.0000', 'code128', 'standard', '', '0.0000');

-- --------------------------------------------------------

--
-- Struktur dari tabel `tec_product_store_qty`
--

CREATE TABLE `tec_product_store_qty` (
  `id` int(11) NOT NULL,
  `product_id` int(11) NOT NULL,
  `store_id` int(11) NOT NULL,
  `quantity` decimal(15,4) NOT NULL DEFAULT '0.0000',
  `price` decimal(25,4) DEFAULT NULL
) ENGINE=InnoDB DEFAULT CHARSET=utf8;

--
-- Dumping data untuk tabel `tec_product_store_qty`
--

INSERT INTO `tec_product_store_qty` (`id`, `product_id`, `store_id`, `quantity`, `price`) VALUES
(1, 1, 1, '-6.0000', '21000.0000'),
(2, 2, 1, '100.0000', '4000.0000'),
(3, 3, 1, '96.0000', '6800.0000'),
(4, 4, 1, '99.0000', '11500.0000'),
(5, 5, 1, '0.0000', '10000.0000'),
(6, 6, 1, '205.0000', '5000.0000'),
(7, 7, 1, '33.0000', '5000.0000'),
(8, 8, 1, '100.0000', '5000.0000'),
(9, 9, 1, '110.0000', '7000.0000');

-- --------------------------------------------------------

--
-- Struktur dari tabel `tec_purchases`
--

CREATE TABLE `tec_purchases` (
  `id` int(11) NOT NULL,
  `reference` varchar(100) DEFAULT NULL,
  `date` datetime NOT NULL,
  `supplier_id` int(11) NOT NULL,
  `supplier_name` varchar(55) NOT NULL,
  `total` decimal(25,4) NOT NULL,
  `product_discount` decimal(25,4) DEFAULT NULL,
  `order_discount_id` varchar(20) DEFAULT NULL,
  `order_discount` decimal(25,4) DEFAULT NULL,
  `total_discount` decimal(25,4) DEFAULT NULL,
  `product_tax` decimal(25,4) DEFAULT NULL,
  `order_tax_id` varchar(20) DEFAULT NULL,
  `order_tax` decimal(25,4) DEFAULT NULL,
  `total_tax` decimal(25,4) DEFAULT NULL,
  `grand_total` decimal(25,4) NOT NULL,
  `total_items` int(11) DEFAULT NULL,
  `total_quantity` decimal(15,4) DEFAULT NULL,
  `paid` decimal(25,4) DEFAULT NULL,
  `created_by` int(11) DEFAULT NULL,
  `updated_by` int(11) DEFAULT NULL,
  `updated_at` datetime DEFAULT NULL,
  `note` varchar(1000) DEFAULT NULL,
  `received` tinyint(1) DEFAULT NULL,
  `attachment` varchar(255) DEFAULT NULL,
  `status` varchar(20) DEFAULT NULL,
  `rounding` decimal(10,4) DEFAULT NULL,
  `store_id` int(11) NOT NULL DEFAULT '1',
  `hold_ref` varchar(255) DEFAULT NULL
) ENGINE=InnoDB DEFAULT CHARSET=utf8;

--
-- Dumping data untuk tabel `tec_purchases`
--

INSERT INTO `tec_purchases` (`id`, `reference`, `date`, `supplier_id`, `supplier_name`, `total`, `product_discount`, `order_discount_id`, `order_discount`, `total_discount`, `product_tax`, `order_tax_id`, `order_tax`, `total_tax`, `grand_total`, `total_items`, `total_quantity`, `paid`, `created_by`, `updated_by`, `updated_at`, `note`, `received`, `attachment`, `status`, `rounding`, `store_id`, `hold_ref`) VALUES
(9, '', '2020-11-30 17:00:00', 2, '', '50000.0000', NULL, NULL, NULL, NULL, NULL, NULL, NULL, NULL, '0.0000', NULL, NULL, NULL, 1, NULL, NULL, 'sa', 1, NULL, NULL, NULL, 1, NULL),
(10, '', '2020-12-01 10:37:00', 2, '', '10000.0000', NULL, NULL, NULL, NULL, NULL, NULL, NULL, NULL, '0.0000', NULL, NULL, NULL, 1, NULL, NULL, 'rw', 1, NULL, NULL, NULL, 1, NULL);

-- --------------------------------------------------------

--
-- Struktur dari tabel `tec_purchase_items`
--

CREATE TABLE `tec_purchase_items` (
  `id` int(11) NOT NULL,
  `purchase_id` int(11) NOT NULL,
  `product_id` int(11) NOT NULL,
  `quantity` decimal(15,4) NOT NULL,
  `cost` decimal(25,4) NOT NULL,
  `discount` decimal(25,4) NOT NULL,
  `subtotal` decimal(25,4) NOT NULL
) ENGINE=InnoDB DEFAULT CHARSET=utf8;

--
-- Dumping data untuk tabel `tec_purchase_items`
--

INSERT INTO `tec_purchase_items` (`id`, `purchase_id`, `product_id`, `quantity`, `cost`, `discount`, `subtotal`) VALUES
(13, 5, 7, '50.0000', '2000.0000', '0.0000', '100000.0000'),
(14, 6, 6, '200.0000', '2500.0000', '0.0000', '500000.0000'),
(15, 7, 8, '100.0000', '500.0000', '0.0000', '50000.0000'),
(16, 8, 9, '70.0000', '4000.0000', '0.0000', '280000.0000'),
(17, 9, 6, '10.0000', '5000.0000', '0.0000', '50000.0000'),
(18, 10, 6, '10.0000', '1000.0000', '0.0000', '10000.0000');

-- --------------------------------------------------------

--
-- Struktur dari tabel `tec_purchase_payments`
--

CREATE TABLE `tec_purchase_payments` (
  `id` int(11) NOT NULL,
  `date` timestamp NULL DEFAULT CURRENT_TIMESTAMP,
  `purchase_id` int(11) DEFAULT NULL,
  `supplier_id` int(11) DEFAULT NULL,
  `transaction_id` varchar(50) DEFAULT NULL,
  `paid_by` varchar(20) NOT NULL,
  `cheque_no` varchar(20) DEFAULT NULL,
  `cc_no` varchar(20) DEFAULT NULL,
  `cc_holder` varchar(25) DEFAULT NULL,
  `cc_month` varchar(2) DEFAULT NULL,
  `cc_year` varchar(4) DEFAULT NULL,
  `cc_type` varchar(20) DEFAULT NULL,
  `amount` decimal(25,4) NOT NULL,
  `currency` varchar(3) DEFAULT NULL,
  `created_by` int(11) NOT NULL,
  `attachment` varchar(55) DEFAULT NULL,
  `note` varchar(1000) DEFAULT NULL,
  `purchase_paid` decimal(25,4) DEFAULT '0.0000',
  `purchase_balance` decimal(25,4) DEFAULT '0.0000',
  `gc_no` varchar(20) DEFAULT NULL,
  `reference` varchar(50) DEFAULT NULL,
  `updated_by` int(11) DEFAULT NULL,
  `updated_at` timestamp NULL DEFAULT NULL,
  `store_id` int(11) NOT NULL DEFAULT '1'
) ENGINE=InnoDB DEFAULT CHARSET=utf8;

-- --------------------------------------------------------

--
-- Struktur dari tabel `tec_registers`
--

CREATE TABLE `tec_registers` (
  `id` int(11) NOT NULL,
  `date` timestamp NOT NULL DEFAULT CURRENT_TIMESTAMP,
  `user_id` int(11) NOT NULL,
  `cash_in_hand` decimal(25,4) NOT NULL,
  `status` varchar(10) NOT NULL,
  `total_cash` decimal(25,4) DEFAULT NULL,
  `total_cheques` int(11) DEFAULT NULL,
  `total_cc_slips` int(11) DEFAULT NULL,
  `total_cash_submitted` decimal(25,4) DEFAULT NULL,
  `total_cheques_submitted` int(11) DEFAULT NULL,
  `total_cc_slips_submitted` int(11) DEFAULT NULL,
  `note` text,
  `closed_at` timestamp NULL DEFAULT NULL,
  `transfer_opened_bills` varchar(50) DEFAULT NULL,
  `closed_by` int(11) DEFAULT NULL,
  `store_id` int(11) NOT NULL DEFAULT '1'
) ENGINE=InnoDB DEFAULT CHARSET=utf8;

--
-- Dumping data untuk tabel `tec_registers`
--

INSERT INTO `tec_registers` (`id`, `date`, `user_id`, `cash_in_hand`, `status`, `total_cash`, `total_cheques`, `total_cc_slips`, `total_cash_submitted`, `total_cheques_submitted`, `total_cc_slips_submitted`, `note`, `closed_at`, `transfer_opened_bills`, `closed_by`, `store_id`) VALUES
(1, '2019-03-19 18:19:22', 1, '200.0000', 'close', '200.0000', 0, 0, '200.0000', 0, 0, '', '2020-11-28 03:49:20', NULL, 1, 1),
(2, '2020-11-28 03:50:23', 1, '1000.0000', 'close', '44470.0000', 0, 0, '44470.0000', 0, 0, 'Penjualan hari 1 - 28/11/2020', '2020-11-28 04:18:22', NULL, 1, 1),
(3, '2020-11-28 04:18:34', 1, '0.0000', 'close', '0.0000', 0, 0, '0.0000', 0, 0, '', '2020-11-28 05:04:53', NULL, 1, 1),
(4, '2020-11-28 05:09:02', 1, '1000.0000', 'close', '1000.0000', 0, 0, '1000.0000', 0, 0, '', '2020-11-28 05:09:45', NULL, 1, 1),
(5, '2020-11-28 05:13:12', 1, '1000.0000', 'close', '1000.0000', 0, 0, '1000.0000', 0, 0, '', '2020-11-28 05:35:27', NULL, 1, 1),
(6, '2020-11-28 05:35:56', 1, '0.0000', 'close', '0.0000', 0, 0, '0.0000', 0, 0, '', '2020-11-28 05:36:08', NULL, 1, 1),
(7, '2020-11-28 05:36:15', 1, '0.0000', 'close', '55000.0000', 0, 0, '55000.0000', 0, 0, '', '2020-11-29 08:56:00', NULL, 1, 1),
(8, '2020-11-28 13:37:42', 3, '200000.0000', 'close', '200000.0000', 0, 0, '200000.0000', 0, 0, '', '2020-11-29 04:30:17', NULL, 3, 1),
(9, '2020-11-29 04:30:27', 3, '200000.0000', 'close', '225000.0000', 0, 0, '225000.0000', 0, 0, '', '2020-11-29 04:31:15', NULL, 3, 1),
(10, '2020-11-29 08:32:17', 3, '100000.0000', 'close', '155000.0000', 0, 0, '155000.0000', 0, 0, '', '2020-11-30 03:39:48', NULL, 3, 1),
(11, '2020-11-29 14:48:56', 1, '0.0000', 'open', NULL, NULL, NULL, NULL, NULL, NULL, NULL, NULL, NULL, NULL, 1);

-- --------------------------------------------------------

--
-- Struktur dari tabel `tec_sales`
--

CREATE TABLE `tec_sales` (
  `id` int(11) NOT NULL,
  `date` datetime NOT NULL,
  `customer_id` int(11) NOT NULL,
  `customer_name` varchar(55) NOT NULL,
  `total` decimal(25,4) NOT NULL,
  `product_discount` decimal(25,4) DEFAULT NULL,
  `order_discount_id` varchar(20) DEFAULT NULL,
  `order_discount` decimal(25,4) DEFAULT NULL,
  `total_discount` decimal(25,4) DEFAULT NULL,
  `product_tax` decimal(25,4) DEFAULT NULL,
  `order_tax_id` varchar(20) DEFAULT NULL,
  `order_tax` decimal(25,4) DEFAULT NULL,
  `total_tax` decimal(25,4) DEFAULT NULL,
  `grand_total` decimal(25,4) NOT NULL,
  `total_items` int(11) DEFAULT NULL,
  `total_quantity` decimal(15,4) DEFAULT NULL,
  `paid` decimal(25,4) DEFAULT NULL,
  `created_by` int(11) DEFAULT NULL,
  `updated_by` int(11) DEFAULT NULL,
  `updated_at` datetime DEFAULT NULL,
  `note` varchar(1000) DEFAULT NULL,
  `status` varchar(20) DEFAULT NULL,
  `rounding` decimal(10,4) DEFAULT NULL,
  `store_id` int(11) NOT NULL DEFAULT '1',
  `hold_ref` varchar(255) DEFAULT NULL
) ENGINE=InnoDB DEFAULT CHARSET=utf8;

--
-- Dumping data untuk tabel `tec_sales`
--

INSERT INTO `tec_sales` (`id`, `date`, `customer_id`, `customer_name`, `total`, `product_discount`, `order_discount_id`, `order_discount`, `total_discount`, `product_tax`, `order_tax_id`, `order_tax`, `total_tax`, `grand_total`, `total_items`, `total_quantity`, `paid`, `created_by`, `updated_by`, `updated_at`, `note`, `status`, `rounding`, `store_id`, `hold_ref`) VALUES
(5, '2020-11-28 20:41:53', 1, 'Walk-in Client', '55000.0000', '0.0000', NULL, '0.0000', '0.0000', '0.0000', '0%', '0.0000', '0.0000', '55000.0000', 2, '11.0000', '55000.0000', 1, NULL, NULL, '', 'paid', '0.0000', 1, ''),
(6, '2020-11-29 11:30:54', 1, 'Walk-in Client', '25000.0000', '0.0000', NULL, '0.0000', '0.0000', '0.0000', '0%', '0.0000', '0.0000', '25000.0000', 2, '5.0000', '25000.0000', 3, NULL, NULL, '', 'paid', '0.0000', 1, ''),
(7, '2020-11-29 15:33:35', 1, 'Walk-in Client', '55000.0000', '0.0000', NULL, '0.0000', '0.0000', '0.0000', '0%', '0.0000', '0.0000', '55000.0000', 2, '11.0000', '55000.0000', 3, NULL, NULL, '', 'paid', '0.0000', 1, ''),
(8, '2020-11-30 10:37:30', 1, 'Walk-in Client', '17500.0000', '0.0000', NULL, '0.0000', '0.0000', '0.0000', '5%', '875.0000', '875.0000', '18375.0000', 1, '5.0000', '18375.0000', 1, NULL, NULL, '', 'paid', '0.0000', 1, '');

-- --------------------------------------------------------

--
-- Struktur dari tabel `tec_sale_items`
--

CREATE TABLE `tec_sale_items` (
  `id` int(11) NOT NULL,
  `sale_id` int(11) NOT NULL,
  `product_id` int(11) NOT NULL,
  `quantity` decimal(15,4) NOT NULL,
  `unit_price` decimal(25,4) NOT NULL,
  `net_unit_price` decimal(25,4) NOT NULL,
  `discount` varchar(20) DEFAULT NULL,
  `item_discount` decimal(25,4) DEFAULT NULL,
  `tax` int(20) DEFAULT NULL,
  `item_tax` decimal(25,4) DEFAULT NULL,
  `subtotal` decimal(25,4) NOT NULL,
  `real_unit_price` decimal(25,4) DEFAULT NULL,
  `cost` decimal(25,4) DEFAULT '0.0000',
  `product_code` varchar(50) DEFAULT NULL,
  `product_name` varchar(50) DEFAULT NULL,
  `comment` varchar(255) DEFAULT NULL
) ENGINE=InnoDB DEFAULT CHARSET=utf8;

--
-- Dumping data untuk tabel `tec_sale_items`
--

INSERT INTO `tec_sale_items` (`id`, `sale_id`, `product_id`, `quantity`, `unit_price`, `net_unit_price`, `discount`, `item_discount`, `tax`, `item_tax`, `subtotal`, `real_unit_price`, `cost`, `product_code`, `product_name`, `comment`) VALUES
(7, 5, 6, '10.0000', '5000.0000', '5000.0000', '0', '0.0000', 0, '0.0000', '50000.0000', '5000.0000', '0.0000', 'KR234', 'KACANG RAMPONG', ''),
(8, 5, 7, '1.0000', '5000.0000', '5000.0000', '0', '0.0000', 0, '0.0000', '5000.0000', '5000.0000', '0.0000', 'CK231', 'CABE KRITING', ''),
(9, 6, 6, '4.0000', '5000.0000', '5000.0000', '0', '0.0000', 0, '0.0000', '20000.0000', '5000.0000', '0.0000', 'KR234', 'KACANG RAMPONG', ''),
(10, 6, 7, '1.0000', '5000.0000', '5000.0000', '0', '0.0000', 0, '0.0000', '5000.0000', '5000.0000', '0.0000', 'CK231', 'CABE KRITING', ''),
(11, 7, 6, '1.0000', '5000.0000', '5000.0000', '0', '0.0000', 0, '0.0000', '5000.0000', '5000.0000', '0.0000', 'KR234', 'KACANG RAMPONG', ''),
(12, 7, 7, '10.0000', '5000.0000', '5000.0000', '0', '0.0000', 0, '0.0000', '50000.0000', '5000.0000', '0.0000', 'CK231', 'CABE KRITING', ''),
(13, 8, 7, '5.0000', '3500.0000', '3500.0000', '0', '0.0000', 0, '0.0000', '17500.0000', '3500.0000', '0.0000', 'CK231', 'CABE KRITING', '');

-- --------------------------------------------------------

--
-- Struktur dari tabel `tec_sessions`
--

CREATE TABLE `tec_sessions` (
  `id` varchar(40) NOT NULL,
  `ip_address` varchar(45) NOT NULL,
  `timestamp` int(10) UNSIGNED NOT NULL DEFAULT '0',
  `data` blob NOT NULL
) ENGINE=InnoDB DEFAULT CHARSET=utf8;

--
-- Dumping data untuk tabel `tec_sessions`
--

INSERT INTO `tec_sessions` (`id`, `ip_address`, `timestamp`, `data`) VALUES
('04fdd3d9c93592da49d7e0fb164d1fa91869d283', '114.5.211.51', 1606569891, 0x5f5f63695f6c6173745f726567656e65726174657c693a313630363536393839313b6964656e746974797c733a353a2261646d696e223b757365726e616d657c733a353a2261646d696e223b656d61696c7c733a31383a2261646d696e406375616e736465762e636f6d223b757365725f69647c733a313a2231223b66697273745f6e616d657c733a353a2241646d696e223b6c6173745f6e616d657c733a353a2241646d696e223b637265617465645f6f6e7c733a32313a22546875203235204a756e20323031352031303a3539223b6f6c645f6c6173745f6c6f67696e7c733a31303a2231363036353534313339223b6c6173745f69707c733a31353a223131322e3231352e3233352e323235223b6176617461727c4e3b67656e6465727c733a343a226d616c65223b67726f75705f69647c733a313a2231223b73746f72655f69647c693a313b6861735f73746f72655f69647c4e3b72656769737465725f69647c733a313a2237223b636173685f696e5f68616e647c733a363a22302e30303030223b72656769737465725f6f70656e5f74696d657c733a31393a22323032302d31312d32382031323a33363a3135223b),
('091c8fd5af71b804f6ebc73ee4e363e85dddae12', '62.4.14.198', 1606552800, 0x5f5f63695f6c6173745f726567656e65726174657c693a313630363535323830303b),
('09c07bb737e9349b3c22b7799b761f0a17f4b994', '82.102.18.114', 1606535656, 0x5f5f63695f6c6173745f726567656e65726174657c693a313630363533353635363b),
('0a69ec6486cf80530f751daec62bebc4368f5716', '103.213.128.254', 1606536657, 0x5f5f63695f6c6173745f726567656e65726174657c693a313630363533363635373b6964656e746974797c733a353a2261646d696e223b757365726e616d657c733a353a2261646d696e223b656d61696c7c733a32323a226e7567697363756d6939393940676d61696c2e636f6d223b757365725f69647c733a313a2231223b66697273745f6e616d657c733a353a2241646d696e223b6c6173745f6e616d657c733a353a2241646d696e223b637265617465645f6f6e7c733a32313a22546875203235204a756e20323031352031303a3539223b6f6c645f6c6173745f6c6f67696e7c733a31303a2231363036353335313830223b6c6173745f69707c733a31353a223130332e3231332e3132382e323534223b6176617461727c4e3b67656e6465727c733a343a226d616c65223b67726f75705f69647c733a313a2231223b73746f72655f69647c733a313a2231223b6861735f73746f72655f69647c4e3b72656769737465725f69647c733a313a2232223b636173685f696e5f68616e647c733a393a22313030302e30303030223b72656769737465725f6f70656e5f74696d657c733a31393a22323032302d31312d32382031303a35303a3233223b),
('0ae8be72f182849c24fb4e35051e27b32a2e03ae', '51.77.129.165', 1606573113, 0x5f5f63695f6c6173745f726567656e65726174657c693a313630363537333131333b),
('0b4d3ce606bda0d10cf73b6a703b06fa674a46c2', '112.215.235.225', 1606504083, 0x5f5f63695f6c6173745f726567656e65726174657c693a313630363530343038333b6964656e746974797c733a353a2261646d696e223b757365726e616d657c733a353a2261646d696e223b656d61696c7c733a31383a2261646d696e4074656364696172792e636f6d223b757365725f69647c733a313a2231223b66697273745f6e616d657c733a353a2241646d696e223b6c6173745f6e616d657c733a353a2241646d696e223b637265617465645f6f6e7c733a32343a22546875203235204a756e20323031352030353a353920414d223b6f6c645f6c6173745f6c6f67696e7c733a31303a2231363036353030393735223b6c6173745f69707c733a333a223a3a31223b6176617461727c4e3b67656e6465727c733a343a226d616c65223b67726f75705f69647c733a313a2231223b73746f72655f69647c733a313a2231223b6861735f73746f72655f69647c4e3b72656769737465725f69647c733a313a2231223b636173685f696e5f68616e647c733a383a223230302e30303030223b72656769737465725f6f70656e5f74696d657c733a31393a22323031392d30332d32302030313a31393a3232223b637372666b65797c733a383a226372334a69616c53223b5f5f63695f766172737c613a323a7b733a373a22637372666b6579223b733a333a226f6c64223b733a393a226373726676616c7565223b733a333a226f6c64223b7d6373726676616c75657c733a32303a226e7a4f614b6c545746386864734755416b35526a223b),
('0be1da1123a1c2933256b8a1911c05c5d8031f92', '114.4.212.72', 1606528210, 0x5f5f63695f6c6173745f726567656e65726174657c693a313630363532383230393b6964656e746974797c733a353a2261646d696e223b757365726e616d657c733a353a2261646d696e223b656d61696c7c733a32323a226e7567697363756d6939393940676d61696c2e636f6d223b757365725f69647c733a313a2231223b66697273745f6e616d657c733a353a2241646d696e223b6c6173745f6e616d657c733a353a2241646d696e223b637265617465645f6f6e7c733a32343a22546875203235204a756e20323031352031303a353920414d223b6f6c645f6c6173745f6c6f67696e7c733a31303a2231363036353233333631223b6c6173745f69707c733a31323a223131342e342e3231322e3732223b6176617461727c4e3b67656e6465727c733a343a226d616c65223b67726f75705f69647c733a313a2231223b73746f72655f69647c733a313a2231223b6861735f73746f72655f69647c4e3b72656769737465725f69647c733a313a2231223b636173685f696e5f68616e647c733a383a223230302e30303030223b72656769737465725f6f70656e5f74696d657c733a31393a22323031392d30332d32302030313a31393a3232223b),
('0d69caf04ec2a802ea2cb8ff83b51ec40f778acb', '62.4.14.198', 1606550613, 0x5f5f63695f6c6173745f726567656e65726174657c693a313630363535303631333b),
('12ddac7bc513e8e187ecec21731aff884b6f4271', '112.215.235.225', 1606505878, 0x5f5f63695f6c6173745f726567656e65726174657c693a313630363530353837383b),
('178febbc9ecc66a7ae1e3b0687831d0c593fd16e', '114.5.211.51', 1606640242, 0x5f5f63695f6c6173745f726567656e65726174657c693a313630363634303136303b6964656e746974797c733a353a2261646d696e223b757365726e616d657c733a353a2261646d696e223b656d61696c7c733a31383a2261646d696e406375616e736465762e636f6d223b757365725f69647c733a313a2231223b66697273745f6e616d657c733a353a2241646d696e223b6c6173745f6e616d657c733a353a2241646d696e223b637265617465645f6f6e7c733a32313a22546875203235204a756e20323031352031303a3539223b6f6c645f6c6173745f6c6f67696e7c733a31303a2231363036363338313033223b6c6173745f69707c733a31323a223131342e352e3231312e3531223b6176617461727c4e3b67656e6465727c733a343a226d616c65223b67726f75705f69647c733a313a2231223b73746f72655f69647c693a313b6861735f73746f72655f69647c4e3b),
('19f934465aeaa5500013266949604e3a91452339', '112.215.235.225', 1606569607, 0x5f5f63695f6c6173745f726567656e65726174657c693a313630363536393630373b),
('1ac6cdf406b85cd366b552e31c47445fab2bfb50', '112.215.235.225', 1606542963, 0x5f5f63695f6c6173745f726567656e65726174657c693a313630363534323936333b6964656e746974797c733a353a2261646d696e223b757365726e616d657c733a353a2261646d696e223b656d61696c7c733a31383a2261646d696e406375616e736465762e636f6d223b757365725f69647c733a313a2231223b66697273745f6e616d657c733a353a2241646d696e223b6c6173745f6e616d657c733a353a2241646d696e223b637265617465645f6f6e7c733a32313a22546875203235204a756e20323031352031303a3539223b6f6c645f6c6173745f6c6f67696e7c733a31303a2231363036353030313038223b6c6173745f69707c733a31333a223131342e352e3231382e323236223b6176617461727c4e3b67656e6465727c733a343a226d616c65223b67726f75705f69647c733a313a2231223b73746f72655f69647c733a313a2231223b6861735f73746f72655f69647c4e3b72656769737465725f69647c733a313a2235223b636173685f696e5f68616e647c733a393a22313030302e30303030223b72656769737465725f6f70656e5f74696d657c733a31393a22323032302d31312d32382031323a31333a3132223b),
('1af9d7390d85bafbd00045f296d0388f1e66c93c', '103.66.198.42', 1606708061, 0x5f5f63695f6c6173745f726567656e65726174657c693a313630363730383036313b6964656e746974797c733a353a2261646d696e223b757365726e616d657c733a353a2261646d696e223b656d61696c7c733a31383a2261646d696e406375616e736465762e636f6d223b757365725f69647c733a313a2231223b66697273745f6e616d657c733a353a2241646d696e223b6c6173745f6e616d657c733a353a2241646d696e223b637265617465645f6f6e7c733a32313a22546875203235204a756e20323031352031303a3539223b6f6c645f6c6173745f6c6f67696e7c733a31303a2231363036363631333233223b6c6173745f69707c733a31353a223130332e3231332e3132382e313138223b6176617461727c4e3b67656e6465727c733a343a226d616c65223b67726f75705f69647c733a313a2231223b73746f72655f69647c733a313a2231223b6861735f73746f72655f69647c4e3b72656769737465725f69647c733a323a223131223b636173685f696e5f68616e647c733a363a22302e30303030223b72656769737465725f6f70656e5f74696d657c733a31393a22323032302d31312d32392032313a34383a3536223b),
('1cdb705736a64309be1a29b8e3b08f0a9e228b80', '36.99.136.132', 1606638113, 0x5f5f63695f6c6173745f726567656e65726174657c693a313630363633383131333b),
('1d9ac2900bc26da5750bff7390b6e1ccceb82868', '103.213.128.118', 1606563199, 0x5f5f63695f6c6173745f726567656e65726174657c693a313630363536333139393b),
('1eb343be65fcd2cab035db1fba33e60dfc913440', '103.213.128.254', 1606541697, 0x5f5f63695f6c6173745f726567656e65726174657c693a313630363534313637383b6964656e746974797c733a353a2261646d696e223b757365726e616d657c733a353a2261646d696e223b656d61696c7c733a31383a2261646d696e406375616e736465762e636f6d223b757365725f69647c733a313a2231223b66697273745f6e616d657c733a353a2241646d696e223b6c6173745f6e616d657c733a353a2241646d696e223b637265617465645f6f6e7c733a32313a22546875203235204a756e20323031352031303a3539223b6f6c645f6c6173745f6c6f67696e7c733a31303a2231363036353430313630223b6c6173745f69707c733a31323a223131342e342e3231322e3732223b6176617461727c4e3b67656e6465727c733a343a226d616c65223b67726f75705f69647c733a313a2231223b73746f72655f69647c733a313a2231223b6861735f73746f72655f69647c4e3b72656769737465725f69647c733a313a2235223b636173685f696e5f68616e647c733a393a22313030302e30303030223b72656769737465725f6f70656e5f74696d657c733a31393a22323032302d31312d32382031323a31333a3132223b),
('1ef9f1df7eeda3250dd44fa757186fad8ef81bab', '44.242.175.187', 1606605568, 0x5f5f63695f6c6173745f726567656e65726174657c693a313630363630353536383b),
('20b56mgipc784o6qc7ctqmdbdbcbs9oh', '::1', 1606794128, 0x5f5f63695f6c6173745f726567656e65726174657c693a313630363739343132383b6964656e746974797c733a353a2261646d696e223b757365726e616d657c733a353a2261646d696e223b656d61696c7c733a31383a2261646d696e406375616e736465762e636f6d223b757365725f69647c733a313a2231223b66697273745f6e616d657c733a353a2241646d696e223b6c6173745f6e616d657c733a353a2241646d696e223b637265617465645f6f6e7c733a32313a22546875203235204a756e20323031352031303a3539223b6f6c645f6c6173745f6c6f67696e7c733a31303a2231363036373237363532223b6c6173745f69707c733a333a223a3a31223b6176617461727c4e3b67656e6465727c733a343a226d616c65223b67726f75705f69647c733a313a2231223b73746f72655f69647c733a313a2231223b6861735f73746f72655f69647c4e3b72656769737465725f69647c733a323a223131223b636173685f696e5f68616e647c733a363a22302e30303030223b72656769737465725f6f70656e5f74696d657c733a31393a22323032302d31312d32392032313a34383a3536223b72656d6f76655f73706f7c693a313b),
('21321755f341f8526c5f43a85420cd91ee75c9d0', '38.145.85.10', 1606550667, 0x5f5f63695f6c6173745f726567656e65726174657c693a313630363535303636373b),
('21ee4550048c76812276cd2e73f7e5a46478f8a7', '103.213.128.254', 1606535627, 0x5f5f63695f6c6173745f726567656e65726174657c693a313630363533353632373b),
('223de417fd2b0e1dcf8d6dc41b4d8d0d95bbb6f1', '3.17.210.127', 1606555935, 0x5f5f63695f6c6173745f726567656e65726174657c693a313630363535353933353b),
('24286bc8203e31a845464b0dbaebe0c97e1cbec0', '36.99.136.132', 1606638120, 0x5f5f63695f6c6173745f726567656e65726174657c693a313630363633383131363b),
('29e11cbe7b0b0dfac3f6820c94f7a24365e76755', '114.5.211.51', 1606569225, 0x5f5f63695f6c6173745f726567656e65726174657c693a313630363536393232353b6964656e746974797c733a353a2261646d696e223b757365726e616d657c733a353a2261646d696e223b656d61696c7c733a31383a2261646d696e406375616e736465762e636f6d223b757365725f69647c733a313a2231223b66697273745f6e616d657c733a353a2241646d696e223b6c6173745f6e616d657c733a353a2241646d696e223b637265617465645f6f6e7c733a32313a22546875203235204a756e20323031352031303a3539223b6f6c645f6c6173745f6c6f67696e7c733a31303a2231363036353534313339223b6c6173745f69707c733a31353a223131322e3231352e3233352e323235223b6176617461727c4e3b67656e6465727c733a343a226d616c65223b67726f75705f69647c733a313a2231223b73746f72655f69647c733a313a2231223b6861735f73746f72655f69647c4e3b72656769737465725f69647c733a313a2237223b636173685f696e5f68616e647c733a363a22302e30303030223b72656769737465725f6f70656e5f74696d657c733a31393a22323032302d31312d32382031323a33363a3135223b),
('2ac9a3ccd0a7ba2f25ae25ab60de8ff0334aca11', '114.4.212.72', 1606538657, 0x5f5f63695f6c6173745f726567656e65726174657c693a313630363533383635373b6964656e746974797c733a353a2261646d696e223b757365726e616d657c733a353a2261646d696e223b656d61696c7c733a32323a226e7567697363756d6939393940676d61696c2e636f6d223b757365725f69647c733a313a2231223b66697273745f6e616d657c733a353a2241646d696e223b6c6173745f6e616d657c733a353a2241646d696e223b637265617465645f6f6e7c733a32343a22546875203235204a756e20323031352031303a353920414d223b6f6c645f6c6173745f6c6f67696e7c733a31303a2231363036353233343031223b6c6173745f69707c733a31323a223131342e342e3231322e3732223b6176617461727c4e3b67656e6465727c733a343a226d616c65223b67726f75705f69647c733a313a2231223b73746f72655f69647c733a313a2231223b6861735f73746f72655f69647c4e3b72656769737465725f69647c733a313a2231223b636173685f696e5f68616e647c733a383a223230302e30303030223b72656769737465725f6f70656e5f74696d657c733a31393a22323031392d30332d32302030313a31393a3232223b),
('2c399a4a46591e9a0d2586dda3a11c05f3d60dca', '112.215.235.225', 1606569473, 0x5f5f63695f6c6173745f726567656e65726174657c693a313630363536393437333b6964656e746974797c733a353a2261646d696e223b757365726e616d657c733a353a2261646d696e223b656d61696c7c733a31383a2261646d696e406375616e736465762e636f6d223b757365725f69647c733a313a2231223b66697273745f6e616d657c733a353a2241646d696e223b6c6173745f6e616d657c733a353a2241646d696e223b637265617465645f6f6e7c733a32313a22546875203235204a756e20323031352031303a3539223b6f6c645f6c6173745f6c6f67696e7c733a31303a2231363036353636383836223b6c6173745f69707c733a31323a223131342e352e3231312e3531223b6176617461727c4e3b67656e6465727c733a343a226d616c65223b67726f75705f69647c733a313a2231223b73746f72655f69647c733a313a2231223b6861735f73746f72655f69647c4e3b72656769737465725f69647c733a313a2237223b636173685f696e5f68616e647c733a363a22302e30303030223b72656769737465725f6f70656e5f74696d657c733a31393a22323032302d31312d32382031323a33363a3135223b),
('332c46a917c5f2321bccb7d703aaff356f78ef2a', '103.213.128.254', 1606535243, 0x5f5f63695f6c6173745f726567656e65726174657c693a313630363533353137333b6964656e746974797c733a353a2261646d696e223b757365726e616d657c733a353a2261646d696e223b656d61696c7c733a32323a226e7567697363756d6939393940676d61696c2e636f6d223b757365725f69647c733a313a2231223b66697273745f6e616d657c733a353a2241646d696e223b6c6173745f6e616d657c733a353a2241646d696e223b637265617465645f6f6e7c733a32343a22546875203235204a756e20323031352031303a353920414d223b6f6c645f6c6173745f6c6f67696e7c733a31303a2231363036353333303734223b6c6173745f69707c733a31353a223130332e3231332e3132382e323534223b6176617461727c4e3b67656e6465727c733a343a226d616c65223b67726f75705f69647c733a313a2231223b73746f72655f69647c733a313a2231223b6861735f73746f72655f69647c4e3b72656769737465725f69647c733a313a2231223b636173685f696e5f68616e647c733a383a223230302e30303030223b72656769737465725f6f70656e5f74696d657c733a31393a22323031392d30332d32302030313a31393a3232223b6d6573736167657c733a33303a2250656e6761747572616e20626572686173696c2064697065726261727569223b5f5f63695f766172737c613a313a7b733a373a226d657373616765223b733a333a226f6c64223b7d),
('332fa29cd34fcf2aa5ac4231efc0264b0fd6859c', '114.5.211.51', 1606570859, 0x5f5f63695f6c6173745f726567656e65726174657c693a313630363537303835393b6964656e746974797c733a353a2261646d696e223b757365726e616d657c733a353a2261646d696e223b656d61696c7c733a31383a2261646d696e406375616e736465762e636f6d223b757365725f69647c733a313a2231223b66697273745f6e616d657c733a353a2241646d696e223b6c6173745f6e616d657c733a353a2241646d696e223b637265617465645f6f6e7c733a32313a22546875203235204a756e20323031352031303a3539223b6f6c645f6c6173745f6c6f67696e7c733a31303a2231363036353534313339223b6c6173745f69707c733a31353a223131322e3231352e3233352e323235223b6176617461727c4e3b67656e6465727c733a343a226d616c65223b67726f75705f69647c733a313a2231223b73746f72655f69647c733a313a2231223b6861735f73746f72655f69647c4e3b72656769737465725f69647c733a313a2237223b636173685f696e5f68616e647c733a363a22302e30303030223b72656769737465725f6f70656e5f74696d657c733a31393a22323032302d31312d32382031323a33363a3135223b),
('33fe70e852e2cef4da8f2fc613e13c1da0552db3', '112.215.235.225', 1606539766, 0x5f5f63695f6c6173745f726567656e65726174657c693a313630363533393736363b),
('35265b5ef7e818802115eb235fd1e9cdeb4ea3e8', '51.75.141.254', 1606606667, 0x5f5f63695f6c6173745f726567656e65726174657c693a313630363630363636373b),
('355aa24c3803d47b9034b541d6dc46aa2549615a', '103.213.128.254', 1606535627, 0x5f5f63695f6c6173745f726567656e65726174657c693a313630363533353632373b),
('38ncvipng8daj20u02qnbcpms91aolc1', '127.0.0.1', 1589478268, 0x5f5f63695f6c6173745f726567656e65726174657c693a313538393437383232353b6964656e746974797c733a353a2261646d696e223b757365726e616d657c733a353a2261646d696e223b656d61696c7c733a31383a2261646d696e4074656364696172792e636f6d223b757365725f69647c733a313a2231223b66697273745f6e616d657c733a353a2241646d696e223b6c6173745f6e616d657c733a353a2241646d696e223b637265617465645f6f6e7c733a32343a22546875203235204a756e20323031352031303a353920414d223b6f6c645f6c6173745f6c6f67696e7c733a31303a2231353839333831313337223b6c6173745f69707c733a333a223a3a31223b6176617461727c4e3b67656e6465727c733a343a226d616c65223b67726f75705f69647c733a313a2231223b73746f72655f69647c693a313b6861735f73746f72655f69647c4e3b72656769737465725f69647c733a313a2231223b636173685f696e5f68616e647c733a383a223230302e30303030223b72656769737465725f6f70656e5f74696d657c733a31393a22323031392d30332d32302030313a31393a3232223b),
('3a0cfb8f11b597a915d9a75f1d4b3bcd4b25573e', '114.4.212.72', 1606542167, 0x5f5f63695f6c6173745f726567656e65726174657c693a313630363534323136373b),
('3a6a4ce3b28b300eaa49bf6dc7eef03ca8129141', '114.5.211.51', 1606570198, 0x5f5f63695f6c6173745f726567656e65726174657c693a313630363537303139383b6964656e746974797c733a353a2261646d696e223b757365726e616d657c733a353a2261646d696e223b656d61696c7c733a31383a2261646d696e406375616e736465762e636f6d223b757365725f69647c733a313a2231223b66697273745f6e616d657c733a353a2241646d696e223b6c6173745f6e616d657c733a353a2241646d696e223b637265617465645f6f6e7c733a32313a22546875203235204a756e20323031352031303a3539223b6f6c645f6c6173745f6c6f67696e7c733a31303a2231363036353534313339223b6c6173745f69707c733a31353a223131322e3231352e3233352e323235223b6176617461727c4e3b67656e6465727c733a343a226d616c65223b67726f75705f69647c733a313a2231223b73746f72655f69647c693a313b6861735f73746f72655f69647c4e3b72656769737465725f69647c733a313a2237223b636173685f696e5f68616e647c733a363a22302e30303030223b72656769737465725f6f70656e5f74696d657c733a31393a22323032302d31312d32382031323a33363a3135223b),
('3c4163de5f6e41a697ba9ab4ca0944b34579ee48', '103.213.129.98', 1606588536, 0x5f5f63695f6c6173745f726567656e65726174657c693a313630363538383430393b6964656e746974797c733a353a2261646d696e223b757365726e616d657c733a353a2261646d696e223b656d61696c7c733a31383a2261646d696e406375616e736465762e636f6d223b757365725f69647c733a313a2231223b66697273745f6e616d657c733a353a2241646d696e223b6c6173745f6e616d657c733a353a2241646d696e223b637265617465645f6f6e7c733a32313a22546875203235204a756e20323031352031303a3539223b6f6c645f6c6173745f6c6f67696e7c733a31303a2231363036353638343638223b6c6173745f69707c733a31353a223131322e3231352e3233352e323235223b6176617461727c4e3b67656e6465727c733a343a226d616c65223b67726f75705f69647c733a313a2231223b73746f72655f69647c733a313a2231223b6861735f73746f72655f69647c4e3b6d6573736167657c733a32373a223c703e416e646120626572686173696c206d6173756b2e3c2f703e223b5f5f63695f766172737c613a313a7b733a373a226d657373616765223b733a333a226f6c64223b7d72656769737465725f69647c733a313a2237223b636173685f696e5f68616e647c733a363a22302e30303030223b72656769737465725f6f70656e5f74696d657c733a31393a22323032302d31312d32382031323a33363a3135223b),
('3cd6db98b67a39f357a4c0b9799fc8e3bc683561', '103.213.128.254', 1606541620, 0x5f5f63695f6c6173745f726567656e65726174657c693a313630363534313632303b6964656e746974797c733a353a2261646d696e223b757365726e616d657c733a353a2261646d696e223b656d61696c7c733a32323a226e7567697363756d6939393940676d61696c2e636f6d223b757365725f69647c733a313a2231223b66697273745f6e616d657c733a353a2241646d696e223b6c6173745f6e616d657c733a353a2241646d696e223b637265617465645f6f6e7c733a32313a22546875203235204a756e20323031352031303a3539223b6f6c645f6c6173745f6c6f67696e7c733a31303a2231363036353335313830223b6c6173745f69707c733a31353a223130332e3231332e3132382e323534223b6176617461727c4e3b67656e6465727c733a343a226d616c65223b67726f75705f69647c733a313a2231223b73746f72655f69647c733a313a2231223b6861735f73746f72655f69647c4e3b72656769737465725f69647c733a313a2233223b636173685f696e5f68616e647c733a363a22302e30303030223b72656769737465725f6f70656e5f74696d657c733a31393a22323032302d31312d32382031313a31383a3334223b),
('3de4c13e0d648b8cd2c4a10c905f17c4d2f09a0e', '35.224.163.252', 1606628287, 0x5f5f63695f6c6173745f726567656e65726174657c693a313630363632383238373b),
('417ad3d6a85770a9765eea490a41fc5782ece8fa', '103.213.128.254', 1606537052, 0x5f5f63695f6c6173745f726567656e65726174657c693a313630363533373035323b6964656e746974797c733a353a2261646d696e223b757365726e616d657c733a353a2261646d696e223b656d61696c7c733a32323a226e7567697363756d6939393940676d61696c2e636f6d223b757365725f69647c733a313a2231223b66697273745f6e616d657c733a353a2241646d696e223b6c6173745f6e616d657c733a353a2241646d696e223b637265617465645f6f6e7c733a32313a22546875203235204a756e20323031352031303a3539223b6f6c645f6c6173745f6c6f67696e7c733a31303a2231363036353335313830223b6c6173745f69707c733a31353a223130332e3231332e3132382e323534223b6176617461727c4e3b67656e6465727c733a343a226d616c65223b67726f75705f69647c733a313a2231223b73746f72655f69647c733a313a2231223b6861735f73746f72655f69647c4e3b72656769737465725f69647c733a313a2232223b636173685f696e5f68616e647c733a393a22313030302e30303030223b72656769737465725f6f70656e5f74696d657c733a31393a22323032302d31312d32382031303a35303a3233223b726d73706f737c693a313b),
('43103c9b7047cb92116aa54e09cd740e2fad20fe', '112.215.235.225', 1606504449, 0x5f5f63695f6c6173745f726567656e65726174657c693a313630363530343434383b6964656e746974797c733a353a2261646d696e223b757365726e616d657c733a353a2261646d696e223b656d61696c7c733a31383a2261646d696e4074656364696172792e636f6d223b757365725f69647c733a313a2231223b66697273745f6e616d657c733a353a2241646d696e223b6c6173745f6e616d657c733a353a2241646d696e223b637265617465645f6f6e7c733a32343a22546875203235204a756e20323031352030353a353920414d223b6f6c645f6c6173745f6c6f67696e7c733a31303a2231363036353030393735223b6c6173745f69707c733a333a223a3a31223b6176617461727c4e3b67656e6465727c733a343a226d616c65223b67726f75705f69647c733a313a2231223b73746f72655f69647c733a313a2231223b6861735f73746f72655f69647c4e3b72656769737465725f69647c733a313a2231223b636173685f696e5f68616e647c733a383a223230302e30303030223b72656769737465725f6f70656e5f74696d657c733a31393a22323031392d30332d32302030313a31393a3232223b),
('45b341f792630cf6c62ff6b4aba066d3cf11408a', '112.215.235.225', 1606503782, 0x5f5f63695f6c6173745f726567656e65726174657c693a313630363530333738323b6964656e746974797c733a353a2261646d696e223b757365726e616d657c733a353a2261646d696e223b656d61696c7c733a31383a2261646d696e4074656364696172792e636f6d223b757365725f69647c733a313a2231223b66697273745f6e616d657c733a353a2241646d696e223b6c6173745f6e616d657c733a353a2241646d696e223b637265617465645f6f6e7c733a32343a22546875203235204a756e20323031352030353a353920414d223b6f6c645f6c6173745f6c6f67696e7c733a31303a2231363036353030393735223b6c6173745f69707c733a333a223a3a31223b6176617461727c4e3b67656e6465727c733a343a226d616c65223b67726f75705f69647c733a313a2231223b73746f72655f69647c733a313a2231223b6861735f73746f72655f69647c4e3b72656769737465725f69647c733a313a2231223b636173685f696e5f68616e647c733a383a223230302e30303030223b72656769737465725f6f70656e5f74696d657c733a31393a22323031392d30332d32302030313a31393a3232223b),
('473db8f7eb93cf07c057b6779e1e4aba9fdb80ee', '114.124.161.129', 1606552169, 0x5f5f63695f6c6173745f726567656e65726174657c693a313630363535323136393b),
('48e8c79e02393ce1a1ffaa3f92454266b126c687', '103.66.198.42', 1606709850, 0x5f5f63695f6c6173745f726567656e65726174657c693a313630363730393733343b6964656e746974797c733a353a2261646d696e223b757365726e616d657c733a353a2261646d696e223b656d61696c7c733a31383a2261646d696e406375616e736465762e636f6d223b757365725f69647c733a313a2231223b66697273745f6e616d657c733a353a2241646d696e223b6c6173745f6e616d657c733a353a2241646d696e223b637265617465645f6f6e7c733a32313a22546875203235204a756e20323031352031303a3539223b6f6c645f6c6173745f6c6f67696e7c733a31303a2231363036373037363834223b6c6173745f69707c733a31323a223131342e352e3231312e3531223b6176617461727c4e3b67656e6465727c733a343a226d616c65223b67726f75705f69647c733a313a2231223b73746f72655f69647c733a313a2231223b6861735f73746f72655f69647c4e3b72656769737465725f69647c733a323a223131223b636173685f696e5f68616e647c733a363a22302e30303030223b72656769737465725f6f70656e5f74696d657c733a31393a22323032302d31312d32392032313a34383a3536223b),
('498c1a9146da05b3aaba438c04ca2c2a0562765b', '62.115.15.146', 1606549511, 0x5f5f63695f6c6173745f726567656e65726174657c693a313630363534393531313b),
('4a6c195ef9f3786b097e329531f4778b5a3358e5', '62.210.92.175', 1606623151, 0x5f5f63695f6c6173745f726567656e65726174657c693a313630363632333135303b),
('4d870896b9ff3054a14b85e432f807a895c467aa', '112.215.235.225', 1606554166, 0x5f5f63695f6c6173745f726567656e65726174657c693a313630363535343132373b6964656e746974797c733a353a2261646d696e223b757365726e616d657c733a353a2261646d696e223b656d61696c7c733a31383a2261646d696e406375616e736465762e636f6d223b757365725f69647c733a313a2231223b66697273745f6e616d657c733a353a2241646d696e223b6c6173745f6e616d657c733a353a2241646d696e223b637265617465645f6f6e7c733a32313a22546875203235204a756e20323031352031303a3539223b6f6c645f6c6173745f6c6f67696e7c733a31303a2231363036353432313734223b6c6173745f69707c733a31323a223131342e342e3231322e3732223b6176617461727c4e3b67656e6465727c733a343a226d616c65223b67726f75705f69647c733a313a2231223b73746f72655f69647c733a313a2231223b6861735f73746f72655f69647c4e3b72656769737465725f69647c733a313a2237223b636173685f696e5f68616e647c733a363a22302e30303030223b72656769737465725f6f70656e5f74696d657c733a31393a22323032302d31312d32382031323a33363a3135223b),
('4eeb544f6aa65a2cbbfdd3d5fbb3c44a16df2025', '202.43.172.4', 1606536998, 0x5f5f63695f6c6173745f726567656e65726174657c693a313630363533363939373b),
('50f964a0e6bc6b7570845b0e4ad6fdeaa54f7d47', '103.213.128.254', 1606542168, 0x5f5f63695f6c6173745f726567656e65726174657c693a313630363534323136383b),
('53df2167f6e32fa3e9493ee54c5978b8a79fbdfc', '54.36.149.57', 1606554742, 0x5f5f63695f6c6173745f726567656e65726174657c693a313630363535343734323b),
('53qp8sr686bd5u4lnk0sqhcfhpnjo70b', '127.0.0.1', 1589476050, 0x5f5f63695f6c6173745f726567656e65726174657c693a313538393437363030363b6964656e746974797c733a353a2261646d696e223b757365726e616d657c733a353a2261646d696e223b656d61696c7c733a31383a2261646d696e4074656364696172792e636f6d223b757365725f69647c733a313a2231223b66697273745f6e616d657c733a353a2241646d696e223b6c6173745f6e616d657c733a353a2241646d696e223b637265617465645f6f6e7c733a32343a22546875203235204a756e20323031352031303a353920414d223b6f6c645f6c6173745f6c6f67696e7c733a31303a2231353839333831313337223b6c6173745f69707c733a333a223a3a31223b6176617461727c4e3b67656e6465727c733a343a226d616c65223b67726f75705f69647c733a313a2231223b73746f72655f69647c733a313a2231223b6861735f73746f72655f69647c4e3b72656769737465725f69647c733a313a2231223b636173685f696e5f68616e647c733a383a223230302e30303030223b72656769737465725f6f70656e5f74696d657c733a31393a22323031392d30332d32302030313a31393a3232223b),
('57835389c608607eeefa4367f229903fb532f4f3', '114.5.211.51', 1606567837, 0x5f5f63695f6c6173745f726567656e65726174657c693a313630363536373833373b6964656e746974797c733a353a2261646d696e223b757365726e616d657c733a353a2261646d696e223b656d61696c7c733a31383a2261646d696e406375616e736465762e636f6d223b757365725f69647c733a313a2231223b66697273745f6e616d657c733a353a2241646d696e223b6c6173745f6e616d657c733a353a2241646d696e223b637265617465645f6f6e7c733a32313a22546875203235204a756e20323031352031303a3539223b6f6c645f6c6173745f6c6f67696e7c733a31303a2231363036353534313339223b6c6173745f69707c733a31353a223131322e3231352e3233352e323235223b6176617461727c4e3b67656e6465727c733a343a226d616c65223b67726f75705f69647c733a313a2231223b73746f72655f69647c733a313a2231223b6861735f73746f72655f69647c4e3b72656769737465725f69647c733a313a2237223b636173685f696e5f68616e647c733a363a22302e30303030223b72656769737465725f6f70656e5f74696d657c733a31393a22323032302d31312d32382031323a33363a3135223b),
('5a3237e70b8d9c04c6b2f198408b0c62ef6c96a2', '62.115.15.146', 1606549511, 0x5f5f63695f6c6173745f726567656e65726174657c693a313630363534393531313b),
('5a71d68396bce227dd773ca0b19ed1005af4559a', '45.74.23.226', 1606606667, 0x5f5f63695f6c6173745f726567656e65726174657c693a313630363630363636373b),
('5c70660a528aff384dd4b35e4ce786f585485506', '114.5.211.51', 1606708325, 0x5f5f63695f6c6173745f726567656e65726174657c693a313630363730383332353b6964656e746974797c733a353a2261646d696e223b757365726e616d657c733a353a2261646d696e223b656d61696c7c733a31383a2261646d696e406375616e736465762e636f6d223b757365725f69647c733a313a2231223b66697273745f6e616d657c733a353a2241646d696e223b6c6173745f6e616d657c733a353a2241646d696e223b637265617465645f6f6e7c733a32313a22546875203235204a756e20323031352031303a3539223b6f6c645f6c6173745f6c6f67696e7c733a31303a2231363036373037333833223b6c6173745f69707c733a31323a223131342e352e3231312e3531223b6176617461727c4e3b67656e6465727c733a343a226d616c65223b67726f75705f69647c733a313a2231223b73746f72655f69647c693a313b6861735f73746f72655f69647c4e3b72656769737465725f69647c733a323a223131223b636173685f696e5f68616e647c733a363a22302e30303030223b72656769737465725f6f70656e5f74696d657c733a31393a22323032302d31312d32392032313a34383a3536223b),
('5djtotr0uqpebm3e1dpv95utoklj16a2', '::1', 1606795631, 0x5f5f63695f6c6173745f726567656e65726174657c693a313630363739353633313b6964656e746974797c733a353a2261646d696e223b757365726e616d657c733a353a2261646d696e223b656d61696c7c733a31383a2261646d696e406375616e736465762e636f6d223b757365725f69647c733a313a2231223b66697273745f6e616d657c733a353a2241646d696e223b6c6173745f6e616d657c733a353a2241646d696e223b637265617465645f6f6e7c733a32313a22546875203235204a756e20323031352031303a3539223b6f6c645f6c6173745f6c6f67696e7c733a31303a2231363036373237363532223b6c6173745f69707c733a333a223a3a31223b6176617461727c4e3b67656e6465727c733a343a226d616c65223b67726f75705f69647c733a313a2231223b73746f72655f69647c733a313a2231223b6861735f73746f72655f69647c4e3b72656769737465725f69647c733a323a223131223b636173685f696e5f68616e647c733a363a22302e30303030223b72656769737465725f6f70656e5f74696d657c733a31393a22323032302d31312d32392032313a34383a3536223b72656d6f76655f73706f7c693a313b),
('60c95e5e1ee572b73fe98e48fce66126ef0c861d', '36.99.136.131', 1606638143, 0x5f5f63695f6c6173745f726567656e65726174657c693a313630363633383133373b),
('60ed242ca1789df3d2c666def2f9a6513c032e93', '112.215.235.225', 1606505418, 0x5f5f63695f6c6173745f726567656e65726174657c693a313630363530353431383b6964656e746974797c733a353a2261646d696e223b757365726e616d657c733a353a2261646d696e223b656d61696c7c733a32323a226e7567697363756d6939393940676d61696c2e636f6d223b757365725f69647c733a313a2231223b66697273745f6e616d657c733a353a2241646d696e223b6c6173745f6e616d657c733a353a2241646d696e223b637265617465645f6f6e7c733a32343a22546875203235204a756e20323031352031303a353920414d223b6f6c645f6c6173745f6c6f67696e7c733a31303a2231363036353033303438223b6c6173745f69707c733a31353a223131322e3231352e3233352e323235223b6176617461727c4e3b67656e6465727c733a343a226d616c65223b67726f75705f69647c733a313a2231223b73746f72655f69647c733a313a2231223b6861735f73746f72655f69647c4e3b72656769737465725f69647c733a313a2231223b636173685f696e5f68616e647c733a383a223230302e30303030223b72656769737465725f6f70656e5f74696d657c733a31393a22323031392d30332d32302030313a31393a3232223b),
('61a26de038fbb0b28ce0e610324bb29cf91b644b', '112.215.235.225', 1606539919, 0x5f5f63695f6c6173745f726567656e65726174657c693a313630363533393931393b6964656e746974797c733a353a2261646d696e223b757365726e616d657c733a353a2261646d696e223b656d61696c7c733a31383a2261646d696e406375616e736465762e636f6d223b757365725f69647c733a313a2231223b66697273745f6e616d657c733a353a2241646d696e223b6c6173745f6e616d657c733a353a2241646d696e223b637265617465645f6f6e7c733a32313a22546875203235204a756e20323031352031303a3539223b6f6c645f6c6173745f6c6f67696e7c733a31303a2231363036353030313038223b6c6173745f69707c733a31333a223131342e352e3231382e323236223b6176617461727c4e3b67656e6465727c733a343a226d616c65223b67726f75705f69647c733a313a2231223b73746f72655f69647c733a313a2231223b6861735f73746f72655f69647c4e3b6d6573736167657c733a32343a224472617779657220626572686173696c2064697475747570223b5f5f63695f766172737c613a313a7b733a373a226d657373616765223b733a333a226f6c64223b7d),
('61ba35437fa769a9adfb057a0b930d5763d4610c', '45.74.23.226', 1606606667, 0x5f5f63695f6c6173745f726567656e65726174657c693a313630363630363636373b),
('63f33fee8ead1b108cc91a46a0e7c03dbce9846e', '35.224.163.252', 1606628287, 0x5f5f63695f6c6173745f726567656e65726174657c693a313630363632383238373b),
('640c5cd782d4348f01b6bb5927ad9ceb7c2065c5', '54.36.148.138', 1606608423, 0x5f5f63695f6c6173745f726567656e65726174657c693a313630363630383432333b),
('6607561a161cb0632a5f8f93f7106910d2976864', '80.23.121.114', 1553014084, 0x5f5f63695f6c6173745f726567656e65726174657c693a313535333031333934383b6964656e746974797c733a31383a2261646d696e4074656364696172792e636f6d223b757365726e616d657c733a353a2261646d696e223b656d61696c7c733a31383a2261646d696e4074656364696172792e636f6d223b757365725f69647c733a313a2231223b66697273745f6e616d657c733a353a2241646d696e223b6c6173745f6e616d657c733a353a2241646d696e223b637265617465645f6f6e7c733a32343a22546875203235204a756e20323031352030353a353920414d223b6f6c645f6c6173745f6c6f67696e7c733a31303a2231343432323932373239223b6c6173745f69707c733a393a223132372e302e302e31223b6176617461727c4e3b67656e6465727c733a343a226d616c65223b67726f75705f69647c733a313a2231223b73746f72655f69647c4e3b6861735f73746f72655f69647c4e3b),
('67fada424ae182b9b7fb835f350fa64b6b82ba40', '54.36.148.138', 1606505329, 0x5f5f63695f6c6173745f726567656e65726174657c693a313630363530353332393b),
('6e43c3b4cf4b72da04e10f3c09a195cec6d0d09e', '114.5.211.51', 1606568859, 0x5f5f63695f6c6173745f726567656e65726174657c693a313630363536383835393b6964656e746974797c733a353a2261646d696e223b757365726e616d657c733a353a2261646d696e223b656d61696c7c733a31383a2261646d696e406375616e736465762e636f6d223b757365725f69647c733a313a2231223b66697273745f6e616d657c733a353a2241646d696e223b6c6173745f6e616d657c733a353a2241646d696e223b637265617465645f6f6e7c733a32313a22546875203235204a756e20323031352031303a3539223b6f6c645f6c6173745f6c6f67696e7c733a31303a2231363036353534313339223b6c6173745f69707c733a31353a223131322e3231352e3233352e323235223b6176617461727c4e3b67656e6465727c733a343a226d616c65223b67726f75705f69647c733a313a2231223b73746f72655f69647c733a313a2231223b6861735f73746f72655f69647c4e3b72656769737465725f69647c733a313a2237223b636173685f696e5f68616e647c733a363a22302e30303030223b72656769737465725f6f70656e5f74696d657c733a31393a22323032302d31312d32382031323a33363a3135223b),
('7091ac6a6fcb729f021b52cfa1fcc5d2094b2905', '114.4.212.72', 1606542278, 0x5f5f63695f6c6173745f726567656e65726174657c693a313630363534323136373b6964656e746974797c733a353a2261646d696e223b757365726e616d657c733a353a2261646d696e223b656d61696c7c733a31383a2261646d696e406375616e736465762e636f6d223b757365725f69647c733a313a2231223b66697273745f6e616d657c733a353a2241646d696e223b6c6173745f6e616d657c733a353a2241646d696e223b637265617465645f6f6e7c733a32313a22546875203235204a756e20323031352031303a3539223b6f6c645f6c6173745f6c6f67696e7c733a31303a2231363036353431373437223b6c6173745f69707c733a31353a223130332e3231332e3132382e323534223b6176617461727c4e3b67656e6465727c733a343a226d616c65223b67726f75705f69647c733a313a2231223b73746f72655f69647c733a313a2231223b6861735f73746f72655f69647c4e3b72656769737465725f69647c733a313a2237223b636173685f696e5f68616e647c733a363a22302e30303030223b72656769737465725f6f70656e5f74696d657c733a31393a22323032302d31312d32382031323a33363a3135223b),
('75dbaa20ecf72120ed5397b27b89e3943a2ad652', '159.242.234.31', 1606606669, 0x5f5f63695f6c6173745f726567656e65726174657c693a313630363630363636393b),
('75e1d24737a501f9e481efdbc297f2cb63be5d88', '103.213.128.118', 1606661355, 0x5f5f63695f6c6173745f726567656e65726174657c693a313630363636313331393b6964656e746974797c733a353a2261646d696e223b757365726e616d657c733a353a2261646d696e223b656d61696c7c733a31383a2261646d696e406375616e736465762e636f6d223b757365725f69647c733a313a2231223b66697273745f6e616d657c733a353a2241646d696e223b6c6173745f6e616d657c733a353a2241646d696e223b637265617465645f6f6e7c733a32313a22546875203235204a756e20323031352031303a3539223b6f6c645f6c6173745f6c6f67696e7c733a31303a2231363036363338393134223b6c6173745f69707c733a31323a223131342e352e3231312e3531223b6176617461727c4e3b67656e6465727c733a343a226d616c65223b67726f75705f69647c733a313a2231223b73746f72655f69647c733a313a2231223b6861735f73746f72655f69647c4e3b72656769737465725f69647c733a323a223131223b636173685f696e5f68616e647c733a363a22302e30303030223b72656769737465725f6f70656e5f74696d657c733a31393a22323032302d31312d32392032313a34383a3536223b),
('771a235d247c71a2fe94030227125fe2e7403acc', '103.11.28.133', 1606533075, 0x5f5f63695f6c6173745f726567656e65726174657c693a313630363533333037353b),
('7b025fe3694def1e58a1eda9b83ba3d03c80ab32', '69.50.239.167', 1606586557, 0x5f5f63695f6c6173745f726567656e65726174657c693a313630363538363535373b),
('7b4cb3bd553ebd2c5e3739c18565f927c061c0f8', '103.213.128.254', 1606541809, 0x5f5f63695f6c6173745f726567656e65726174657c693a313630363534313734343b6964656e746974797c733a353a2261646d696e223b757365726e616d657c733a353a2261646d696e223b656d61696c7c733a31383a2261646d696e406375616e736465762e636f6d223b757365725f69647c733a313a2231223b66697273745f6e616d657c733a353a2241646d696e223b6c6173745f6e616d657c733a353a2241646d696e223b637265617465645f6f6e7c733a32313a22546875203235204a756e20323031352031303a3539223b6f6c645f6c6173745f6c6f67696e7c733a31303a2231363036353431373134223b6c6173745f69707c733a31353a223130332e3231332e3132382e323534223b6176617461727c4e3b67656e6465727c733a343a226d616c65223b67726f75705f69647c733a313a2231223b73746f72655f69647c733a313a2231223b6861735f73746f72655f69647c4e3b72656769737465725f69647c733a313a2237223b636173685f696e5f68616e647c733a363a22302e30303030223b72656769737465725f6f70656e5f74696d657c733a31393a22323032302d31312d32382031323a33363a3135223b),
('7bf723c758f2a21667fbaaa269c77b16222d06f5', '112.215.235.225', 1606505832, 0x5f5f63695f6c6173745f726567656e65726174657c693a313630363530353833313b),
('7e4f50bbcdc225c3fcdc50357679e86b2cb03db2', '112.215.235.225', 1606505726, 0x5f5f63695f6c6173745f726567656e65726174657c693a313630363530353732363b6964656e746974797c733a353a2261646d696e223b757365726e616d657c733a353a2261646d696e223b656d61696c7c733a32323a226e7567697363756d6939393940676d61696c2e636f6d223b757365725f69647c733a313a2231223b66697273745f6e616d657c733a353a2241646d696e223b6c6173745f6e616d657c733a353a2241646d696e223b637265617465645f6f6e7c733a32343a22546875203235204a756e20323031352031303a353920414d223b6f6c645f6c6173745f6c6f67696e7c733a31303a2231363036353033303438223b6c6173745f69707c733a31353a223131322e3231352e3233352e323235223b6176617461727c4e3b67656e6465727c733a343a226d616c65223b67726f75705f69647c733a313a2231223b73746f72655f69647c733a313a2231223b6861735f73746f72655f69647c4e3b72656769737465725f69647c733a313a2231223b636173685f696e5f68616e647c733a383a223230302e30303030223b72656769737465725f6f70656e5f74696d657c733a31393a22323031392d30332d32302030313a31393a3232223b),
('7i1645r948id2ivnqo8tofu9npacn8ci', '::1', 1606501355, 0x5f5f63695f6c6173745f726567656e65726174657c693a313630363530313132323b6964656e746974797c733a353a2261646d696e223b757365726e616d657c733a353a2261646d696e223b656d61696c7c733a31383a2261646d696e4074656364696172792e636f6d223b757365725f69647c733a313a2231223b66697273745f6e616d657c733a353a2241646d696e223b6c6173745f6e616d657c733a353a2241646d696e223b637265617465645f6f6e7c733a32343a22546875203235204a756e20323031352031303a353920414d223b6f6c645f6c6173745f6c6f67696e7c733a31303a2231353935373333353434223b6c6173745f69707c733a333a223a3a31223b6176617461727c4e3b67656e6465727c733a343a226d616c65223b67726f75705f69647c733a313a2231223b73746f72655f69647c733a313a2231223b6861735f73746f72655f69647c4e3b72656769737465725f69647c733a313a2231223b636173685f696e5f68616e647c733a383a223230302e30303030223b72656769737465725f6f70656e5f74696d657c733a31393a22323031392d30332d32302030313a31393a3232223b),
('805b9de0d98e99a6bc04eff69331b7a12026183e', '38.145.80.202', 1606505827, 0x5f5f63695f6c6173745f726567656e65726174657c693a313630363530353832363b),
('80d6697c311343acc71b5de4449799769fa58e03', '44.234.34.119', 1606587946, 0x5f5f63695f6c6173745f726567656e65726174657c693a313630363538373934363b),
('813e290706b9bc7d64485c46849477e7a2bc2444', '114.5.211.51', 1606569570, 0x5f5f63695f6c6173745f726567656e65726174657c693a313630363536393537303b6964656e746974797c733a353a2261646d696e223b757365726e616d657c733a353a2261646d696e223b656d61696c7c733a31383a2261646d696e406375616e736465762e636f6d223b757365725f69647c733a313a2231223b66697273745f6e616d657c733a353a2241646d696e223b6c6173745f6e616d657c733a353a2241646d696e223b637265617465645f6f6e7c733a32313a22546875203235204a756e20323031352031303a3539223b6f6c645f6c6173745f6c6f67696e7c733a31303a2231363036353534313339223b6c6173745f69707c733a31353a223131322e3231352e3233352e323235223b6176617461727c4e3b67656e6465727c733a343a226d616c65223b67726f75705f69647c733a313a2231223b73746f72655f69647c733a313a2231223b6861735f73746f72655f69647c4e3b72656769737465725f69647c733a313a2237223b636173685f696e5f68616e647c733a363a22302e30303030223b72656769737465725f6f70656e5f74696d657c733a31393a22323032302d31312d32382031323a33363a3135223b),
('82df817891753111c041068317ab0bf16d5c2320', '51.222.43.127', 1606573101, 0x5f5f63695f6c6173745f726567656e65726174657c693a313630363537333130313b),
('84a2b3107986a8967a8605bb4e59b33a756069bf', '51.75.141.254', 1606606667, 0x5f5f63695f6c6173745f726567656e65726174657c693a313630363630363636363b),
('86eff140dfbe6147c26193d1ea5a37ff82a541fb', '112.215.235.225', 1606569115, 0x5f5f63695f6c6173745f726567656e65726174657c693a313630363536393131353b6964656e746974797c733a353a2261646d696e223b757365726e616d657c733a353a2261646d696e223b656d61696c7c733a31383a2261646d696e406375616e736465762e636f6d223b757365725f69647c733a313a2231223b66697273745f6e616d657c733a353a2241646d696e223b6c6173745f6e616d657c733a353a2241646d696e223b637265617465645f6f6e7c733a32313a22546875203235204a756e20323031352031303a3539223b6f6c645f6c6173745f6c6f67696e7c733a31303a2231363036353636383836223b6c6173745f69707c733a31323a223131342e352e3231312e3531223b6176617461727c4e3b67656e6465727c733a343a226d616c65223b67726f75705f69647c733a313a2231223b73746f72655f69647c733a313a2231223b6861735f73746f72655f69647c4e3b72656769737465725f69647c733a313a2237223b636173685f696e5f68616e647c733a363a22302e30303030223b72656769737465725f6f70656e5f74696d657c733a31393a22323032302d31312d32382031323a33363a3135223b),
('89974f1b6ef17e1f673763e158e235b51ad01cfd', '52.170.252.98', 1606679376, 0x5f5f63695f6c6173745f726567656e65726174657c693a313630363637393337353b),
('8cd4b91794d6e026a331bd3b013563418a116286', '114.5.211.51', 1606624393, 0x5f5f63695f6c6173745f726567656e65726174657c693a313630363632343239383b6964656e746974797c733a353a2261646d696e223b757365726e616d657c733a353a2261646d696e223b656d61696c7c733a31383a2261646d696e406375616e736465762e636f6d223b757365725f69647c733a313a2231223b66697273745f6e616d657c733a353a2241646d696e223b6c6173745f6e616d657c733a353a2241646d696e223b637265617465645f6f6e7c733a32313a22546875203235204a756e20323031352031303a3539223b6f6c645f6c6173745f6c6f67696e7c733a31303a2231363036353838353336223b6c6173745f69707c733a31343a223130332e3231332e3132392e3938223b6176617461727c4e3b67656e6465727c733a343a226d616c65223b67726f75705f69647c733a313a2231223b73746f72655f69647c733a313a2231223b6861735f73746f72655f69647c4e3b72656769737465725f69647c733a313a2237223b636173685f696e5f68616e647c733a363a22302e30303030223b72656769737465725f6f70656e5f74696d657c733a31393a22323032302d31312d32382031323a33363a3135223b),
('9912433ddf0a05a86e4f40ee155beb1cb6559e6f', '112.215.235.225', 1606542963, 0x5f5f63695f6c6173745f726567656e65726174657c693a313630363534323936333b6964656e746974797c733a353a2261646d696e223b757365726e616d657c733a353a2261646d696e223b656d61696c7c733a31383a2261646d696e406375616e736465762e636f6d223b757365725f69647c733a313a2231223b66697273745f6e616d657c733a353a2241646d696e223b6c6173745f6e616d657c733a353a2241646d696e223b637265617465645f6f6e7c733a32313a22546875203235204a756e20323031352031303a3539223b6f6c645f6c6173745f6c6f67696e7c733a31303a2231363036353030313038223b6c6173745f69707c733a31333a223131342e352e3231382e323236223b6176617461727c4e3b67656e6465727c733a343a226d616c65223b67726f75705f69647c733a313a2231223b73746f72655f69647c733a313a2231223b6861735f73746f72655f69647c4e3b72656769737465725f69647c733a313a2235223b636173685f696e5f68616e647c733a393a22313030302e30303030223b72656769737465725f6f70656e5f74696d657c733a31393a22323032302d31312d32382031323a31333a3132223b),
('9bdnjgnp6524hgbvi4dpdl8ebd62gstk', '::1', 1589384279, 0x5f5f63695f6c6173745f726567656e65726174657c693a313538393338343232383b6964656e746974797c733a353a2261646d696e223b757365726e616d657c733a353a2261646d696e223b656d61696c7c733a31383a2261646d696e4074656364696172792e636f6d223b757365725f69647c733a313a2231223b66697273745f6e616d657c733a353a2241646d696e223b6c6173745f6e616d657c733a353a2241646d696e223b637265617465645f6f6e7c733a32343a22546875203235204a756e20323031352030353a353920414d223b6f6c645f6c6173745f6c6f67696e7c733a31303a2231353533303139343436223b6c6173745f69707c733a333a223a3a31223b6176617461727c4e3b67656e6465727c733a343a226d616c65223b67726f75705f69647c733a313a2231223b73746f72655f69647c693a313b6861735f73746f72655f69647c4e3b72656769737465725f69647c733a313a2231223b636173685f696e5f68616e647c733a383a223230302e30303030223b72656769737465725f6f70656e5f74696d657c733a31393a22323031392d30332d32302030313a31393a3232223b),
('9fc8538f0ad4698a692ce06b36f2b88f8f8b8f74', '114.4.212.72', 1606523386, 0x5f5f63695f6c6173745f726567656e65726174657c693a313630363532333338363b),
('a0836b87568d3856b95e93939f7ccfc768b2cc7a', '194.72.238.97', 1606606667, 0x5f5f63695f6c6173745f726567656e65726174657c693a313630363630363636373b),
('a3aatn5ugrc81n8q7t4j4krp24f8ela6', '::1', 1589381675, 0x5f5f63695f6c6173745f726567656e65726174657c693a313538393338313339373b6964656e746974797c733a353a2261646d696e223b757365726e616d657c733a353a2261646d696e223b656d61696c7c733a31383a2261646d696e4074656364696172792e636f6d223b757365725f69647c733a313a2231223b66697273745f6e616d657c733a353a2241646d696e223b6c6173745f6e616d657c733a353a2241646d696e223b637265617465645f6f6e7c733a32343a22546875203235204a756e20323031352030353a353920414d223b6f6c645f6c6173745f6c6f67696e7c733a31303a2231353533303139343436223b6c6173745f69707c733a333a223a3a31223b6176617461727c4e3b67656e6465727c733a343a226d616c65223b67726f75705f69647c733a313a2231223b73746f72655f69647c733a313a2231223b6861735f73746f72655f69647c4e3b72656769737465725f69647c733a313a2231223b636173685f696e5f68616e647c733a383a223230302e30303030223b72656769737465725f6f70656e5f74696d657c733a31393a22323031392d30332d32302030313a31393a3232223b),
('a784cff2f002ac44cdc180d76c737608126d706a', '112.215.235.225', 1606568760, 0x5f5f63695f6c6173745f726567656e65726174657c693a313630363536383736303b6964656e746974797c733a353a2261646d696e223b757365726e616d657c733a353a2261646d696e223b656d61696c7c733a31383a2261646d696e406375616e736465762e636f6d223b757365725f69647c733a313a2231223b66697273745f6e616d657c733a353a2241646d696e223b6c6173745f6e616d657c733a353a2241646d696e223b637265617465645f6f6e7c733a32313a22546875203235204a756e20323031352031303a3539223b6f6c645f6c6173745f6c6f67696e7c733a31303a2231363036353636383836223b6c6173745f69707c733a31323a223131342e352e3231312e3531223b6176617461727c4e3b67656e6465727c733a343a226d616c65223b67726f75705f69647c733a313a2231223b73746f72655f69647c733a313a2231223b6861735f73746f72655f69647c4e3b72656769737465725f69647c733a313a2237223b636173685f696e5f68616e647c733a363a22302e30303030223b72656769737465725f6f70656e5f74696d657c733a31393a22323032302d31312d32382031323a33363a3135223b),
('a7fvif9irp6oqa0m1r970id55evb40sg', '::1', 1606796626, 0x5f5f63695f6c6173745f726567656e65726174657c693a313630363739363339303b6964656e746974797c733a353a2261646d696e223b757365726e616d657c733a353a2261646d696e223b656d61696c7c733a31383a2261646d696e406375616e736465762e636f6d223b757365725f69647c733a313a2231223b66697273745f6e616d657c733a353a2241646d696e223b6c6173745f6e616d657c733a353a2241646d696e223b637265617465645f6f6e7c733a32313a22546875203235204a756e20323031352031303a3539223b6f6c645f6c6173745f6c6f67696e7c733a31303a2231363036373237363532223b6c6173745f69707c733a333a223a3a31223b6176617461727c4e3b67656e6465727c733a343a226d616c65223b67726f75705f69647c733a313a2231223b73746f72655f69647c733a313a2231223b6861735f73746f72655f69647c4e3b72656769737465725f69647c733a323a223131223b636173685f696e5f68616e647c733a363a22302e30303030223b72656769737465725f6f70656e5f74696d657c733a31393a22323032302d31312d32392032313a34383a3536223b72656d6f76655f73706f7c693a313b),
('ac4aea248d4f1d06778ad064345d099076c1d266', '88.107.186.155', 1606607270, 0x5f5f63695f6c6173745f726567656e65726174657c693a313630363630373237303b),
('af46bdbd6dc28b27e9bdd53020057cd0ef8408c2', '54.36.149.4', 1606588695, 0x5f5f63695f6c6173745f726567656e65726174657c693a313630363538383639353b),
('b44e292cc9feb06e7cac2d8053915740c68d52a0', '103.213.128.254', 1606541669, 0x5f5f63695f6c6173745f726567656e65726174657c693a313630363534313632303b6964656e746974797c733a353a2261646d696e223b757365726e616d657c733a353a2261646d696e223b656d61696c7c733a32323a226e7567697363756d6939393940676d61696c2e636f6d223b757365725f69647c733a313a2231223b66697273745f6e616d657c733a353a2241646d696e223b6c6173745f6e616d657c733a353a2241646d696e223b637265617465645f6f6e7c733a32313a22546875203235204a756e20323031352031303a3539223b6f6c645f6c6173745f6c6f67696e7c733a31303a2231363036353335313830223b6c6173745f69707c733a31353a223130332e3231332e3132382e323534223b6176617461727c4e3b67656e6465727c733a343a226d616c65223b67726f75705f69647c733a313a2231223b73746f72655f69647c733a313a2231223b6861735f73746f72655f69647c4e3b72656769737465725f69647c733a313a2233223b636173685f696e5f68616e647c733a363a22302e30303030223b72656769737465725f6f70656e5f74696d657c733a31393a22323032302d31312d32382031313a31383a3334223b);
INSERT INTO `tec_sessions` (`id`, `ip_address`, `timestamp`, `data`) VALUES
('b97fbf82d3c2f1bb0fa6e90b1d0abd4f72ab593f', '103.213.128.254', 1606541732, 0x5f5f63695f6c6173745f726567656e65726174657c693a313630363534313730383b6964656e746974797c733a353a2261646d696e223b757365726e616d657c733a353a2261646d696e223b656d61696c7c733a31383a2261646d696e406375616e736465762e636f6d223b757365725f69647c733a313a2231223b66697273745f6e616d657c733a353a2241646d696e223b6c6173745f6e616d657c733a353a2241646d696e223b637265617465645f6f6e7c733a32313a22546875203235204a756e20323031352031303a3539223b6f6c645f6c6173745f6c6f67696e7c733a31303a2231363036353431363833223b6c6173745f69707c733a31353a223130332e3231332e3132382e323534223b6176617461727c4e3b67656e6465727c733a343a226d616c65223b67726f75705f69647c733a313a2231223b73746f72655f69647c4e3b6861735f73746f72655f69647c4e3b),
('bd089de9599955d3bcc5a8476f22ce6046e8f770', '36.99.136.130', 1606638135, 0x5f5f63695f6c6173745f726567656e65726174657c693a313630363633383133353b),
('c0f15dbf5913ed9ff67cb9a7c7f893e15b60d8b8', '112.215.235.225', 1606505053, 0x5f5f63695f6c6173745f726567656e65726174657c693a313630363530353035333b6964656e746974797c733a353a2261646d696e223b757365726e616d657c733a353a2261646d696e223b656d61696c7c733a32323a226e7567697363756d6939393940676d61696c2e636f6d223b757365725f69647c733a313a2231223b66697273745f6e616d657c733a353a2241646d696e223b6c6173745f6e616d657c733a353a2241646d696e223b637265617465645f6f6e7c733a32343a22546875203235204a756e20323031352031303a353920414d223b6f6c645f6c6173745f6c6f67696e7c733a31303a2231363036353033303438223b6c6173745f69707c733a31353a223131322e3231352e3233352e323235223b6176617461727c4e3b67656e6465727c733a343a226d616c65223b67726f75705f69647c733a313a2231223b73746f72655f69647c733a313a2231223b6861735f73746f72655f69647c4e3b72656769737465725f69647c733a313a2231223b636173685f696e5f68616e647c733a383a223230302e30303030223b72656769737465725f6f70656e5f74696d657c733a31393a22323031392d30332d32302030313a31393a3232223b),
('c0f3b0bc81112336bdf7301be36a1ecbae64bda9', '112.215.235.225', 1606539766, 0x5f5f63695f6c6173745f726567656e65726174657c693a313630363533393736363b),
('c119a98ca09bd4c35ce1daf399b93c348b0e3741', '194.72.238.97', 1606607324, 0x5f5f63695f6c6173745f726567656e65726174657c693a313630363630373236383b),
('c2225a70100275466f410120c1f1fef73c5671cf', '114.5.211.51', 1606640160, 0x5f5f63695f6c6173745f726567656e65726174657c693a313630363634303136303b6964656e746974797c733a353a2261646d696e223b757365726e616d657c733a353a2261646d696e223b656d61696c7c733a31383a2261646d696e406375616e736465762e636f6d223b757365725f69647c733a313a2231223b66697273745f6e616d657c733a353a2241646d696e223b6c6173745f6e616d657c733a353a2241646d696e223b637265617465645f6f6e7c733a32313a22546875203235204a756e20323031352031303a3539223b6f6c645f6c6173745f6c6f67696e7c733a31303a2231363036363338313033223b6c6173745f69707c733a31323a223131342e352e3231312e3531223b6176617461727c4e3b67656e6465727c733a343a226d616c65223b67726f75705f69647c733a313a2231223b73746f72655f69647c693a313b6861735f73746f72655f69647c4e3b72656769737465725f69647c733a313a2237223b636173685f696e5f68616e647c733a363a22302e30303030223b72656769737465725f6f70656e5f74696d657c733a31393a22323032302d31312d32382031323a33363a3135223b),
('c2d442ab6c17d6cce06c14d6bb9762d4fc9562f3', '191.96.41.111', 1606683009, 0x5f5f63695f6c6173745f726567656e65726174657c693a313630363638333030393b),
('c348469220c694f71928e74fce061a803035b018', '36.99.136.134', 1606638115, 0x5f5f63695f6c6173745f726567656e65726174657c693a313630363633383131353b),
('cb15c527ae43f48948722bebd211c4647d2372d3', '112.215.235.225', 1606502957, 0x5f5f63695f6c6173745f726567656e65726174657c693a313630363530323935373b),
('ccc5cf8b7a2fedca70733a34cb524067ea8ed8e3', '159.138.1.215', 1606553884, 0x5f5f63695f6c6173745f726567656e65726174657c693a313630363535333838343b),
('d0d4930ab213378d2e9b19c9a24ed8eecd0f9fd7', '194.72.238.97', 1606606717, 0x5f5f63695f6c6173745f726567656e65726174657c693a313630363630363731373b),
('d369f203f5aa0d54c8908c4755422669f5ec2436', '114.5.211.51', 1606571144, 0x5f5f63695f6c6173745f726567656e65726174657c693a313630363537303835393b6964656e746974797c733a353a2261646d696e223b757365726e616d657c733a353a2261646d696e223b656d61696c7c733a31383a2261646d696e406375616e736465762e636f6d223b757365725f69647c733a313a2231223b66697273745f6e616d657c733a353a2241646d696e223b6c6173745f6e616d657c733a353a2241646d696e223b637265617465645f6f6e7c733a32313a22546875203235204a756e20323031352031303a3539223b6f6c645f6c6173745f6c6f67696e7c733a31303a2231363036353534313339223b6c6173745f69707c733a31353a223131322e3231352e3233352e323235223b6176617461727c4e3b67656e6465727c733a343a226d616c65223b67726f75705f69647c733a313a2231223b73746f72655f69647c733a313a2231223b6861735f73746f72655f69647c4e3b72656769737465725f69647c733a313a2237223b636173685f696e5f68616e647c733a363a22302e30303030223b72656769737465725f6f70656e5f74696d657c733a31393a22323032302d31312d32382031323a33363a3135223b),
('d3bef65a39bc49215f65c2cc45f6b575500972a9', '103.66.198.42', 1606708061, 0x5f5f63695f6c6173745f726567656e65726174657c693a313630363730383036313b6964656e746974797c733a353a2261646d696e223b757365726e616d657c733a353a2261646d696e223b656d61696c7c733a31383a2261646d696e406375616e736465762e636f6d223b757365725f69647c733a313a2231223b66697273745f6e616d657c733a353a2241646d696e223b6c6173745f6e616d657c733a353a2241646d696e223b637265617465645f6f6e7c733a32313a22546875203235204a756e20323031352031303a3539223b6f6c645f6c6173745f6c6f67696e7c733a31303a2231363036363631333233223b6c6173745f69707c733a31353a223130332e3231332e3132382e313138223b6176617461727c4e3b67656e6465727c733a343a226d616c65223b67726f75705f69647c733a313a2231223b73746f72655f69647c733a313a2231223b6861735f73746f72655f69647c4e3b72656769737465725f69647c733a323a223131223b636173685f696e5f68616e647c733a363a22302e30303030223b72656769737465725f6f70656e5f74696d657c733a31393a22323032302d31312d32392032313a34383a3536223b),
('d6462b8c6edbdfd78107b2ded6be5a440bf894f2', '114.5.211.51', 1606638383, 0x5f5f63695f6c6173745f726567656e65726174657c693a313630363633383338333b6964656e746974797c733a353a2261646d696e223b757365726e616d657c733a353a2261646d696e223b656d61696c7c733a31383a2261646d696e406375616e736465762e636f6d223b757365725f69647c733a313a2231223b66697273745f6e616d657c733a353a2241646d696e223b6c6173745f6e616d657c733a353a2241646d696e223b637265617465645f6f6e7c733a32313a22546875203235204a756e20323031352031303a3539223b6f6c645f6c6173745f6c6f67696e7c733a31303a2231363036363234333132223b6c6173745f69707c733a31323a223131342e352e3231312e3531223b6176617461727c4e3b67656e6465727c733a343a226d616c65223b67726f75705f69647c733a313a2231223b73746f72655f69647c733a313a2231223b6861735f73746f72655f69647c4e3b72656769737465725f69647c733a313a2237223b636173685f696e5f68616e647c733a363a22302e30303030223b72656769737465725f6f70656e5f74696d657c733a31393a22323032302d31312d32382031323a33363a3135223b),
('d68ca8s392bkdtl516c3dv64crg5l0m4', '::1', 1553019446, 0x5f5f63695f6c6173745f726567656e65726174657c693a313535333031393434363b),
('d85d7500c041bf8008b10f6538195ed962637f53', '88.107.186.155', 1606607268, 0x5f5f63695f6c6173745f726567656e65726174657c693a313630363630373236383b),
('d9e14fb9d112b77970445a216af203ab52d9b833', '181.214.107.202', 1606521532, 0x5f5f63695f6c6173745f726567656e65726174657c693a313630363532313533323b),
('db75dc4f713ab0df8cd284e788b2daa67990d3c0', '114.4.212.72', 1606540194, 0x5f5f63695f6c6173745f726567656e65726174657c693a313630363534303134313b6964656e746974797c733a353a2261646d696e223b757365726e616d657c733a353a2261646d696e223b656d61696c7c733a31383a2261646d696e406375616e736465762e636f6d223b757365725f69647c733a313a2231223b66697273745f6e616d657c733a353a2241646d696e223b6c6173745f6e616d657c733a353a2241646d696e223b637265617465645f6f6e7c733a32313a22546875203235204a756e20323031352031303a3539223b6f6c645f6c6173745f6c6f67696e7c733a31303a2231363036353339363730223b6c6173745f69707c733a31353a223131322e3231352e3233352e323235223b6176617461727c4e3b67656e6465727c733a343a226d616c65223b67726f75705f69647c733a313a2231223b73746f72655f69647c733a313a2231223b6861735f73746f72655f69647c4e3b72656769737465725f69647c733a313a2234223b636173685f696e5f68616e647c733a393a22313030302e30303030223b72656769737465725f6f70656e5f74696d657c733a31393a22323032302d31312d32382031323a30393a3032223b),
('dc30c3e6ec18925b608ad5b637f5f4bfa29a3e29', '103.213.128.254', 1606536298, 0x5f5f63695f6c6173745f726567656e65726174657c693a313630363533363239383b6964656e746974797c733a353a2261646d696e223b757365726e616d657c733a353a2261646d696e223b656d61696c7c733a32323a226e7567697363756d6939393940676d61696c2e636f6d223b757365725f69647c733a313a2231223b66697273745f6e616d657c733a353a2241646d696e223b6c6173745f6e616d657c733a353a2241646d696e223b637265617465645f6f6e7c733a32313a22546875203235204a756e20323031352031303a3539223b6f6c645f6c6173745f6c6f67696e7c733a31303a2231363036353335313830223b6c6173745f69707c733a31353a223130332e3231332e3132382e323534223b6176617461727c4e3b67656e6465727c733a343a226d616c65223b67726f75705f69647c733a313a2231223b73746f72655f69647c733a313a2231223b6861735f73746f72655f69647c4e3b72656769737465725f69647c733a313a2232223b636173685f696e5f68616e647c733a393a22313030302e30303030223b72656769737465725f6f70656e5f74696d657c733a31393a22323032302d31312d32382031303a35303a3233223b),
('dc45934a63bbd715ce2c20f04ba2fdfc815793e0', '112.215.235.225', 1606504448, 0x5f5f63695f6c6173745f726567656e65726174657c693a313630363530343434383b6964656e746974797c733a353a2261646d696e223b757365726e616d657c733a353a2261646d696e223b656d61696c7c733a31383a2261646d696e4074656364696172792e636f6d223b757365725f69647c733a313a2231223b66697273745f6e616d657c733a353a2241646d696e223b6c6173745f6e616d657c733a353a2241646d696e223b637265617465645f6f6e7c733a32343a22546875203235204a756e20323031352030353a353920414d223b6f6c645f6c6173745f6c6f67696e7c733a31303a2231363036353030393735223b6c6173745f69707c733a333a223a3a31223b6176617461727c4e3b67656e6465727c733a343a226d616c65223b67726f75705f69647c733a313a2231223b73746f72655f69647c733a313a2231223b6861735f73746f72655f69647c4e3b72656769737465725f69647c733a313a2231223b636173685f696e5f68616e647c733a383a223230302e30303030223b72656769737465725f6f70656e5f74696d657c733a31393a22323031392d30332d32302030313a31393a3232223b),
('dc46ea275de500063ea9a205f2b59a5750112d2e', '38.145.92.104', 1606505827, 0x5f5f63695f6c6173745f726567656e65726174657c693a313630363530353832373b),
('dca21a4716a7de0196bb47a3b291bd9b3eacec34', '205.251.150.210', 1606607271, 0x5f5f63695f6c6173745f726567656e65726174657c693a313630363630373237313b),
('de1dd20e569383eef5e3f1b5cea809facc26a2ad', '36.99.136.134', 1606638136, 0x5f5f63695f6c6173745f726567656e65726174657c693a313630363633383133363b),
('e06c238adaacbfb7040d83a468581122edcf252d', '114.5.211.51', 1606567194, 0x5f5f63695f6c6173745f726567656e65726174657c693a313630363536373139343b6964656e746974797c733a353a2261646d696e223b757365726e616d657c733a353a2261646d696e223b656d61696c7c733a31383a2261646d696e406375616e736465762e636f6d223b757365725f69647c733a313a2231223b66697273745f6e616d657c733a353a2241646d696e223b6c6173745f6e616d657c733a353a2241646d696e223b637265617465645f6f6e7c733a32313a22546875203235204a756e20323031352031303a3539223b6f6c645f6c6173745f6c6f67696e7c733a31303a2231363036353534313339223b6c6173745f69707c733a31353a223131322e3231352e3233352e323235223b6176617461727c4e3b67656e6465727c733a343a226d616c65223b67726f75705f69647c733a313a2231223b73746f72655f69647c733a313a2231223b6861735f73746f72655f69647c4e3b72656769737465725f69647c733a313a2237223b636173685f696e5f68616e647c733a363a22302e30303030223b72656769737465725f6f70656e5f74696d657c733a31393a22323032302d31312d32382031323a33363a3135223b),
('e334658fbd7b2659d48c1afee6bcf1556ecf6ba0', '114.5.211.51', 1606639305, 0x5f5f63695f6c6173745f726567656e65726174657c693a313630363633393330353b6964656e746974797c733a353a2261646d696e223b757365726e616d657c733a353a2261646d696e223b656d61696c7c733a31383a2261646d696e406375616e736465762e636f6d223b757365725f69647c733a313a2231223b66697273745f6e616d657c733a353a2241646d696e223b6c6173745f6e616d657c733a353a2241646d696e223b637265617465645f6f6e7c733a32313a22546875203235204a756e20323031352031303a3539223b6f6c645f6c6173745f6c6f67696e7c733a31303a2231363036363338313033223b6c6173745f69707c733a31323a223131342e352e3231312e3531223b6176617461727c4e3b67656e6465727c733a343a226d616c65223b67726f75705f69647c733a313a2231223b73746f72655f69647c733a313a2231223b6861735f73746f72655f69647c4e3b72656769737465725f69647c733a313a2237223b636173685f696e5f68616e647c733a363a22302e30303030223b72656769737465725f6f70656e5f74696d657c733a31393a22323032302d31312d32382031323a33363a3135223b),
('e3feb4870316f2a15bc9ceb289b20bcf9e86c5dd', '44.242.175.187', 1606605569, 0x5f5f63695f6c6173745f726567656e65726174657c693a313630363630353536393b),
('e6a93f2448066630ed108ce737427f330e4dbc74', '103.213.128.254', 1606533318, 0x5f5f63695f6c6173745f726567656e65726174657c693a313630363533333035343b6964656e746974797c733a353a2261646d696e223b757365726e616d657c733a353a2261646d696e223b656d61696c7c733a32323a226e7567697363756d6939393940676d61696c2e636f6d223b757365725f69647c733a313a2231223b66697273745f6e616d657c733a353a2241646d696e223b6c6173745f6e616d657c733a353a2241646d696e223b637265617465645f6f6e7c733a32343a22546875203235204a756e20323031352031303a353920414d223b6f6c645f6c6173745f6c6f67696e7c733a31303a2231363036353331343637223b6c6173745f69707c733a31323a223131342e342e3231322e3732223b6176617461727c4e3b67656e6465727c733a343a226d616c65223b67726f75705f69647c733a313a2231223b73746f72655f69647c733a313a2231223b6861735f73746f72655f69647c4e3b72656769737465725f69647c733a313a2231223b636173685f696e5f68616e647c733a383a223230302e30303030223b72656769737465725f6f70656e5f74696d657c733a31393a22323031392d30332d32302030313a31393a3232223b),
('e7e63e750d04b9245b646e7fe0b41a909e3b15ac', '3.17.210.127', 1606555936, 0x5f5f63695f6c6173745f726567656e65726174657c693a313630363535353933363b),
('e86e81a3d1c71df9075b40f17ea7902413de6875', '137.132.214.140', 1606534531, 0x5f5f63695f6c6173745f726567656e65726174657c693a313630363533343533303b),
('e94e3924e845005721a801cb50d25f05cf2f48f7', '114.4.212.72', 1606531456, 0x5f5f63695f6c6173745f726567656e65726174657c693a313630363533313435363b),
('eadc44c509296b6d183d8efdeab7f0e91558bdd9', '112.215.235.225', 1606503443, 0x5f5f63695f6c6173745f726567656e65726174657c693a313630363530333434333b6964656e746974797c733a353a2261646d696e223b757365726e616d657c733a353a2261646d696e223b656d61696c7c733a31383a2261646d696e4074656364696172792e636f6d223b757365725f69647c733a313a2231223b66697273745f6e616d657c733a353a2241646d696e223b6c6173745f6e616d657c733a353a2241646d696e223b637265617465645f6f6e7c733a32343a22546875203235204a756e20323031352030353a353920414d223b6f6c645f6c6173745f6c6f67696e7c733a31303a2231363036353030393735223b6c6173745f69707c733a333a223a3a31223b6176617461727c4e3b67656e6465727c733a343a226d616c65223b67726f75705f69647c733a313a2231223b73746f72655f69647c733a313a2231223b6861735f73746f72655f69647c4e3b72656769737465725f69647c733a313a2231223b636173685f696e5f68616e647c733a383a223230302e30303030223b72656769737465725f6f70656e5f74696d657c733a31393a22323031392d30332d32302030313a31393a3232223b),
('eb24edbf6405237caafbc81f9fd492ada815360c', '114.5.211.51', 1606570850, 0x5f5f63695f6c6173745f726567656e65726174657c693a313630363537303532313b6964656e746974797c733a353a226b61736972223b757365726e616d657c733a353a226b61736972223b656d61696c7c733a32313a226b617369724073756d62657273756275722e78797a223b757365725f69647c733a313a2233223b66697273745f6e616d657c733a353a226b61736972223b6c6173745f6e616d657c733a31313a2273756d6265727375627572223b637265617465645f6f6e7c733a32313a22536174203238204e6f7620323032302032303a3139223b6f6c645f6c6173745f6c6f67696e7c733a31303a2231363036353639353639223b6c6173745f69707c733a31353a223131322e3231352e3233352e323235223b6176617461727c4e3b67656e6465727c733a343a226d616c65223b67726f75705f69647c733a313a2232223b73746f72655f69647c693a313b6861735f73746f72655f69647c733a313a2231223b72656769737465725f69647c733a313a2238223b636173685f696e5f68616e647c733a31313a223230303030302e30303030223b72656769737465725f6f70656e5f74696d657c733a31393a22323032302d31312d32382032303a33373a3432223b),
('eb26ff935430228731ab543f08edd80facc4e523', '112.215.235.225', 1606540239, 0x5f5f63695f6c6173745f726567656e65726174657c693a313630363534303233393b6964656e746974797c733a353a2261646d696e223b757365726e616d657c733a353a2261646d696e223b656d61696c7c733a31383a2261646d696e406375616e736465762e636f6d223b757365725f69647c733a313a2231223b66697273745f6e616d657c733a353a2241646d696e223b6c6173745f6e616d657c733a353a2241646d696e223b637265617465645f6f6e7c733a32313a22546875203235204a756e20323031352031303a3539223b6f6c645f6c6173745f6c6f67696e7c733a31303a2231363036353030313038223b6c6173745f69707c733a31333a223131342e352e3231382e323236223b6176617461727c4e3b67656e6465727c733a343a226d616c65223b67726f75705f69647c733a313a2231223b73746f72655f69647c733a313a2231223b6861735f73746f72655f69647c4e3b6d6573736167657c733a32343a224472617779657220626572686173696c2064697475747570223b5f5f63695f766172737c613a313a7b733a373a226d657373616765223b733a333a226f6c64223b7d),
('eef3f441f2f573f3905bee769bf532195c0f8b57', '112.215.235.225', 1606502949, 0x5f5f63695f6c6173745f726567656e65726174657c693a313630363530323934393b),
('ehbic1u9jg0gnkrv0f0o30b43dh9he9n', '::1', 1595733544, 0x5f5f63695f6c6173745f726567656e65726174657c693a313539353733333534303b6964656e746974797c733a353a2261646d696e223b757365726e616d657c733a353a2261646d696e223b656d61696c7c733a31383a2261646d696e4074656364696172792e636f6d223b757365725f69647c733a313a2231223b66697273745f6e616d657c733a353a2241646d696e223b6c6173745f6e616d657c733a353a2241646d696e223b637265617465645f6f6e7c733a32343a22546875203235204a756e20323031352031303a353920414d223b6f6c645f6c6173745f6c6f67696e7c733a31303a2231353839343736303231223b6c6173745f69707c733a393a223132372e302e302e31223b6176617461727c4e3b67656e6465727c733a343a226d616c65223b67726f75705f69647c733a313a2231223b73746f72655f69647c733a313a2231223b6861735f73746f72655f69647c4e3b6d6573736167657c733a33383a223c703e596f7520617265207375636365737366756c6c79206c6f6767656420696e2e3c2f703e223b5f5f63695f766172737c613a313a7b733a373a226d657373616765223b733a333a226f6c64223b7d72656769737465725f69647c733a313a2231223b636173685f696e5f68616e647c733a383a223230302e30303030223b72656769737465725f6f70656e5f74696d657c733a31393a22323031392d30332d32302030313a31393a3232223b),
('f26186c769ff8e99750783e38972028f875da5d3', '112.215.235.225', 1606505822, 0x5f5f63695f6c6173745f726567656e65726174657c693a313630363530353733363b),
('f39822300519c3606dd93466634284a381a4242a', '114.4.212.72', 1606523348, 0x5f5f63695f6c6173745f726567656e65726174657c693a313630363532333334383b),
('f39dcef1758167614aa17810a5010c084effbe4c', '114.5.211.51', 1606708325, 0x5f5f63695f6c6173745f726567656e65726174657c693a313630363730383332353b6964656e746974797c733a353a2261646d696e223b757365726e616d657c733a353a2261646d696e223b656d61696c7c733a31383a2261646d696e406375616e736465762e636f6d223b757365725f69647c733a313a2231223b66697273745f6e616d657c733a353a2241646d696e223b6c6173745f6e616d657c733a353a2241646d696e223b637265617465645f6f6e7c733a32313a22546875203235204a756e20323031352031303a3539223b6f6c645f6c6173745f6c6f67696e7c733a31303a2231363036373037333833223b6c6173745f69707c733a31323a223131342e352e3231312e3531223b6176617461727c4e3b67656e6465727c733a343a226d616c65223b67726f75705f69647c733a313a2231223b73746f72655f69647c693a313b6861735f73746f72655f69647c4e3b72656769737465725f69647c733a323a223131223b636173685f696e5f68616e647c733a363a22302e30303030223b72656769737465725f6f70656e5f74696d657c733a31393a22323032302d31312d32392032313a34383a3536223b),
('f4b20190f903fb60dfcd08a130591ce2d1429ced', '51.222.43.127', 1606573099, 0x5f5f63695f6c6173745f726567656e65726174657c693a313630363537333039323b),
('f64be03d3c4c5a4173a10f9133d91af4bca8cb15', '112.215.235.225', 1606540607, 0x5f5f63695f6c6173745f726567656e65726174657c693a313630363534303630373b6964656e746974797c733a353a2261646d696e223b757365726e616d657c733a353a2261646d696e223b656d61696c7c733a31383a2261646d696e406375616e736465762e636f6d223b757365725f69647c733a313a2231223b66697273745f6e616d657c733a353a2241646d696e223b6c6173745f6e616d657c733a353a2241646d696e223b637265617465645f6f6e7c733a32313a22546875203235204a756e20323031352031303a3539223b6f6c645f6c6173745f6c6f67696e7c733a31303a2231363036353030313038223b6c6173745f69707c733a31333a223131342e352e3231382e323236223b6176617461727c4e3b67656e6465727c733a343a226d616c65223b67726f75705f69647c733a313a2231223b73746f72655f69647c733a313a2231223b6861735f73746f72655f69647c4e3b72656769737465725f69647c733a313a2235223b636173685f696e5f68616e647c733a393a22313030302e30303030223b72656769737465725f6f70656e5f74696d657c733a31393a22323032302d31312d32382031323a31333a3132223b),
('f684d706d91e1326c0e07a6ceccbb297f2f14009', '185.170.200.140', 1606561280, 0x5f5f63695f6c6173745f726567656e65726174657c693a313630363536313238303b),
('f6ea2954781cf537db17fb4070f38013e45986b1', '52.183.18.171', 1606553842, 0x5f5f63695f6c6173745f726567656e65726174657c693a313630363535333834323b),
('f6ef0236f7d59370323dba69827957dfe1c9b89e', '114.4.212.72', 1606528209, 0x5f5f63695f6c6173745f726567656e65726174657c693a313630363532383230393b6964656e746974797c733a353a2261646d696e223b757365726e616d657c733a353a2261646d696e223b656d61696c7c733a32323a226e7567697363756d6939393940676d61696c2e636f6d223b757365725f69647c733a313a2231223b66697273745f6e616d657c733a353a2241646d696e223b6c6173745f6e616d657c733a353a2241646d696e223b637265617465645f6f6e7c733a32343a22546875203235204a756e20323031352031303a353920414d223b6f6c645f6c6173745f6c6f67696e7c733a31303a2231363036353233333631223b6c6173745f69707c733a31323a223131342e342e3231322e3732223b6176617461727c4e3b67656e6465727c733a343a226d616c65223b67726f75705f69647c733a313a2231223b73746f72655f69647c733a313a2231223b6861735f73746f72655f69647c4e3b72656769737465725f69647c733a313a2231223b636173685f696e5f68616e647c733a383a223230302e30303030223b72656769737465725f6f70656e5f74696d657c733a31393a22323031392d30332d32302030313a31393a3232223b),
('f9b522fa9cddb258576c36a64e062d450f6b8010', '221.229.218.152', 1606545074, 0x5f5f63695f6c6173745f726567656e65726174657c693a313630363534353036363b),
('fb0961f1f132cc61b6ef05c344397763813198ac', '54.74.228.73', 1606535364, 0x5f5f63695f6c6173745f726567656e65726174657c693a313630363533353336343b),
('fc8cd8c03b8311fd1b8768cba8a297651df8d9d0', '103.213.128.254', 1606535635, 0x5f5f63695f6c6173745f726567656e65726174657c693a313630363533353633353b6964656e746974797c733a353a2261646d696e223b757365726e616d657c733a353a2261646d696e223b656d61696c7c733a32323a226e7567697363756d6939393940676d61696c2e636f6d223b757365725f69647c733a313a2231223b66697273745f6e616d657c733a353a2241646d696e223b6c6173745f6e616d657c733a353a2241646d696e223b637265617465645f6f6e7c733a32313a22546875203235204a756e20323031352031303a3539223b6f6c645f6c6173745f6c6f67696e7c733a31303a2231363036353335313830223b6c6173745f69707c733a31353a223130332e3231332e3132382e323534223b6176617461727c4e3b67656e6465727c733a343a226d616c65223b67726f75705f69647c733a313a2231223b73746f72655f69647c733a313a2231223b6861735f73746f72655f69647c4e3b72656769737465725f69647c733a313a2232223b636173685f696e5f68616e647c733a393a22313030302e30303030223b72656769737465725f6f70656e5f74696d657c733a31393a22323032302d31312d32382031303a35303a3233223b),
('fd72be09fc050fb39b76d3baa548573892c5661e', '69.50.239.167', 1606586557, 0x5f5f63695f6c6173745f726567656e65726174657c693a313630363538363535373b),
('hhn175gbln3v6rapfst9sqch21oe577a', '::1', 1597595491, 0x5f5f63695f6c6173745f726567656e65726174657c693a313539373539353439313b),
('jc83lphp0jnmn0d5983minnb5l4k7grg', '::1', 1606796390, 0x5f5f63695f6c6173745f726567656e65726174657c693a313630363739363339303b6964656e746974797c733a353a2261646d696e223b757365726e616d657c733a353a2261646d696e223b656d61696c7c733a31383a2261646d696e406375616e736465762e636f6d223b757365725f69647c733a313a2231223b66697273745f6e616d657c733a353a2241646d696e223b6c6173745f6e616d657c733a353a2241646d696e223b637265617465645f6f6e7c733a32313a22546875203235204a756e20323031352031303a3539223b6f6c645f6c6173745f6c6f67696e7c733a31303a2231363036373237363532223b6c6173745f69707c733a333a223a3a31223b6176617461727c4e3b67656e6465727c733a343a226d616c65223b67726f75705f69647c733a313a2231223b73746f72655f69647c733a313a2231223b6861735f73746f72655f69647c4e3b72656769737465725f69647c733a323a223131223b636173685f696e5f68616e647c733a363a22302e30303030223b72656769737465725f6f70656e5f74696d657c733a31393a22323032302d31312d32392032313a34383a3536223b72656d6f76655f73706f7c693a313b),
('jjrdtomvqr65sgeera684l5t9i5pans3', '::1', 1589703260, 0x5f5f63695f6c6173745f726567656e65726174657c693a313538393730333230343b6572726f727c733a33373a223c703e4c6f67696e204661696c65642c20506c656173652074727920616761696e3c2f703e223b5f5f63695f766172737c613a313a7b733a353a226572726f72223b733a333a226f6c64223b7d),
('jnl1lvcrdvuhtd32f7dmk8kqnuj3nsh2', '::1', 1606501085, 0x5f5f63695f6c6173745f726567656e65726174657c693a313630363530303831353b6964656e746974797c733a353a2261646d696e223b757365726e616d657c733a353a2261646d696e223b656d61696c7c733a31383a2261646d696e4074656364696172792e636f6d223b757365725f69647c733a313a2231223b66697273745f6e616d657c733a353a2241646d696e223b6c6173745f6e616d657c733a353a2241646d696e223b637265617465645f6f6e7c733a32343a22546875203235204a756e20323031352031303a353920414d223b6f6c645f6c6173745f6c6f67696e7c733a31303a2231353935373333353434223b6c6173745f69707c733a333a223a3a31223b6176617461727c4e3b67656e6465727c733a343a226d616c65223b67726f75705f69647c733a313a2231223b73746f72655f69647c733a313a2231223b6861735f73746f72655f69647c4e3b72656769737465725f69647c733a313a2231223b636173685f696e5f68616e647c733a383a223230302e30303030223b72656769737465725f6f70656e5f74696d657c733a31393a22323031392d30332d32302030313a31393a3232223b),
('k0g4nmjp9qvhc4i70srav652i6v7nn56', '::1', 1606728703, 0x5f5f63695f6c6173745f726567656e65726174657c693a313630363732383730333b6964656e746974797c733a353a2261646d696e223b757365726e616d657c733a353a2261646d696e223b656d61696c7c733a31383a2261646d696e406375616e736465762e636f6d223b757365725f69647c733a313a2231223b66697273745f6e616d657c733a353a2241646d696e223b6c6173745f6e616d657c733a353a2241646d696e223b637265617465645f6f6e7c733a32313a22546875203235204a756e20323031352031303a3539223b6f6c645f6c6173745f6c6f67696e7c733a31303a2231363036373039373339223b6c6173745f69707c733a31333a223130332e36362e3139382e3432223b6176617461727c4e3b67656e6465727c733a343a226d616c65223b67726f75705f69647c733a313a2231223b73746f72655f69647c733a313a2231223b6861735f73746f72655f69647c4e3b72656769737465725f69647c733a323a223131223b636173685f696e5f68616e647c733a363a22302e30303030223b72656769737465725f6f70656e5f74696d657c733a31393a22323032302d31312d32392032313a34383a3536223b),
('ktr6hhc7bd5smrj7ff8l03jmgme60ijf', '::1', 1606730612, 0x5f5f63695f6c6173745f726567656e65726174657c693a313630363733303334303b6964656e746974797c733a353a2261646d696e223b757365726e616d657c733a353a2261646d696e223b656d61696c7c733a31383a2261646d696e406375616e736465762e636f6d223b757365725f69647c733a313a2231223b66697273745f6e616d657c733a353a2241646d696e223b6c6173745f6e616d657c733a353a2241646d696e223b637265617465645f6f6e7c733a32313a22546875203235204a756e20323031352031303a3539223b6f6c645f6c6173745f6c6f67696e7c733a31303a2231363036373039373339223b6c6173745f69707c733a31333a223130332e36362e3139382e3432223b6176617461727c4e3b67656e6465727c733a343a226d616c65223b67726f75705f69647c733a313a2231223b73746f72655f69647c733a313a2231223b6861735f73746f72655f69647c4e3b72656769737465725f69647c733a323a223131223b636173685f696e5f68616e647c733a363a22302e30303030223b72656769737465725f6f70656e5f74696d657c733a31393a22323032302d31312d32392032313a34383a3536223b72656d6f76655f73706f7c693a313b),
('lhgnrbedbhc7fontkdpvpl5uud68ia0m', '127.0.0.1', 1589477264, 0x5f5f63695f6c6173745f726567656e65726174657c693a313538393437373236333b6964656e746974797c733a353a2261646d696e223b757365726e616d657c733a353a2261646d696e223b656d61696c7c733a31383a2261646d696e4074656364696172792e636f6d223b757365725f69647c733a313a2231223b66697273745f6e616d657c733a353a2241646d696e223b6c6173745f6e616d657c733a353a2241646d696e223b637265617465645f6f6e7c733a32343a22546875203235204a756e20323031352031303a353920414d223b6f6c645f6c6173745f6c6f67696e7c733a31303a2231353839333831313337223b6c6173745f69707c733a333a223a3a31223b6176617461727c4e3b67656e6465727c733a343a226d616c65223b67726f75705f69647c733a313a2231223b73746f72655f69647c733a313a2231223b6861735f73746f72655f69647c4e3b72656769737465725f69647c733a313a2231223b636173685f696e5f68616e647c733a383a223230302e30303030223b72656769737465725f6f70656e5f74696d657c733a31393a22323031392d30332d32302030313a31393a3232223b),
('nuhv5l4b4fc6teip5t0du1o20b8cfrfh', '::1', 1606794566, 0x5f5f63695f6c6173745f726567656e65726174657c693a313630363739343536363b6964656e746974797c733a353a2261646d696e223b757365726e616d657c733a353a2261646d696e223b656d61696c7c733a31383a2261646d696e406375616e736465762e636f6d223b757365725f69647c733a313a2231223b66697273745f6e616d657c733a353a2241646d696e223b6c6173745f6e616d657c733a353a2241646d696e223b637265617465645f6f6e7c733a32313a22546875203235204a756e20323031352031303a3539223b6f6c645f6c6173745f6c6f67696e7c733a31303a2231363036373237363532223b6c6173745f69707c733a333a223a3a31223b6176617461727c4e3b67656e6465727c733a343a226d616c65223b67726f75705f69647c733a313a2231223b73746f72655f69647c733a313a2231223b6861735f73746f72655f69647c4e3b72656769737465725f69647c733a323a223131223b636173685f696e5f68616e647c733a363a22302e30303030223b72656769737465725f6f70656e5f74696d657c733a31393a22323032302d31312d32392032313a34383a3536223b72656d6f76655f73706f7c693a313b),
('ohbc950nk8rrcod0al7rj6qtdgv993ke', '::1', 1606795248, 0x5f5f63695f6c6173745f726567656e65726174657c693a313630363739353234383b6964656e746974797c733a353a2261646d696e223b757365726e616d657c733a353a2261646d696e223b656d61696c7c733a31383a2261646d696e406375616e736465762e636f6d223b757365725f69647c733a313a2231223b66697273745f6e616d657c733a353a2241646d696e223b6c6173745f6e616d657c733a353a2241646d696e223b637265617465645f6f6e7c733a32313a22546875203235204a756e20323031352031303a3539223b6f6c645f6c6173745f6c6f67696e7c733a31303a2231363036373237363532223b6c6173745f69707c733a333a223a3a31223b6176617461727c4e3b67656e6465727c733a343a226d616c65223b67726f75705f69647c733a313a2231223b73746f72655f69647c733a313a2231223b6861735f73746f72655f69647c4e3b72656769737465725f69647c733a323a223131223b636173685f696e5f68616e647c733a363a22302e30303030223b72656769737465725f6f70656e5f74696d657c733a31393a22323032302d31312d32392032313a34383a3536223b72656d6f76655f73706f7c693a313b),
('pvvk31k8dfn91osnahoujcdvmb5ojd1o', '::1', 1606727940, 0x5f5f63695f6c6173745f726567656e65726174657c693a313630363732373934303b6964656e746974797c733a353a2261646d696e223b757365726e616d657c733a353a2261646d696e223b656d61696c7c733a31383a2261646d696e406375616e736465762e636f6d223b757365725f69647c733a313a2231223b66697273745f6e616d657c733a353a2241646d696e223b6c6173745f6e616d657c733a353a2241646d696e223b637265617465645f6f6e7c733a32313a22546875203235204a756e20323031352031303a3539223b6f6c645f6c6173745f6c6f67696e7c733a31303a2231363036373039373339223b6c6173745f69707c733a31333a223130332e36362e3139382e3432223b6176617461727c4e3b67656e6465727c733a343a226d616c65223b67726f75705f69647c733a313a2231223b73746f72655f69647c733a313a2231223b6861735f73746f72655f69647c4e3b72656769737465725f69647c733a323a223131223b636173685f696e5f68616e647c733a363a22302e30303030223b72656769737465725f6f70656e5f74696d657c733a31393a22323032302d31312d32392032313a34383a3536223b),
('qar4hvc01bjvd0o2r2a2nqej84dtpps1', '::1', 1606794900, 0x5f5f63695f6c6173745f726567656e65726174657c693a313630363739343930303b6964656e746974797c733a353a2261646d696e223b757365726e616d657c733a353a2261646d696e223b656d61696c7c733a31383a2261646d696e406375616e736465762e636f6d223b757365725f69647c733a313a2231223b66697273745f6e616d657c733a353a2241646d696e223b6c6173745f6e616d657c733a353a2241646d696e223b637265617465645f6f6e7c733a32313a22546875203235204a756e20323031352031303a3539223b6f6c645f6c6173745f6c6f67696e7c733a31303a2231363036373237363532223b6c6173745f69707c733a333a223a3a31223b6176617461727c4e3b67656e6465727c733a343a226d616c65223b67726f75705f69647c733a313a2231223b73746f72655f69647c733a313a2231223b6861735f73746f72655f69647c4e3b72656769737465725f69647c733a323a223131223b636173685f696e5f68616e647c733a363a22302e30303030223b72656769737465725f6f70656e5f74696d657c733a31393a22323032302d31312d32392032313a34383a3536223b72656d6f76655f73706f7c693a313b),
('qlbnb8lmaso7rk6id5f2uumfk2k4k9ht', '::1', 1589381383, 0x5f5f63695f6c6173745f726567656e65726174657c693a313538393338313039323b6964656e746974797c733a353a2261646d696e223b757365726e616d657c733a353a2261646d696e223b656d61696c7c733a31383a2261646d696e4074656364696172792e636f6d223b757365725f69647c733a313a2231223b66697273745f6e616d657c733a353a2241646d696e223b6c6173745f6e616d657c733a353a2241646d696e223b637265617465645f6f6e7c733a32343a22546875203235204a756e20323031352030353a353920414d223b6f6c645f6c6173745f6c6f67696e7c733a31303a2231353533303139343436223b6c6173745f69707c733a333a223a3a31223b6176617461727c4e3b67656e6465727c733a343a226d616c65223b67726f75705f69647c733a313a2231223b73746f72655f69647c733a313a2231223b6861735f73746f72655f69647c4e3b72656769737465725f69647c733a313a2231223b636173685f696e5f68616e647c733a383a223230302e30303030223b72656769737465725f6f70656e5f74696d657c733a31393a22323031392d30332d32302030313a31393a3232223b),
('s061ihma505h3qj5jfvrees4n8gmv7bl', '::1', 1597854781, 0x5f5f63695f6c6173745f726567656e65726174657c693a313539373835343738313b),
('so49rqqc0bmfgt6vh3ldfutg9s8dj5jf', '::1', 1599316896, 0x5f5f63695f6c6173745f726567656e65726174657c693a313539393331363839363b),
('t0jmevpd63dn6gpjn603636vni2apsf7', '::1', 1606795983, 0x5f5f63695f6c6173745f726567656e65726174657c693a313630363739353938333b6964656e746974797c733a353a2261646d696e223b757365726e616d657c733a353a2261646d696e223b656d61696c7c733a31383a2261646d696e406375616e736465762e636f6d223b757365725f69647c733a313a2231223b66697273745f6e616d657c733a353a2241646d696e223b6c6173745f6e616d657c733a353a2241646d696e223b637265617465645f6f6e7c733a32313a22546875203235204a756e20323031352031303a3539223b6f6c645f6c6173745f6c6f67696e7c733a31303a2231363036373237363532223b6c6173745f69707c733a333a223a3a31223b6176617461727c4e3b67656e6465727c733a343a226d616c65223b67726f75705f69647c733a313a2231223b73746f72655f69647c733a313a2231223b6861735f73746f72655f69647c4e3b72656769737465725f69647c733a323a223131223b636173685f696e5f68616e647c733a363a22302e30303030223b72656769737465725f6f70656e5f74696d657c733a31393a22323032302d31312d32392032313a34383a3536223b72656d6f76655f73706f7c693a313b),
('tq24t8uuukseq48kub4dg7okdh8uivt7', '::1', 1606730340, 0x5f5f63695f6c6173745f726567656e65726174657c693a313630363733303334303b6964656e746974797c733a353a2261646d696e223b757365726e616d657c733a353a2261646d696e223b656d61696c7c733a31383a2261646d696e406375616e736465762e636f6d223b757365725f69647c733a313a2231223b66697273745f6e616d657c733a353a2241646d696e223b6c6173745f6e616d657c733a353a2241646d696e223b637265617465645f6f6e7c733a32313a22546875203235204a756e20323031352031303a3539223b6f6c645f6c6173745f6c6f67696e7c733a31303a2231363036373039373339223b6c6173745f69707c733a31333a223130332e36362e3139382e3432223b6176617461727c4e3b67656e6465727c733a343a226d616c65223b67726f75705f69647c733a313a2231223b73746f72655f69647c733a313a2231223b6861735f73746f72655f69647c4e3b72656769737465725f69647c733a323a223131223b636173685f696e5f68616e647c733a363a22302e30303030223b72656769737465725f6f70656e5f74696d657c733a31393a22323032302d31312d32392032313a34383a3536223b),
('uqollj31b5595j2u4li7h96rkdk84khb', '::1', 1606730013, 0x5f5f63695f6c6173745f726567656e65726174657c693a313630363733303031333b6964656e746974797c733a353a2261646d696e223b757365726e616d657c733a353a2261646d696e223b656d61696c7c733a31383a2261646d696e406375616e736465762e636f6d223b757365725f69647c733a313a2231223b66697273745f6e616d657c733a353a2241646d696e223b6c6173745f6e616d657c733a353a2241646d696e223b637265617465645f6f6e7c733a32313a22546875203235204a756e20323031352031303a3539223b6f6c645f6c6173745f6c6f67696e7c733a31303a2231363036373039373339223b6c6173745f69707c733a31333a223130332e36362e3139382e3432223b6176617461727c4e3b67656e6465727c733a343a226d616c65223b67726f75705f69647c733a313a2231223b73746f72655f69647c733a313a2231223b6861735f73746f72655f69647c4e3b72656769737465725f69647c733a323a223131223b636173685f696e5f68616e647c733a363a22302e30303030223b72656769737465725f6f70656e5f74696d657c733a31393a22323032302d31312d32392032313a34383a3536223b),
('v4r9g53e8ekebc2r5j1lqd03orbppqmb', '::1', 1553019562, 0x5f5f63695f6c6173745f726567656e65726174657c693a313535333031393434363b6964656e746974797c733a31383a2261646d696e4074656364696172792e636f6d223b757365726e616d657c733a353a2261646d696e223b656d61696c7c733a31383a2261646d696e4074656364696172792e636f6d223b757365725f69647c733a313a2231223b66697273745f6e616d657c733a353a2241646d696e223b6c6173745f6e616d657c733a353a2241646d696e223b637265617465645f6f6e7c733a32343a22546875203235204a756e20323031352030353a353920414d223b6f6c645f6c6173745f6c6f67696e7c733a31303a2231353533303134303632223b6c6173745f69707c733a31333a2238302e32332e3132312e313134223b6176617461727c4e3b67656e6465727c733a343a226d616c65223b67726f75705f69647c733a313a2231223b73746f72655f69647c693a313b6861735f73746f72655f69647c4e3b6d6573736167657c733a31343a2257656c636f6d6520746f20504f53223b5f5f63695f766172737c613a313a7b733a373a226d657373616765223b733a333a226f6c64223b7d72656769737465725f69647c733a313a2231223b636173685f696e5f68616e647c733a383a223230302e30303030223b72656769737465725f6f70656e5f74696d657c733a31393a22323031392d30332d31392032303a31393a3232223b);

-- --------------------------------------------------------

--
-- Struktur dari tabel `tec_settings`
--

CREATE TABLE `tec_settings` (
  `setting_id` int(1) NOT NULL,
  `logo` varchar(255) NOT NULL,
  `site_name` varchar(55) NOT NULL,
  `tel` varchar(20) NOT NULL,
  `dateformat` varchar(20) DEFAULT NULL,
  `timeformat` varchar(20) DEFAULT NULL,
  `default_email` varchar(100) NOT NULL,
  `language` varchar(20) NOT NULL,
  `version` varchar(10) NOT NULL DEFAULT '1.0',
  `theme` varchar(20) NOT NULL,
  `timezone` varchar(255) NOT NULL DEFAULT '0',
  `protocol` varchar(20) NOT NULL DEFAULT 'mail',
  `smtp_host` varchar(255) DEFAULT NULL,
  `smtp_user` varchar(100) DEFAULT NULL,
  `smtp_pass` varchar(255) DEFAULT NULL,
  `smtp_port` varchar(10) DEFAULT '25',
  `smtp_crypto` varchar(5) DEFAULT NULL,
  `mmode` tinyint(1) NOT NULL,
  `captcha` tinyint(1) NOT NULL DEFAULT '1',
  `mailpath` varchar(55) DEFAULT NULL,
  `currency_prefix` varchar(3) NOT NULL,
  `default_customer` int(11) NOT NULL,
  `default_tax_rate` varchar(20) NOT NULL,
  `rows_per_page` int(2) NOT NULL,
  `total_rows` int(2) NOT NULL,
  `header` varchar(1000) DEFAULT NULL,
  `footer` varchar(1000) DEFAULT NULL,
  `bsty` tinyint(4) NOT NULL,
  `display_kb` tinyint(4) NOT NULL,
  `default_category` int(11) NOT NULL,
  `default_discount` varchar(20) NOT NULL,
  `item_addition` tinyint(1) NOT NULL,
  `barcode_symbology` varchar(55) DEFAULT NULL,
  `pro_limit` tinyint(4) NOT NULL,
  `decimals` tinyint(1) NOT NULL DEFAULT '2',
  `thousands_sep` varchar(2) NOT NULL DEFAULT ',',
  `decimals_sep` varchar(2) NOT NULL DEFAULT '.',
  `focus_add_item` varchar(55) DEFAULT NULL,
  `add_customer` varchar(55) DEFAULT NULL,
  `toggle_category_slider` varchar(55) DEFAULT NULL,
  `cancel_sale` varchar(55) DEFAULT NULL,
  `suspend_sale` varchar(55) DEFAULT NULL,
  `print_order` varchar(55) DEFAULT NULL,
  `print_bill` varchar(55) DEFAULT NULL,
  `finalize_sale` varchar(55) DEFAULT NULL,
  `today_sale` varchar(55) DEFAULT NULL,
  `open_hold_bills` varchar(55) DEFAULT NULL,
  `close_register` varchar(55) DEFAULT NULL,
  `java_applet` tinyint(1) NOT NULL,
  `receipt_printer` varchar(55) DEFAULT NULL,
  `pos_printers` varchar(255) DEFAULT NULL,
  `cash_drawer_codes` varchar(55) DEFAULT NULL,
  `char_per_line` tinyint(4) DEFAULT '42',
  `rounding` tinyint(1) DEFAULT '0',
  `pin_code` varchar(20) DEFAULT NULL,
  `stripe` tinyint(1) DEFAULT NULL,
  `stripe_secret_key` varchar(100) DEFAULT NULL,
  `stripe_publishable_key` varchar(100) DEFAULT NULL,
  `purchase_code` varchar(100) DEFAULT NULL,
  `envato_username` varchar(50) DEFAULT NULL,
  `theme_style` varchar(25) DEFAULT 'green',
  `after_sale_page` tinyint(1) DEFAULT NULL,
  `overselling` tinyint(1) DEFAULT '1',
  `multi_store` tinyint(1) DEFAULT NULL,
  `qty_decimals` tinyint(1) DEFAULT '2',
  `symbol` varchar(55) DEFAULT NULL,
  `sac` tinyint(1) DEFAULT '0',
  `display_symbol` tinyint(1) DEFAULT NULL,
  `remote_printing` tinyint(1) DEFAULT '1',
  `printer` int(11) DEFAULT NULL,
  `order_printers` varchar(55) DEFAULT NULL,
  `auto_print` tinyint(1) DEFAULT '0',
  `local_printers` tinyint(1) DEFAULT NULL,
  `rtl` tinyint(1) DEFAULT NULL,
  `print_img` tinyint(1) DEFAULT NULL
) ENGINE=InnoDB DEFAULT CHARSET=utf8;

--
-- Dumping data untuk tabel `tec_settings`
--

INSERT INTO `tec_settings` (`setting_id`, `logo`, `site_name`, `tel`, `dateformat`, `timeformat`, `default_email`, `language`, `version`, `theme`, `timezone`, `protocol`, `smtp_host`, `smtp_user`, `smtp_pass`, `smtp_port`, `smtp_crypto`, `mmode`, `captcha`, `mailpath`, `currency_prefix`, `default_customer`, `default_tax_rate`, `rows_per_page`, `total_rows`, `header`, `footer`, `bsty`, `display_kb`, `default_category`, `default_discount`, `item_addition`, `barcode_symbology`, `pro_limit`, `decimals`, `thousands_sep`, `decimals_sep`, `focus_add_item`, `add_customer`, `toggle_category_slider`, `cancel_sale`, `suspend_sale`, `print_order`, `print_bill`, `finalize_sale`, `today_sale`, `open_hold_bills`, `close_register`, `java_applet`, `receipt_printer`, `pos_printers`, `cash_drawer_codes`, `char_per_line`, `rounding`, `pin_code`, `stripe`, `stripe_secret_key`, `stripe_publishable_key`, `purchase_code`, `envato_username`, `theme_style`, `after_sale_page`, `overselling`, `multi_store`, `qty_decimals`, `symbol`, `sac`, `display_symbol`, `remote_printing`, `printer`, `order_printers`, `auto_print`, `local_printers`, `rtl`, `print_img`) VALUES
(1, 'logo1.png', 'SUMBER SUBUR POS', '0105292122', 'D j M Y', 'H:i', 'nugiscumi999@gmail.com', 'indonesian', '4.0.28', 'default', 'Asia/Kuala_Lumpur', 'mail', 'pop.gmail.com', 'noreply@spos.tecdiary.my', '', '25', '', 0, 0, NULL, 'IDR', 1, '0%', 10, 30, NULL, NULL, 2, 0, 1, '0', 1, NULL, 10, 0, '.', ',', 'ALT+F1', 'ALT+F2', 'ALT+F10', 'ALT+F5', 'ALT+F6', 'ALT+F11', 'ALT+F12', 'ALT+F8', 'Ctrl+F1', 'Ctrl+F2', 'ALT+F7', 0, '', '', '', 42, 1, NULL, 0, '', '', '', '', 'blue-light', 0, 0, 0, 0, 'Rp', 0, 1, 1, 1, 'null', 0, 1, 0, 0);

-- --------------------------------------------------------

--
-- Struktur dari tabel `tec_stores`
--

CREATE TABLE `tec_stores` (
  `id` int(11) NOT NULL,
  `name` varchar(50) NOT NULL,
  `code` varchar(20) NOT NULL,
  `logo` varchar(40) DEFAULT NULL,
  `email` varchar(100) DEFAULT NULL,
  `phone` varchar(15) NOT NULL,
  `address1` varchar(50) DEFAULT NULL,
  `address2` varchar(50) DEFAULT NULL,
  `city` varchar(20) DEFAULT NULL,
  `state` varchar(20) DEFAULT NULL,
  `postal_code` varchar(8) DEFAULT NULL,
  `country` varchar(25) DEFAULT NULL,
  `currency_code` varchar(3) DEFAULT NULL,
  `receipt_header` text,
  `receipt_footer` text
) ENGINE=InnoDB DEFAULT CHARSET=utf8;

--
-- Dumping data untuk tabel `tec_stores`
--

INSERT INTO `tec_stores` (`id`, `name`, `code`, `logo`, `email`, `phone`, `address1`, `address2`, `city`, `state`, `postal_code`, `country`, `currency_code`, `receipt_header`, `receipt_footer`) VALUES
(1, 'SUMBER SUBUR', 'POS', '895800c6c7b403946a184fc4be94de40.png', 'waroenkmimo999@gmail.com', '012345678', 'Address Line 1', '', 'Cipinang', 'Backstrad', '131410', 'Indonesia', 'MYR', '', 'This is receipt footer for store');

-- --------------------------------------------------------

--
-- Struktur dari tabel `tec_suppliers`
--

CREATE TABLE `tec_suppliers` (
  `id` int(11) NOT NULL,
  `name` varchar(55) NOT NULL,
  `cf1` varchar(255) NOT NULL,
  `cf2` varchar(255) NOT NULL,
  `phone` varchar(20) NOT NULL,
  `email` varchar(100) NOT NULL
) ENGINE=InnoDB DEFAULT CHARSET=utf8;

--
-- Dumping data untuk tabel `tec_suppliers`
--

INSERT INTO `tec_suppliers` (`id`, `name`, `cf1`, `cf2`, `phone`, `email`) VALUES
(1, 'Test Supplier', '1', '2', '0123456789', 'supplier@tecdairy.com'),
(2, 'SUPLIER CABE', '', '', '021021', 'CABE@GGMAIL.COM');

-- --------------------------------------------------------

--
-- Struktur dari tabel `tec_suspended_items`
--

CREATE TABLE `tec_suspended_items` (
  `id` int(11) NOT NULL,
  `suspend_id` int(11) NOT NULL,
  `product_id` int(11) NOT NULL,
  `quantity` decimal(15,4) NOT NULL,
  `unit_price` decimal(25,4) NOT NULL,
  `net_unit_price` decimal(25,4) NOT NULL,
  `discount` varchar(20) DEFAULT NULL,
  `item_discount` decimal(25,4) DEFAULT NULL,
  `tax` int(20) DEFAULT NULL,
  `item_tax` decimal(25,4) DEFAULT NULL,
  `subtotal` decimal(25,4) NOT NULL,
  `real_unit_price` decimal(25,4) DEFAULT NULL,
  `product_code` varchar(50) DEFAULT NULL,
  `product_name` varchar(50) DEFAULT NULL,
  `comment` varchar(255) DEFAULT NULL
) ENGINE=InnoDB DEFAULT CHARSET=utf8;

-- --------------------------------------------------------

--
-- Struktur dari tabel `tec_suspended_sales`
--

CREATE TABLE `tec_suspended_sales` (
  `id` int(11) NOT NULL,
  `date` datetime NOT NULL,
  `customer_id` int(11) NOT NULL,
  `customer_name` varchar(55) NOT NULL,
  `total` decimal(25,4) NOT NULL,
  `product_discount` decimal(25,4) DEFAULT NULL,
  `order_discount_id` varchar(20) DEFAULT NULL,
  `order_discount` decimal(25,4) DEFAULT NULL,
  `total_discount` decimal(25,4) DEFAULT NULL,
  `product_tax` decimal(25,4) DEFAULT NULL,
  `order_tax_id` varchar(20) DEFAULT NULL,
  `order_tax` decimal(25,4) DEFAULT NULL,
  `total_tax` decimal(25,4) DEFAULT NULL,
  `grand_total` decimal(25,4) NOT NULL,
  `total_items` int(11) DEFAULT NULL,
  `total_quantity` decimal(15,4) DEFAULT NULL,
  `paid` decimal(25,4) DEFAULT NULL,
  `created_by` int(11) DEFAULT NULL,
  `updated_by` int(11) DEFAULT NULL,
  `updated_at` datetime DEFAULT NULL,
  `note` varchar(1000) DEFAULT NULL,
  `hold_ref` varchar(255) DEFAULT NULL,
  `store_id` int(11) NOT NULL DEFAULT '1'
) ENGINE=InnoDB DEFAULT CHARSET=utf8;

-- --------------------------------------------------------

--
-- Struktur dari tabel `tec_users`
--

CREATE TABLE `tec_users` (
  `id` int(11) UNSIGNED NOT NULL,
  `last_ip_address` varbinary(45) DEFAULT NULL,
  `ip_address` varbinary(45) DEFAULT NULL,
  `username` varchar(100) NOT NULL,
  `password` varchar(40) NOT NULL,
  `salt` varchar(40) DEFAULT NULL,
  `email` varchar(100) NOT NULL,
  `activation_code` varchar(40) DEFAULT NULL,
  `forgotten_password_code` varchar(40) DEFAULT NULL,
  `forgotten_password_time` int(11) UNSIGNED DEFAULT NULL,
  `remember_code` varchar(40) DEFAULT NULL,
  `created_on` int(11) UNSIGNED NOT NULL,
  `last_login` int(11) UNSIGNED DEFAULT NULL,
  `active` tinyint(1) UNSIGNED DEFAULT NULL,
  `first_name` varchar(50) DEFAULT NULL,
  `last_name` varchar(50) DEFAULT NULL,
  `company` varchar(100) DEFAULT NULL,
  `phone` varchar(20) DEFAULT NULL,
  `avatar` varchar(55) DEFAULT NULL,
  `gender` varchar(20) DEFAULT NULL,
  `group_id` int(11) UNSIGNED NOT NULL DEFAULT '2',
  `store_id` int(11) DEFAULT NULL
) ENGINE=InnoDB DEFAULT CHARSET=utf8;

--
-- Dumping data untuk tabel `tec_users`
--

INSERT INTO `tec_users` (`id`, `last_ip_address`, `ip_address`, `username`, `password`, `salt`, `email`, `activation_code`, `forgotten_password_code`, `forgotten_password_time`, `remember_code`, `created_on`, `last_login`, `active`, `first_name`, `last_name`, `company`, `phone`, `avatar`, `gender`, `group_id`, `store_id`) VALUES
(1, 0x3a3a31, 0x3132372e302e302e31, 'admin', 'fe941d48eb1fbce34b4588ae500861570fb0e398', NULL, 'admin@cuansdev.com', NULL, NULL, NULL, 'b2d2c8fd5d9a5f19901279ac74cec92dc15ac970', 1435204774, 1606793834, 1, 'Admin', 'Admin', 'Cuansdev', '012345678', NULL, 'male', 1, NULL),
(2, NULL, 0x3130332e3231332e3132382e323534, 'bayu', '36fffd7e5a4b88f7b4bfc7f6854544a120f74ab8', NULL, 'bayoewa@gmail.com', NULL, NULL, NULL, NULL, 1606535740, 1606535740, 1, 'Bayu', 'War', NULL, '08888', NULL, 'male', 2, 1),
(3, 0x3131342e352e3231312e3531, 0x3131322e3231352e3233352e323235, 'kasir', '9864e0f0337fbadaed1fe31320300928552e2e82', NULL, 'kasir@sumbersubur.xyz', NULL, NULL, NULL, '974c4ea17b3e6e918e450c5df7929e6a1bc3272a', 1606569552, 1606707580, 1, 'kasir', 'sumbersubur', NULL, '12345678', NULL, 'male', 2, 1);

-- --------------------------------------------------------

--
-- Struktur dari tabel `tec_user_logins`
--

CREATE TABLE `tec_user_logins` (
  `id` int(11) NOT NULL,
  `user_id` int(11) NOT NULL,
  `company_id` int(11) DEFAULT NULL,
  `ip_address` varbinary(16) NOT NULL,
  `login` varchar(100) NOT NULL,
  `time` timestamp NULL DEFAULT CURRENT_TIMESTAMP
) ENGINE=InnoDB DEFAULT CHARSET=utf8;

--
-- Dumping data untuk tabel `tec_user_logins`
--

INSERT INTO `tec_user_logins` (`id`, `user_id`, `company_id`, `ip_address`, `login`, `time`) VALUES
(1, 1, NULL, 0x38302e32332e3132312e313134, 'admin@tecdiary.com', '2019-03-19 16:47:42'),
(2, 1, NULL, 0x3a3a31, 'admin@tecdiary.com', '2019-03-19 18:17:26'),
(3, 1, NULL, 0x3a3a31, 'admin', '2020-05-13 14:45:37'),
(4, 1, NULL, 0x3132372e302e302e31, 'admin', '2020-05-14 17:07:01'),
(5, 1, NULL, 0x3a3a31, 'admin', '2020-07-26 03:19:04'),
(6, 1, NULL, 0x3a3a31, 'admin', '2020-11-27 18:16:15'),
(7, 1, NULL, 0x3131322e3231352e3233352e323235, 'admin', '2020-11-27 18:50:48'),
(8, 1, NULL, 0x3131322e3231352e3233352e323235, 'admin', '2020-11-27 19:14:34'),
(9, 1, NULL, 0x3131342e342e3231322e3732, 'Admin', '2020-11-28 00:29:21'),
(10, 1, NULL, 0x3131342e342e3231322e3732, 'Admin', '2020-11-28 00:30:01'),
(11, 1, NULL, 0x3131342e342e3231322e3732, 'admin', '2020-11-28 02:44:27'),
(12, 1, NULL, 0x3130332e3231332e3132382e323534, 'Admin ', '2020-11-28 03:11:14'),
(13, 1, NULL, 0x3130332e3231332e3132382e323534, 'admin', '2020-11-28 03:46:20'),
(14, 1, NULL, 0x3130332e3231332e3132382e323534, 'admin', '2020-11-28 03:48:08'),
(15, 1, NULL, 0x3131322e3231352e3233352e323235, 'admin', '2020-11-28 05:01:10'),
(16, 1, NULL, 0x3131342e342e3231322e3732, 'admin', '2020-11-28 05:09:20'),
(17, 1, NULL, 0x3130332e3231332e3132382e323534, 'admin', '2020-11-28 05:34:43'),
(18, 1, NULL, 0x3130332e3231332e3132382e323534, 'admin', '2020-11-28 05:35:14'),
(19, 1, NULL, 0x3130332e3231332e3132382e323534, 'admin', '2020-11-28 05:35:47'),
(20, 1, NULL, 0x3131342e342e3231322e3732, 'admin', '2020-11-28 05:42:54'),
(21, 1, NULL, 0x3131322e3231352e3233352e323235, 'admin', '2020-11-28 09:02:19'),
(22, 1, NULL, 0x3131342e352e3231312e3531, 'admin', '2020-11-28 12:34:46'),
(23, 1, NULL, 0x3131322e3231352e3233352e323235, 'admin', '2020-11-28 13:01:08'),
(24, 3, NULL, 0x3131322e3231352e3233352e323235, 'kasir', '2020-11-28 13:19:29'),
(25, 3, NULL, 0x3131342e352e3231312e3531, 'kasir', '2020-11-28 13:35:42'),
(26, 1, NULL, 0x3130332e3231332e3132392e3938, 'admin', '2020-11-28 18:35:36'),
(27, 3, NULL, 0x3131342e352e3231312e3531, 'kasir', '2020-11-29 04:29:35'),
(28, 1, NULL, 0x3131342e352e3231312e3531, 'admin', '2020-11-29 04:31:52'),
(29, 1, NULL, 0x3131342e352e3231312e3531, 'admin', '2020-11-29 08:21:43'),
(30, 3, NULL, 0x3131342e352e3231312e3531, 'kasir', '2020-11-29 08:30:19'),
(31, 1, NULL, 0x3131342e352e3231312e3531, 'admin', '2020-11-29 08:35:14'),
(32, 1, NULL, 0x3130332e3231332e3132382e313138, 'admin', '2020-11-29 14:48:43'),
(33, 1, NULL, 0x3130332e36362e3139382e3432, 'Admin ', '2020-11-30 03:36:22'),
(34, 1, NULL, 0x3131342e352e3231312e3531, 'Admin', '2020-11-30 03:36:23'),
(35, 3, NULL, 0x3131342e352e3231312e3531, 'Kasir', '2020-11-30 03:39:40'),
(36, 1, NULL, 0x3131342e352e3231312e3531, 'Admin', '2020-11-30 03:41:24'),
(37, 1, NULL, 0x3130332e36362e3139382e3432, 'admin', '2020-11-30 04:15:40'),
(38, 1, NULL, 0x3a3a31, 'admin', '2020-11-30 09:14:12'),
(39, 1, NULL, 0x3a3a31, 'admin', '2020-12-01 03:37:14');

--
-- Indexes for dumped tables
--

--
-- Indeks untuk tabel `tec_categories`
--
ALTER TABLE `tec_categories`
  ADD PRIMARY KEY (`id`);

--
-- Indeks untuk tabel `tec_combo_items`
--
ALTER TABLE `tec_combo_items`
  ADD PRIMARY KEY (`id`);

--
-- Indeks untuk tabel `tec_customers`
--
ALTER TABLE `tec_customers`
  ADD PRIMARY KEY (`id`);

--
-- Indeks untuk tabel `tec_expenses`
--
ALTER TABLE `tec_expenses`
  ADD PRIMARY KEY (`id`);

--
-- Indeks untuk tabel `tec_gift_cards`
--
ALTER TABLE `tec_gift_cards`
  ADD PRIMARY KEY (`id`),
  ADD UNIQUE KEY `card_no` (`card_no`);

--
-- Indeks untuk tabel `tec_groups`
--
ALTER TABLE `tec_groups`
  ADD PRIMARY KEY (`id`);

--
-- Indeks untuk tabel `tec_login_attempts`
--
ALTER TABLE `tec_login_attempts`
  ADD PRIMARY KEY (`id`);

--
-- Indeks untuk tabel `tec_payments`
--
ALTER TABLE `tec_payments`
  ADD PRIMARY KEY (`id`);

--
-- Indeks untuk tabel `tec_printers`
--
ALTER TABLE `tec_printers`
  ADD PRIMARY KEY (`id`);

--
-- Indeks untuk tabel `tec_products`
--
ALTER TABLE `tec_products`
  ADD PRIMARY KEY (`id`),
  ADD UNIQUE KEY `code` (`code`);

--
-- Indeks untuk tabel `tec_product_store_qty`
--
ALTER TABLE `tec_product_store_qty`
  ADD PRIMARY KEY (`id`),
  ADD KEY `product_id` (`product_id`),
  ADD KEY `store_id` (`store_id`);

--
-- Indeks untuk tabel `tec_purchases`
--
ALTER TABLE `tec_purchases`
  ADD PRIMARY KEY (`id`);

--
-- Indeks untuk tabel `tec_purchase_items`
--
ALTER TABLE `tec_purchase_items`
  ADD PRIMARY KEY (`id`);

--
-- Indeks untuk tabel `tec_purchase_payments`
--
ALTER TABLE `tec_purchase_payments`
  ADD PRIMARY KEY (`id`);

--
-- Indeks untuk tabel `tec_registers`
--
ALTER TABLE `tec_registers`
  ADD PRIMARY KEY (`id`);

--
-- Indeks untuk tabel `tec_sales`
--
ALTER TABLE `tec_sales`
  ADD PRIMARY KEY (`id`);

--
-- Indeks untuk tabel `tec_sale_items`
--
ALTER TABLE `tec_sale_items`
  ADD PRIMARY KEY (`id`);

--
-- Indeks untuk tabel `tec_sessions`
--
ALTER TABLE `tec_sessions`
  ADD PRIMARY KEY (`id`),
  ADD KEY `ci_sessions_timestamp` (`timestamp`);

--
-- Indeks untuk tabel `tec_settings`
--
ALTER TABLE `tec_settings`
  ADD PRIMARY KEY (`setting_id`);

--
-- Indeks untuk tabel `tec_stores`
--
ALTER TABLE `tec_stores`
  ADD PRIMARY KEY (`id`);

--
-- Indeks untuk tabel `tec_suppliers`
--
ALTER TABLE `tec_suppliers`
  ADD PRIMARY KEY (`id`);

--
-- Indeks untuk tabel `tec_suspended_items`
--
ALTER TABLE `tec_suspended_items`
  ADD PRIMARY KEY (`id`);

--
-- Indeks untuk tabel `tec_suspended_sales`
--
ALTER TABLE `tec_suspended_sales`
  ADD PRIMARY KEY (`id`);

--
-- Indeks untuk tabel `tec_users`
--
ALTER TABLE `tec_users`
  ADD PRIMARY KEY (`id`),
  ADD KEY `group_id` (`group_id`);

--
-- Indeks untuk tabel `tec_user_logins`
--
ALTER TABLE `tec_user_logins`
  ADD PRIMARY KEY (`id`);

--
-- AUTO_INCREMENT untuk tabel yang dibuang
--

--
-- AUTO_INCREMENT untuk tabel `tec_categories`
--
ALTER TABLE `tec_categories`
  MODIFY `id` int(11) NOT NULL AUTO_INCREMENT, AUTO_INCREMENT=2;

--
-- AUTO_INCREMENT untuk tabel `tec_combo_items`
--
ALTER TABLE `tec_combo_items`
  MODIFY `id` int(11) NOT NULL AUTO_INCREMENT;

--
-- AUTO_INCREMENT untuk tabel `tec_customers`
--
ALTER TABLE `tec_customers`
  MODIFY `id` int(11) NOT NULL AUTO_INCREMENT, AUTO_INCREMENT=2;

--
-- AUTO_INCREMENT untuk tabel `tec_expenses`
--
ALTER TABLE `tec_expenses`
  MODIFY `id` int(11) NOT NULL AUTO_INCREMENT;

--
-- AUTO_INCREMENT untuk tabel `tec_gift_cards`
--
ALTER TABLE `tec_gift_cards`
  MODIFY `id` int(11) NOT NULL AUTO_INCREMENT;

--
-- AUTO_INCREMENT untuk tabel `tec_groups`
--
ALTER TABLE `tec_groups`
  MODIFY `id` mediumint(8) UNSIGNED NOT NULL AUTO_INCREMENT, AUTO_INCREMENT=3;

--
-- AUTO_INCREMENT untuk tabel `tec_login_attempts`
--
ALTER TABLE `tec_login_attempts`
  MODIFY `id` mediumint(8) UNSIGNED NOT NULL AUTO_INCREMENT;

--
-- AUTO_INCREMENT untuk tabel `tec_payments`
--
ALTER TABLE `tec_payments`
  MODIFY `id` int(11) NOT NULL AUTO_INCREMENT, AUTO_INCREMENT=9;

--
-- AUTO_INCREMENT untuk tabel `tec_printers`
--
ALTER TABLE `tec_printers`
  MODIFY `id` int(11) NOT NULL AUTO_INCREMENT, AUTO_INCREMENT=2;

--
-- AUTO_INCREMENT untuk tabel `tec_products`
--
ALTER TABLE `tec_products`
  MODIFY `id` int(11) NOT NULL AUTO_INCREMENT, AUTO_INCREMENT=10;

--
-- AUTO_INCREMENT untuk tabel `tec_product_store_qty`
--
ALTER TABLE `tec_product_store_qty`
  MODIFY `id` int(11) NOT NULL AUTO_INCREMENT, AUTO_INCREMENT=10;

--
-- AUTO_INCREMENT untuk tabel `tec_purchases`
--
ALTER TABLE `tec_purchases`
  MODIFY `id` int(11) NOT NULL AUTO_INCREMENT, AUTO_INCREMENT=11;

--
-- AUTO_INCREMENT untuk tabel `tec_purchase_items`
--
ALTER TABLE `tec_purchase_items`
  MODIFY `id` int(11) NOT NULL AUTO_INCREMENT, AUTO_INCREMENT=19;

--
-- AUTO_INCREMENT untuk tabel `tec_purchase_payments`
--
ALTER TABLE `tec_purchase_payments`
  MODIFY `id` int(11) NOT NULL AUTO_INCREMENT;

--
-- AUTO_INCREMENT untuk tabel `tec_registers`
--
ALTER TABLE `tec_registers`
  MODIFY `id` int(11) NOT NULL AUTO_INCREMENT, AUTO_INCREMENT=12;

--
-- AUTO_INCREMENT untuk tabel `tec_sales`
--
ALTER TABLE `tec_sales`
  MODIFY `id` int(11) NOT NULL AUTO_INCREMENT, AUTO_INCREMENT=9;

--
-- AUTO_INCREMENT untuk tabel `tec_sale_items`
--
ALTER TABLE `tec_sale_items`
  MODIFY `id` int(11) NOT NULL AUTO_INCREMENT, AUTO_INCREMENT=14;

--
-- AUTO_INCREMENT untuk tabel `tec_stores`
--
ALTER TABLE `tec_stores`
  MODIFY `id` int(11) NOT NULL AUTO_INCREMENT, AUTO_INCREMENT=2;

--
-- AUTO_INCREMENT untuk tabel `tec_suppliers`
--
ALTER TABLE `tec_suppliers`
  MODIFY `id` int(11) NOT NULL AUTO_INCREMENT, AUTO_INCREMENT=3;

--
-- AUTO_INCREMENT untuk tabel `tec_suspended_items`
--
ALTER TABLE `tec_suspended_items`
  MODIFY `id` int(11) NOT NULL AUTO_INCREMENT;

--
-- AUTO_INCREMENT untuk tabel `tec_suspended_sales`
--
ALTER TABLE `tec_suspended_sales`
  MODIFY `id` int(11) NOT NULL AUTO_INCREMENT;

--
-- AUTO_INCREMENT untuk tabel `tec_users`
--
ALTER TABLE `tec_users`
  MODIFY `id` int(11) UNSIGNED NOT NULL AUTO_INCREMENT, AUTO_INCREMENT=4;

--
-- AUTO_INCREMENT untuk tabel `tec_user_logins`
--
ALTER TABLE `tec_user_logins`
  MODIFY `id` int(11) NOT NULL AUTO_INCREMENT, AUTO_INCREMENT=40;
COMMIT;

/*!40101 SET CHARACTER_SET_CLIENT=@OLD_CHARACTER_SET_CLIENT */;
/*!40101 SET CHARACTER_SET_RESULTS=@OLD_CHARACTER_SET_RESULTS */;
/*!40101 SET COLLATION_CONNECTION=@OLD_COLLATION_CONNECTION */;
